Intensity Vs Time,CPS
Acquired      : Oct 19 2015  03:14 pm using AcqMethod Mischel3.M
Time [Sec],Mg25,Al27,P31,Ca43,Sr88,Y89,Ba137,La139,Ce140,Pb208,Th232,U238
0.156,0.00,1000.05,2700.34,100.00,0.00,0.00,0.00,0.00,0.00,0.00,0.00,0.00
0.302,100.00,900.04,3400.54,100.00,0.00,0.00,0.00,0.00,0.00,100.00,0.00,0.00
0.448,0.00,1100.06,2600.32,0.00,0.00,0.00,100.00,0.00,0.00,0.00,0.00,0.00
0.594,0.00,600.02,3600.61,0.00,0.00,0.00,0.00,0.00,0.00,100.00,0.00,0.00
0.740,100.00,900.04,3300.51,0.00,0.00,100.00,0.00,0.00,0.00,0.00,0.00,0.00
0.886,0.00,700.02,3000.42,0.00,100.00,0.00,0.00,0.00,0.00,0.00,0.00,0.00
1.032,0.00,800.03,3300.51,100.00,0.00,0.00,0.00,0.00,0.00,100.00,0.00,0.00
1.178,100.00,700.02,3200.48,100.00,0.00,0.00,100.00,100.00,0.00,0.00,0.00,0.00
1.324,0.00,700.02,3000.42,0.00,0.00,0.00,0.00,0.00,0.00,0.00,0.00,0.00
1.470,0.00,1000.05,2300.25,0.00,200.00,0.00,0.00,0.00,0.00,0.00,0.00,0.00
1.616,100.00,900.04,2800.37,100.00,0.00,0.00,0.00,0.00,0.00,0.00,0.00,0.00
1.762,0.00,800.03,2500.29,0.00,0.00,0.00,0.00,0.00,0.00,0.00,0.00,0.00
1.908,0.00,300.00,3100.45,100.00,0.00,0.00,0.00,100.00,0.00,100.00,0.00,0.00
2.054,0.00,1200.07,3700.64,0.00,0.00,0.00,0.00,0.00,0.00,100.00,0.00,0.00
2.200,0.00,1400.09,4701.04,0.00,0.00,0.00,0.00,0.00,0.00,0.00,100.00,0.00
2.346,0.00,300.00,2900.39,0.00,0.00,0.00,0.00,0.00,0.00,0.00,0.00,0.00
2.493,0.00,800.03,2800.37,100.00,0.00,0.00,0.00,0.00,0.00,0.00,0.00,0.00
2.639,100.00,800.03,3400.54,100.00,0.00,0.00,0.00,0.00,0.00,100.00,0.00,0.00
2.785,100.00,1000.05,3400.54,0.00,0.00,0.00,0.00,0.00,0.00,100.00,0.00,0.00
2.931,100.00,700.02,2500.29,100.00,100.00,0.00,200.00,0.00,0.00,0.00,0.00,0.00
3.077,100.00,600.02,2500.29,100.00,0.00,0.00,0.00,100.00,0.00,0.00,0.00,0.00
3.223,200.00,700.02,3300.51,0.00,100.00,0.00,0.00,0.00,0.00,0.00,0.00,0.00
3.369,100.00,800.03,1900.17,200.00,0.00,0.00,0.00,0.00,0.00,0.00,0.00,0.00
3.515,0.00,1600.12,3000.42,0.00,0.00,200.00,0.00,0.00,0.00,0.00,0.00,0.00
3.661,200.00,700.02,2500.29,200.00,0.00,0.00,0.00,0.00,0.00,0.00,0.00,0.00
3.807,100.00,900.04,2300.25,200.00,0.00,0.00,0.00,0.00,0.00,0.00,0.00,0.00
3.953,100.00,800.03,2600.32,300.00,0.00,0.00,0.00,0.00,0.00,0.00,0.00,0.00
4.099,0.00,1000.05,2300.25,0.00,0.00,0.00,0.00,0.00,0.00,0.00,0.00,0.00
4.245,100.00,172176.07,2800.37,0.00,0.00,0.00,0.00,0.00,0.00,100.00,0.00,0.00
4.391,0.00,500.01,2400.27,0.00,0.00,0.00,0.00,0.00,0.00,0.00,0.00,0.00
4.537,0.00,1200.07,2700.34,0.00,0.00,0.00,0.00,0.00,0.00,0.00,0.00,0.00
4.683,0.00,1100.06,2400.27,100.00,0.00,0.00,0.00,0.00,0.00,0.00,0.00,0.00
4.829,0.00,1000.05,2600.32,0.00,0.00,0.00,400.01,0.00,0.00,0.00,0.00,0.00
4.975,0.00,700.02,2000.19,400.01,0.00,0.00,0.00,0.00,0.00,0.00,100.00,0.00
5.121,100.00,500.01,2000.19,0.00,0.00,0.00,0.00,0.00,0.00,0.00,0.00,0.00
5.267,0.00,1200.07,4000.75,0.00,0.00,0.00,0.00,0.00,0.00,0.00,0.00,0.00
5.413,0.00,1100.06,3000.42,0.00,0.00,0.00,0.00,0.00,0.00,100.00,0.00,0.00
5.559,0.00,800.03,3100.45,100.00,0.00,0.00,0.00,0.00,0.00,0.00,0.00,0.00
5.705,0.00,1400.09,3700.64,0.00,0.00,0.00,0.00,0.00,0.00,0.00,0.00,0.00
5.851,100.00,900.04,2400.27,0.00,0.00,0.00,0.00,100.00,0.00,100.00,0.00,0.00
5.997,100.00,400.01,1500.11,100.00,0.00,0.00,0.00,0.00,0.00,200.00,0.00,0.00
6.143,0.00,500.01,3300.51,100.00,0.00,0.00,0.00,0.00,0.00,0.00,0.00,0.00
6.289,0.00,800.03,3400.54,200.00,0.00,0.00,0.00,0.00,0.00,100.00,0.00,0.00
6.435,100.00,1500.11,3700.64,100.00,0.00,0.00,0.00,0.00,0.00,200.00,0.00,0.00
6.581,0.00,400.01,2900.39,200.00,0.00,0.00,0.00,0.00,0.00,0.00,0.00,0.00
6.727,0.00,800.03,3300.51,100.00,0.00,0.00,0.00,0.00,0.00,100.00,0.00,0.00
6.873,0.00,600.02,2500.29,500.01,0.00,0.00,0.00,0.00,0.00,0.00,0.00,0.00
7.018,0.00,1600.12,2400.27,100.00,0.00,0.00,0.00,200.00,0.00,0.00,100.00,0.00
7.165,0.00,900.04,2800.37,0.00,0.00,0.00,0.00,0.00,0.00,0.00,0.00,0.00
7.311,100.00,700.02,2700.34,0.00,0.00,0.00,0.00,100.00,0.00,100.00,0.00,0.00
7.457,0.00,400.01,2000.19,0.00,0.00,0.00,0.00,0.00,0.00,100.00,0.00,0.00
7.603,0.00,2300.25,2900.39,100.00,0.00,0.00,0.00,0.00,0.00,0.00,0.00,0.00
7.749,0.00,1000.05,2300.25,100.00,100.00,0.00,100.00,0.00,0.00,0.00,0.00,0.00
7.895,0.00,900.04,1800.15,200.00,0.00,0.00,0.00,0.00,0.00,0.00,0.00,0.00
8.041,0.00,500.01,3300.51,100.00,0.00,0.00,0.00,0.00,0.00,0.00,0.00,0.00
8.187,0.00,200.00,2900.39,100.00,0.00,0.00,0.00,0.00,0.00,100.00,0.00,0.00
8.333,100.00,800.03,3000.42,0.00,0.00,0.00,0.00,0.00,0.00,200.00,0.00,0.00
8.479,0.00,900.04,2700.34,0.00,0.00,0.00,0.00,0.00,0.00,0.00,0.00,0.00
8.625,100.00,1400.09,2500.29,100.00,100.00,0.00,0.00,0.00,0.00,0.00,0.00,0.00
8.772,0.00,900.04,3700.64,100.00,0.00,0.00,0.00,0.00,0.00,0.00,0.00,0.00
8.918,200.00,500.01,2800.37,200.00,0.00,0.00,0.00,100.00,0.00,0.00,0.00,100.00
9.064,0.00,600.02,2600.32,0.00,0.00,0.00,0.00,0.00,0.00,0.00,0.00,100.00
9.210,0.00,1300.08,3900.71,100.00,0.00,0.00,0.00,100.00,0.00,0.00,0.00,0.00
9.356,0.00,1100.06,3000.42,200.00,0.00,100.00,0.00,0.00,0.00,0.00,0.00,100.00
9.502,0.00,600.02,2200.23,100.00,0.00,0.00,0.00,0.00,0.00,0.00,0.00,0.00
9.648,200.00,1000.05,4100.79,0.00,0.00,0.00,0.00,0.00,0.00,0.00,0.00,0.00
9.794,0.00,1200.07,2900.39,0.00,0.00,0.00,0.00,0.00,0.00,0.00,0.00,0.00
9.940,0.00,400.01,3500.57,100.00,0.00,0.00,0.00,0.00,0.00,0.00,0.00,0.00
10.086,0.00,500.01,3900.71,100.00,0.00,0.00,100.00,0.00,0.00,0.00,0.00,0.00
10.232,0.00,1200.07,3400.54,0.00,0.00,100.00,0.00,0.00,0.00,0.00,0.00,0.00
10.378,0.00,700.02,3000.42,0.00,0.00,0.00,0.00,0.00,0.00,0.00,0.00,0.00
10.524,0.00,500.01,2800.37,0.00,0.00,0.00,0.00,0.00,0.00,0.00,0.00,0.00
10.670,0.00,400.01,2800.37,0.00,0.00,0.00,0.00,0.00,0.00,0.00,0.00,0.00
10.816,0.00,800.03,2900.39,0.00,0.00,0.00,0.00,0.00,0.00,0.00,0.00,0.00
10.962,0.00,900.04,3200.48,0.00,0.00,0.00,0.00,0.00,100.00,0.00,0.00,0.00
11.108,0.00,500.01,2800.37,100.00,0.00,0.00,0.00,0.00,0.00,0.00,0.00,0.00
11.254,0.00,1000.05,2500.29,200.00,0.00,0.00,0.00,0.00,0.00,0.00,0.00,100.00
11.400,100.00,900.04,2500.29,200.00,0.00,0.00,0.00,0.00,0.00,0.00,0.00,0.00
11.546,0.00,700.02,2900.39,0.00,0.00,0.00,0.00,0.00,0.00,0.00,0.00,400.01
11.692,0.00,800.03,2800.37,200.00,0.00,0.00,0.00,0.00,0.00,100.00,0.00,0.00
11.838,0.00,1100.06,3200.48,100.00,0.00,0.00,0.00,0.00,0.00,0.00,0.00,0.00
11.984,0.00,500.01,2800.37,0.00,0.00,0.00,0.00,0.00,0.00,0.00,0.00,0.00
12.130,0.00,1100.06,2000.19,100.00,0.00,0.00,0.00,0.00,0.00,0.00,0.00,0.00
12.276,0.00,500.01,2200.23,0.00,0.00,0.00,0.00,0.00,0.00,0.00,0.00,0.00
12.422,0.00,1000.05,2200.23,300.00,0.00,0.00,0.00,0.00,0.00,0.00,0.00,0.00
12.568,0.00,1100.06,4300.87,100.00,0.00,0.00,0.00,0.00,0.00,100.00,0.00,100.00
12.714,0.00,700.02,3200.48,0.00,0.00,0.00,0.00,0.00,0.00,0.00,0.00,0.00
12.860,0.00,800.03,1900.17,0.00,0.00,0.00,0.00,0.00,0.00,0.00,0.00,0.00
13.006,0.00,800.03,1400.09,0.00,0.00,0.00,0.00,0.00,0.00,0.00,0.00,0.00
13.152,0.00,1000.05,3300.51,100.00,200.00,0.00,0.00,0.00,0.00,0.00,0.00,0.00
13.298,100.00,1000.05,3600.61,200.00,0.00,0.00,0.00,0.00,0.00,0.00,0.00,0.00
13.444,100.00,1100.06,2700.34,0.00,0.00,0.00,0.00,0.00,0.00,0.00,0.00,0.00
13.590,0.00,1100.06,3100.45,0.00,0.00,0.00,0.00,0.00,0.00,0.00,0.00,0.00
13.736,0.00,900.04,2700.34,0.00,0.00,0.00,0.00,0.00,0.00,0.00,0.00,0.00
13.882,0.00,1200.07,2600.32,100.00,0.00,0.00,0.00,0.00,0.00,0.00,0.00,0.00
14.028,0.00,1600.12,2100.21,200.00,0.00,0.00,0.00,0.00,0.00,0.00,0.00,0.00
14.174,0.00,800.03,3100.45,0.00,0.00,0.00,0.00,0.00,0.00,0.00,0.00,0.00
14.320,0.00,1000.05,3500.57,300.00,0.00,0.00,0.00,0.00,0.00,0.00,0.00,0.00
14.466,100.00,1600.12,3700.64,100.00,0.00,0.00,0.00,0.00,0.00,0.00,0.00,0.00
14.612,0.00,600.02,3400.54,0.00,0.00,100.00,0.00,0.00,100.00,0.00,0.00,0.00
14.758,100.00,1000.05,2400.27,100.00,0.00,0.00,0.00,0.00,0.00,0.00,0.00,0.00
14.905,0.00,400.01,2500.29,0.00,0.00,0.00,0.00,0.00,0.00,0.00,0.00,0.00
15.051,0.00,300.00,2900.39,100.00,0.00,0.00,0.00,0.00,0.00,0.00,0.00,0.00
15.197,0.00,1000.05,3000.42,100.00,0.00,0.00,0.00,100.00,0.00,200.00,0.00,0.00
15.343,0.00,800.03,3400.54,0.00,0.00,0.00,0.00,0.00,0.00,0.00,0.00,0.00
15.489,0.00,1100.06,3200.48,200.00,0.00,0.00,0.00,0.00,0.00,0.00,0.00,0.00
15.635,100.00,900.04,3300.51,100.00,0.00,0.00,0.00,0.00,0.00,0.00,0.00,0.00
15.781,0.00,700.02,2000.19,100.00,0.00,0.00,0.00,0.00,0.00,0.00,0.00,0.00
15.927,100.00,600.02,4200.83,0.00,0.00,0.00,0.00,0.00,0.00,100.00,0.00,0.00
16.073,0.00,900.04,2100.21,0.00,0.00,0.00,0.00,0.00,0.00,0.00,0.00,0.00
16.219,100.00,700.02,2600.32,100.00,0.00,0.00,0.00,0.00,0.00,0.00,0.00,0.00
16.365,0.00,700.02,2900.39,100.00,0.00,0.00,0.00,0.00,0.00,0.00,0.00,0.00
16.511,0.00,1100.06,2300.25,300.00,0.00,0.00,0.00,0.00,0.00,100.00,0.00,100.00
16.657,0.00,1100.06,3500.57,200.00,0.00,0.00,0.00,0.00,0.00,0.00,0.00,0.00
16.803,0.00,1200.07,2800.37,100.00,0.00,0.00,0.00,0.00,0.00,0.00,0.00,0.00
16.949,0.00,1000.05,3600.61,100.00,0.00,0.00,0.00,0.00,100.00,0.00,0.00,0.00
17.095,0.00,1100.06,3000.42,0.00,100.00,0.00,0.00,0.00,0.00,0.00,0.00,0.00
17.241,0.00,1000.05,4600.99,0.00,0.00,0.00,0.00,0.00,0.00,0.00,0.00,0.00
17.386,0.00,1000.05,3400.54,100.00,0.00,0.00,0.00,0.00,0.00,0.00,0.00,0.00
17.533,0.00,1300.08,3800.68,100.00,0.00,0.00,0.00,0.00,0.00,100.00,0.00,0.00
17.679,100.00,800.03,3100.45,0.00,0.00,0.00,0.00,0.00,0.00,0.00,0.00,0.00
17.825,100.00,900.04,3100.45,200.00,0.00,0.00,0.00,0.00,100.00,0.00,0.00,100.00
17.971,0.00,1100.06,3500.57,100.00,0.00,0.00,0.00,0.00,0.00,0.00,0.00,0.00
18.117,0.00,1200.07,3400.54,0.00,0.00,0.00,100.00,0.00,0.00,700.03,0.00,0.00
18.263,33953.81,166385.42,16312.47,207919.02,24428.73,200.00,8603.65,1100.06,3700.68,58272.57,300.00,900.04
18.409,95121.08,878278.24,108448.64,1426529.33,123025.25,800.03,31448.72,2500.31,6101.84,145876.63,400.01,1900.19
18.555,176951.70,1824336.56,189061.12,2649494.20,228284.55,1000.05,37870.62,3400.57,6802.29,138369.02,200.00,1900.19
18.701,250704.08,925110.37,206989.46,3007191.47,186460.89,600.02,32050.60,2700.36,2400.28,103947.84,300.00,2400.30
18.847,204231.38,765562.61,226377.45,3379982.11,477126.04,500.01,23727.74,1600.13,2200.24,75791.66,100.00,2900.43
18.993,126442.97,340683.41,213414.24,3465313.75,178217.89,400.01,18116.17,4300.91,1600.13,44902.54,100.00,1700.15
19.139,108143.96,259513.56,209844.44,3082349.48,174658.10,600.02,12707.96,400.01,900.04,25031.90,100.00,2100.23
19.285,93910.46,108144.50,176752.69,3140918.82,167440.52,700.02,12407.59,200.00,500.01,15612.42,100.00,2500.32
19.431,86750.38,107134.40,181633.71,3131964.72,183508.94,600.02,14310.10,100.00,200.00,11406.63,0.00,2700.38
19.577,82819.40,60168.93,161615.41,3013932.29,185137.52,300.00,11406.42,200.00,500.01,7602.95,0.00,2100.23
19.723,87052.83,45295.81,181837.14,3081071.55,193080.33,400.01,11606.64,400.01,200.00,7903.18,0.00,1600.13
19.869,82517.09,25029.28,171264.24,3085414.91,164189.18,200.00,12007.11,400.01,200.00,4901.22,0.00,1900.19
20.015,84935.90,15110.68,154308.35,3045480.54,161446.62,200.00,12507.71,0.00,300.00,5001.27,0.00,1400.10
20.161,76371.69,17614.51,164458.39,2916263.74,185341.09,400.01,10405.34,0.00,100.00,4701.13,0.00,3100.50
20.307,79091.34,16011.99,163646.02,2902941.08,510142.78,100.00,11506.53,100.00,0.00,3400.59,0.00,1600.13
20.453,77882.53,14309.58,169638.57,2968685.42,163579.67,200.00,11306.30,0.00,200.00,4200.90,0.00,1700.15
20.599,73854.10,19617.99,156540.54,2841356.51,155963.72,0.00,9204.18,0.00,100.00,2900.43,0.00,1900.19
20.745,87355.26,15611.40,165067.66,2836979.56,167745.39,400.01,9004.00,0.00,0.00,2800.40,0.00,1500.12
20.891,82315.54,32850.42,161412.36,2825327.60,156065.23,300.00,12307.47,100.00,100.00,2800.40,0.00,1700.15
21.038,68921.35,6702.10,158367.23,2769857.09,159212.49,400.01,11106.08,0.00,0.00,2400.29,0.00,1500.12
21.184,73451.34,9804.50,148932.78,2843578.38,210514.60,100.00,11005.97,0.00,0.00,3000.46,0.00,1500.12
21.330,76270.97,8503.38,153801.10,2745801.23,163782.84,200.00,10605.55,0.00,0.00,1800.17,0.00,1700.15
21.476,76975.99,8603.46,154815.65,2701815.69,150585.10,300.00,10505.44,100.00,0.00,2800.40,0.00,1700.15
21.622,67713.66,7802.85,155830.25,2741249.08,162462.31,0.00,9904.84,100.00,0.00,2400.29,100.00,1100.06
21.768,71236.43,6301.86,155018.55,2767234.44,148657.60,500.01,11806.87,0.00,100.00,2700.37,100.00,1400.10
21.914,63789.66,4600.99,167200.50,2722822.91,166017.95,300.00,9804.74,0.00,0.00,2300.27,0.00,1900.19
22.060,75767.41,23425.65,163544.47,2928976.63,156268.23,300.00,10405.34,0.00,0.00,2000.20,0.00,1300.09
22.206,77781.80,7002.29,166387.97,2936661.20,150280.75,100.00,10805.76,0.00,0.00,1900.18,0.00,1600.13
22.352,70531.78,6001.68,152178.08,2785785.80,163579.67,500.01,10905.87,0.00,100.00,2100.22,0.00,1400.10
22.498,78587.65,7902.92,158062.76,2818152.60,166932.45,600.02,11806.87,100.00,100.00,1600.13,0.00,1700.15
22.644,65399.34,7202.43,146904.90,2859891.27,161141.96,600.02,9904.84,0.00,0.00,3500.62,0.00,1400.10
22.790,66707.37,6401.92,152279.51,2656184.82,149874.94,0.00,9904.84,0.00,0.00,2400.29,0.00,1900.19
22.936,69927.85,5701.52,160701.72,2612249.47,158501.75,500.01,12107.23,0.00,0.00,2100.22,0.00,1200.07
23.082,72041.80,4901.12,150859.55,2746694.98,156166.73,200.00,10905.87,0.00,0.00,1700.15,0.00,1600.13
23.228,72947.91,4200.83,150555.29,2658214.51,151396.81,300.00,9604.55,0.00,0.00,2500.32,0.00,1700.15
23.374,66707.37,5701.52,145688.37,2629890.49,151193.85,0.00,8303.40,0.00,0.00,2200.25,100.00,2100.23
23.520,69625.89,4600.99,144167.94,2626557.68,180150.85,600.02,9204.18,100.00,0.00,3000.46,0.00,1800.17
23.666,68317.48,4901.12,148831.34,2603487.36,147541.82,200.00,11706.76,0.00,0.00,1800.17,0.00,1400.10
23.812,70129.15,4500.95,157656.78,2737657.29,150077.85,400.01,10505.44,0.00,0.00,1300.09,0.00,1700.15
23.958,70632.45,5501.42,141533.00,2630182.68,156674.30,100.00,9304.27,200.00,100.00,2200.25,0.00,1000.05
24.104,66003.02,6501.98,147716.01,2645042.25,154644.19,300.00,9804.74,0.00,0.00,2100.22,0.00,2300.27
24.250,68216.84,7102.36,145992.52,2689228.19,155659.20,300.00,9504.45,100.00,0.00,2100.22,200.00,2100.23
24.396,67411.76,11105.77,149744.01,2601215.49,149773.50,200.00,10405.34,0.00,0.00,1700.15,0.00,1900.19
24.542,68116.21,9003.79,151163.79,2563077.01,153121.84,400.01,8703.73,0.00,0.00,1900.18,0.00,1100.06
24.688,66405.50,6902.23,142749.03,2639746.54,160126.41,300.00,8603.65,0.00,0.00,1700.15,100.00,1600.13
24.834,63186.08,6301.86,150048.22,2686087.56,159517.13,200.00,9804.74,0.00,100.00,1600.13,0.00,1100.06
24.980,70733.11,6501.98,152786.69,2604005.33,149976.38,900.04,11906.99,0.00,100.00,2100.22,0.00,1100.06
25.126,68418.13,7002.29,153699.65,2732278.19,152817.41,600.02,9104.09,0.00,0.00,2700.37,0.00,1400.10
25.272,64695.07,4600.99,151062.39,2708564.71,153324.82,300.00,10105.04,0.00,100.00,2300.27,0.00,1100.06
25.418,69827.19,5201.27,160092.69,2841005.73,150179.29,400.01,10004.94,100.00,0.00,2300.27,0.00,2000.21
25.564,70129.15,5901.63,162021.50,2638293.22,147643.28,500.01,9304.27,0.00,0.00,1700.15,0.00,800.03
25.710,69323.93,5201.27,150453.86,2717694.40,147136.14,200.00,11506.53,0.00,0.00,1700.15,0.00,1300.09
25.856,66204.27,10104.78,151062.39,2575321.93,146426.22,600.02,11406.42,100.00,0.00,1400.10,0.00,1600.13
26.002,66707.37,5601.47,157352.36,2690798.50,156065.23,400.01,10004.94,0.00,0.00,1400.10,0.00,1400.10
26.148,72545.19,4500.95,155120.02,2794723.11,151599.71,900.04,8903.91,0.00,0.00,1300.09,0.00,1300.09
26.294,62783.74,6101.74,153598.22,2680599.86,147744.72,600.02,9804.74,0.00,0.00,1700.15,0.00,1900.19
26.440,67713.66,6702.10,148425.75,2660837.36,141559.35,200.00,11706.76,0.00,0.00,1000.05,0.00,2200.25
26.586,66506.12,7502.63,151265.21,2640640.29,155456.17,400.01,11706.76,0.00,0.00,1900.18,0.00,2000.21
26.732,67914.94,5401.36,151265.21,2604949.08,147237.59,100.00,10305.24,100.00,0.00,1900.18,0.00,1400.10
26.878,62884.32,7502.63,159077.69,2715155.14,142573.10,100.00,10105.04,100.00,0.00,1300.09,0.00,1600.13
27.024,67512.40,5201.27,143762.52,2554147.91,148860.49,100.00,9904.84,0.00,0.00,1200.07,0.00,2000.21
27.170,63789.66,4901.12,161310.84,2456871.93,144398.06,400.01,10905.87,100.00,0.00,1500.11,0.00,1300.09
27.317,62582.56,4500.95,147107.68,2639938.73,142167.57,400.01,9904.84,0.00,0.00,1500.11,0.00,1000.05
27.463,63990.84,4300.86,147513.20,2558441.07,132541.37,100.00,11406.42,0.00,0.00,2600.34,0.00,1700.15
27.609,63588.46,4500.95,137075.33,2625597.13,149367.69,400.01,8103.24,100.00,0.00,2000.20,200.00,2000.21
27.754,65399.34,4801.08,153192.46,2598542.64,136492.11,300.00,9704.64,0.00,0.00,2000.20,0.00,1300.09
27.901,64594.47,4300.86,148121.56,2677292.25,142167.57,800.03,8203.32,100.00,0.00,1400.10,0.00,1600.13
28.047,66808.00,4600.99,162630.66,2661438.73,152614.43,300.00,7803.00,0.00,0.00,1700.15,0.00,2800.41
28.193,61677.33,5201.27,141330.33,2656836.39,152107.08,400.01,9904.84,0.00,0.00,1900.18,100.00,2300.27
28.339,70431.14,3700.64,148729.93,2574344.78,144905.07,0.00,9504.45,200.00,0.00,1500.11,0.00,1800.17
28.485,68619.40,5401.36,142647.71,2686363.15,151904.14,200.00,10004.94,0.00,0.00,900.04,0.00,1700.15
28.631,65499.94,4901.12,156236.10,2569667.24,135175.03,100.00,8503.57,0.00,0.00,1500.11,0.00,900.04
28.777,65399.34,3800.68,138493.46,2619574.86,136998.72,500.01,10505.44,0.00,100.00,1200.07,0.00,1800.17
28.923,70833.77,5101.22,141836.99,2453447.32,153121.84,300.00,11406.42,0.00,100.00,1600.13,0.00,2400.30
29.069,66103.65,4300.86,153496.77,2409177.79,148961.94,200.00,9104.09,100.00,100.00,1900.18,0.00,1900.19
29.215,64996.88,5301.32,147310.44,2667527.79,148759.04,0.00,8603.65,0.00,0.00,1300.09,0.00,900.04
29.361,68418.13,4400.91,146803.54,2560754.94,138924.08,500.01,8203.32,0.00,0.00,1700.15,0.00,1400.10
29.507,69323.93,3900.71,137480.51,2464640.09,141052.49,200.00,9504.45,0.00,100.00,2100.22,0.00,1400.10
29.653,62884.32,4000.75,144978.80,2685327.40,142471.70,100.00,9004.00,100.00,0.00,1500.11,0.00,1200.07
29.799,60671.58,4000.75,134948.48,2562926.62,145614.91,0.00,9604.55,0.00,0.00,1500.11,0.00,2000.21
29.945,56348.04,4000.75,151062.39,2473919.98,142471.70,600.02,8903.91,0.00,100.00,1900.18,0.00,900.04
30.091,63789.66,2900.39,144776.11,2467855.72,139025.42,300.00,11506.53,0.00,200.00,1400.10,0.00,1100.06
30.237,68216.84,3100.45,142850.38,2425482.48,138214.69,200.00,11206.19,0.00,0.00,1400.10,0.00,1200.07
30.383,63387.27,3800.68,129886.18,2443566.07,148759.04,100.00,10205.14,0.00,0.00,400.01,0.00,1600.13
30.529,63588.46,4200.83,135150.98,2448243.61,140647.06,300.00,8403.48,0.00,0.00,1300.09,0.00,1700.15
30.675,62381.38,3300.51,134847.17,2487075.45,146121.96,300.00,9904.84,0.00,100.00,500.01,0.00,1700.15
30.821,60470.45,3800.68,141127.65,2592277.99,145209.29,100.00,10105.04,0.00,0.00,1300.09,0.00,2100.23
30.967,64292.65,3200.48,154815.65,2413888.73,153324.82,300.00,8503.57,0.00,0.00,600.02,0.00,1400.10
31.113,60671.58,2500.29,140418.41,2441227.20,141457.97,200.00,7803.00,0.00,0.00,1600.13,0.00,700.03
31.259,60571.03,2500.29,130797.21,2387335.40,136492.11,100.00,9904.84,0.00,0.00,1400.10,0.00,900.04
31.405,70733.11,3000.42,137379.19,2383342.83,131731.16,0.00,10105.04,100.00,0.00,1300.09,0.00,1500.12
31.551,65399.34,3000.42,137480.51,2485880.91,142978.60,100.00,9604.55,0.00,100.00,800.03,0.00,900.04
31.697,54538.70,3500.57,124623.94,2540056.89,136492.11,100.00,8403.48,0.00,200.00,900.04,0.00,2000.21
31.843,61073.87,1800.15,120072.16,2453848.30,127174.81,100.00,9204.18,100.00,100.00,500.01,0.00,1500.12
31.989,68720.05,2800.37,133429.50,2356405.33,140647.06,200.00,9404.36,0.00,0.00,700.03,0.00,1000.05
32.135,58358.78,7102.36,135758.65,2440517.24,142066.19,300.00,9104.09,0.00,0.00,1400.10,0.00,1300.09
32.281,61375.59,3100.45,120982.39,2339566.26,120293.47,100.00,8203.32,0.00,0.00,1400.10,0.00,1000.05
32.426,57856.06,1800.15,129582.52,2263155.52,141863.46,100.00,8003.16,0.00,0.00,400.01,0.00,1600.13
32.573,62582.56,2700.34,137075.33,2324890.48,133452.93,200.00,7903.08,0.00,100.00,1100.06,0.00,1800.17
32.719,57554.43,2200.23,128975.23,2396456.69,128997.12,100.00,8303.40,0.00,200.00,1400.10,0.00,1100.06
32.865,60369.89,3500.57,116937.64,2473953.38,128693.39,300.00,8703.73,0.00,0.00,1400.10,0.00,2100.23
33.011,63085.50,3500.57,133125.75,2566601.82,139430.80,400.01,9604.55,0.00,900.04,2300.27,0.00,1200.07
33.157,66606.75,2900.39,134340.88,2487033.65,145817.70,200.00,8703.73,0.00,0.00,2400.29,0.00,1700.15
33.303,61375.59,3000.42,137176.61,2592419.98,153832.23,0.00,10105.04,0.00,0.00,900.04,0.00,1400.10
33.450,63085.50,2900.39,147107.68,2515691.85,152310.03,100.00,9004.00,0.00,0.00,1700.15,0.00,1900.19
33.596,68015.57,2300.25,140823.68,2568046.74,146730.45,200.00,9604.55,0.00,0.00,700.03,0.00,1200.07
33.742,61677.33,2300.25,140722.37,2592119.39,144905.07,0.00,10004.94,0.00,100.00,5301.43,0.00,2300.27
33.888,64091.46,2900.39,139303.92,2515424.67,148048.99,500.01,9004.00,100.00,0.00,700.03,0.00,1500.12
34.034,69827.19,3800.68,135556.09,2613961.78,143181.39,400.01,11506.53,0.00,0.00,400.01,0.00,1300.09
34.180,61777.89,3100.45,140621.04,2595602.40,151092.42,300.00,8903.91,100.00,0.00,600.02,0.00,1200.07
34.326,66707.37,3600.61,134239.58,2554632.28,148150.43,0.00,7803.00,0.00,0.00,1100.06,0.00,1800.17
34.472,62683.14,6401.92,144472.00,2644440.88,135884.19,0.00,10305.24,0.00,100.00,1000.05,0.00,1800.17
34.618,61073.87,7902.92,138999.99,2548735.21,149570.60,200.00,9104.09,0.00,0.00,1100.06,0.00,1100.06
34.764,62884.32,8203.15,158671.70,2600338.53,150990.96,300.00,8103.24,0.00,0.00,1500.11,0.00,1100.06
34.910,76069.55,6501.98,158062.76,2633398.50,137201.36,100.00,7302.63,0.00,0.00,1300.09,0.00,600.02
35.056,66405.50,4701.03,132720.75,2531378.38,144195.27,100.00,9004.00,0.00,0.00,1200.07,0.00,1200.07
35.202,61979.05,4801.08,127355.95,2428898.69,137201.36,100.00,12407.59,0.00,0.00,1200.07,0.00,1400.10
35.348,66606.75,4200.83,137683.07,2525665.10,143891.12,200.00,9904.84,0.00,0.00,300.00,0.00,1200.07
35.494,70733.11,2300.25,159991.19,2486256.89,147541.82,100.00,7302.63,0.00,0.00,1000.05,0.00,1600.13
35.640,62984.90,3400.54,146600.76,2463729.55,137910.67,200.00,8803.82,0.00,0.00,900.04,0.00,1500.12
35.786,65801.79,2700.34,136265.04,2540182.09,144905.07,0.00,9304.27,0.00,0.00,1100.06,0.00,1500.12
35.932,62381.38,2900.39,131809.56,2655132.29,135276.35,0.00,8403.48,0.00,0.00,800.03,100.00,1500.12
36.078,64393.26,4100.79,140519.72,2580734.63,134364.60,0.00,7702.93,0.00,0.00,1000.05,0.00,2000.21
36.224,70330.48,3300.51,134239.58,2543105.53,141153.86,0.00,10305.24,100.00,0.00,800.03,0.00,1500.12
36.370,61576.75,4100.79,135353.54,2553462.95,135478.95,0.00,10004.94,0.00,100.00,800.03,0.00,900.04
36.516,68619.40,2400.27,146499.37,2490667.05,149469.12,0.00,8603.65,0.00,0.00,900.04,0.00,700.03
36.662,70028.50,4300.86,135353.54,2523042.24,135478.95,0.00,9504.45,0.00,100.00,1100.06,0.00,1000.05
36.808,63387.27,2800.37,136467.62,2696019.01,144195.27,0.00,6402.02,0.00,0.00,600.02,0.00,900.04
36.954,64695.07,3400.54,130797.21,2605709.24,131629.87,0.00,6602.15,0.00,0.00,2100.22,100.00,900.04
37.100,69424.59,4300.86,150758.12,2575656.11,142674.47,0.00,10004.94,0.00,100.00,1400.10,0.00,1800.17
37.246,59464.84,3300.51,140114.44,2473560.80,140951.14,0.00,9604.55,0.00,0.00,900.04,0.00,1100.06
37.392,67914.94,4901.12,139810.49,2471372.32,142573.10,200.00,11806.87,0.00,0.00,1600.13,100.00,1800.17
37.538,64493.86,3500.57,134239.58,2541226.23,154238.19,0.00,9304.27,0.00,300.00,1800.17,0.00,1300.09
37.684,68116.21,3900.71,136467.62,2507213.92,143688.30,200.00,8203.32,0.00,0.00,2200.25,0.00,1700.15
37.830,65801.79,3800.68,137986.97,2503304.74,134871.11,100.00,9504.45,0.00,200.00,1100.06,0.00,1300.09
37.976,66707.37,3500.57,133024.51,2512175.45,143384.15,0.00,8403.48,0.00,100.00,1300.09,0.00,2000.21
38.122,63890.25,4300.86,139202.62,2533984.43,139025.42,0.00,9804.74,0.00,100.00,1000.05,200.00,1300.09
38.268,66707.37,2800.37,134037.06,2500322.91,148251.85,100.00,8103.24,0.00,0.00,1200.07,0.00,1800.17
38.414,68317.48,3500.57,135961.20,2596245.57,139228.10,300.00,9404.36,0.00,0.00,1600.13,0.00,1300.09
38.560,8956184.58,3200.48,133429.50,2434219.39,136694.74,0.00,8103.24,100.00,0.00,1500.11,0.00,2000.21
38.706,64501.53,3600.61,138088.27,2481002.99,143181.39,0.00,8603.65,100.00,0.00,1800.17,0.00,1500.12
38.852,64594.47,2400.27,132923.26,2413354.16,131427.35,100.00,6902.35,100.00,0.00,1000.05,0.00,1700.15
38.998,67210.51,3300.51,127254.74,2379408.84,134162.01,300.00,7202.56,0.00,0.00,1100.06,0.00,1400.10
39.144,62683.14,2700.34,138797.39,2554715.88,136593.44,0.00,8703.73,0.00,0.00,600.02,0.00,1600.13
39.290,67814.30,3000.42,135758.65,2397091.46,133250.37,0.00,8003.16,0.00,0.00,900.04,0.00,1000.05
39.436,60772.15,4300.86,134948.48,2416177.40,146629.03,200.00,8403.48,0.00,0.00,700.03,0.00,1500.12
39.582,57856.06,3500.57,132113.28,2413763.53,139126.76,200.00,8603.65,0.00,0.00,700.03,100.00,1500.12
39.729,63689.05,3900.71,134138.32,2472349.66,132237.52,200.00,8603.65,0.00,0.00,1100.06,0.00,600.02
39.875,62783.74,4200.83,133733.30,2491953.38,134567.20,100.00,10505.44,0.00,0.00,1100.06,0.00,1200.07
40.021,59967.64,4000.75,137683.07,2441093.61,134871.11,0.00,7502.78,0.00,0.00,1100.06,0.00,1200.07
40.167,66405.50,3500.57,133227.02,2535571.35,134972.42,0.00,9404.36,0.00,0.00,1200.07,0.00,1500.12
40.313,66304.88,2900.39,127558.33,2483625.84,140849.77,0.00,10305.24,0.00,0.00,1900.18,0.00,1500.12
40.459,67411.76,3100.45,131607.10,2470386.77,142471.70,100.00,9604.55,0.00,0.00,1600.13,0.00,1900.19
40.605,60973.30,4701.03,144370.65,2535003.38,139836.18,0.00,9704.64,0.00,0.00,1200.07,0.00,1600.13
40.751,61576.75,7002.29,128874.01,2503371.54,142066.19,100.00,8903.91,0.00,0.00,1500.11,0.00,1800.17
40.897,61174.44,4000.75,132923.26,2494567.83,146324.80,200.00,8503.57,0.00,0.00,700.03,0.00,2200.25
41.043,67311.13,4400.91,145080.18,2491878.18,145513.49,300.00,9004.00,0.00,0.00,900.04,0.00,2000.21
41.189,63487.86,3900.71,148020.18,2622005.53,131832.42,0.00,7602.85,0.00,0.00,1200.07,0.00,1300.09
41.335,63387.27,3300.51,137784.38,2347209.04,135478.95,300.00,7602.85,0.00,100.00,800.03,0.00,2200.25
41.481,59565.41,3200.48,132822.00,2451593.02,135985.50,100.00,7502.78,0.00,0.00,1500.11,0.00,1400.10
41.627,67814.30,3100.45,132923.26,2449955.91,141559.35,300.00,10305.24,0.00,0.00,1700.15,0.00,1300.09
41.773,64795.67,3300.51,134340.88,2496881.50,142877.21,100.00,9404.36,0.00,300.00,1300.09,0.00,1300.09
41.919,60872.72,3200.48,142140.99,2469050.25,133351.66,0.00,8603.65,0.00,0.00,1000.05,0.00,1200.07
42.065,66103.65,3700.64,135758.65,2578362.36,135884.19,0.00,7903.08,0.00,0.00,1000.05,0.00,2400.30
42.211,62381.38,3000.42,145485.65,2573175.45,128693.39,100.00,8903.91,0.00,0.00,600.02,0.00,1200.07
42.357,67009.25,11205.87,129278.87,2552711.19,137910.67,0.00,8003.16,100.00,0.00,1000.05,0.00,1300.09
42.503,62783.74,3500.57,130392.29,2538119.00,139025.42,0.00,11005.97,100.00,0.00,700.03,0.00,1500.12
42.649,65701.17,4000.75,133024.51,2481019.78,138316.02,200.00,10705.65,0.00,0.00,500.01,0.00,1500.12
42.794,66103.65,1600.12,139607.86,2535988.92,142066.19,0.00,9204.18,0.00,200.00,700.03,0.00,1000.05
42.941,61174.44,3100.45,135961.20,2615172.91,142674.47,200.00,9004.00,0.00,0.00,800.03,100.00,2000.21
43.087,62481.97,4400.91,135454.82,2494918.61,132338.80,100.00,9304.27,0.00,0.00,700.03,0.00,1700.15
43.233,62783.74,4000.75,143559.79,2426125.64,128794.61,0.00,7903.08,0.00,100.00,1400.10,0.00,1100.06
43.379,59364.29,2200.23,147209.06,2511323.49,142471.70,100.00,8703.73,0.00,0.00,1600.13,0.00,600.02
43.525,58861.51,3000.42,361732.58,2426651.81,142775.86,0.00,8503.57,0.00,600.02,900.04,0.00,1100.06
43.671,64896.28,2900.39,130797.21,2391085.80,131528.60,0.00,9304.27,0.00,0.00,1300.09,0.00,2500.32
43.817,68619.40,3200.48,125332.18,2407214.90,132642.65,100.00,8703.73,0.00,0.00,1700.15,0.00,700.03
43.963,62180.22,2200.23,135049.73,2410355.52,131528.60,0.00,8203.32,0.00,0.00,400.01,0.00,1300.09
44.109,62079.65,2800.37,129076.44,2428213.73,197257.82,0.00,7202.56,0.00,0.00,500.01,0.00,1100.06
44.255,64393.26,3000.42,121892.65,2505651.81,136492.11,200.00,8603.65,0.00,0.00,400.01,0.00,1100.06
44.401,60571.03,2800.37,132315.77,2481453.96,138214.69,100.00,10605.55,0.00,0.00,800.03,0.00,1200.07
44.547,63085.50,3700.64,127963.15,2499203.57,135681.57,0.00,10205.14,0.00,0.00,500.01,0.00,1300.09
44.693,63387.27,3500.57,120476.70,2506453.77,132237.52,100.00,10105.04,0.00,0.00,600.02,0.00,1100.06
44.839,67311.13,2900.39,127052.36,2430836.58,258685.75,0.00,8803.82,0.00,0.00,700.03,0.00,1000.05
44.985,56046.46,2200.23,127760.73,2473067.83,131022.24,0.00,8303.40,0.00,0.00,400.01,0.00,1400.10
45.131,64292.65,2000.19,126748.77,2468106.31,139836.18,0.00,8303.40,0.00,0.00,400.01,0.00,1100.06
45.277,62984.90,2900.39,125534.55,2434294.59,133959.41,0.00,10905.87,0.00,0.00,700.03,0.00,1300.09
45.423,65801.79,2400.27,120678.96,2548167.24,139228.10,200.00,7903.08,0.00,0.00,500.01,0.00,1700.15
45.569,56046.46,2900.39,133530.78,2377245.37,135478.95,0.00,9404.36,0.00,100.00,300.00,0.00,800.03
45.715,65499.94,2100.21,119465.42,2308736.38,134972.42,0.00,7002.42,0.00,100.00,300.00,200.00,1700.15
45.862,57755.51,2500.29,123511.11,2295330.13,139836.18,0.00,7302.63,0.00,0.00,500.01,0.00,2000.21
46.008,67713.66,2700.34,129076.44,2361091.26,128085.93,0.00,8003.16,0.00,0.00,500.01,0.00,800.03
46.154,65600.56,2700.34,130594.77,2396181.11,127782.21,200.00,7602.85,0.00,0.00,200.00,0.00,1100.06
46.300,58559.86,2100.21,124725.11,2371849.47,134364.60,0.00,8303.40,0.00,0.00,0.00,0.00,1100.06
46.446,63387.27,2600.32,118858.68,2457072.52,137809.37,0.00,8303.40,0.00,0.00,700.03,0.00,700.03
46.592,61275.01,2800.37,119869.92,2404926.42,134060.71,0.00,8103.24,0.00,0.00,200.00,0.00,900.04
46.738,58760.97,2600.32,130189.85,2384261.77,130515.92,200.00,8803.82,0.00,200.00,800.03,0.00,1500.12
46.884,62180.22,3200.48,131202.15,2340008.84,130920.96,100.00,7602.85,0.00,200.00,300.00,0.00,1000.05
47.030,62683.14,3000.42,129177.65,2271332.86,125555.25,0.00,6402.02,0.00,0.00,400.01,0.00,800.03
47.176,63286.68,3800.68,128469.17,2408935.60,128592.13,0.00,6201.90,0.00,0.00,400.01,0.00,1300.09
47.322,60168.76,2500.29,117645.35,2327421.34,129705.85,200.00,8003.16,0.00,100.00,300.00,0.00,700.03
47.468,59766.52,2200.23,122701.86,2403406.11,129705.85,100.00,8203.32,0.00,0.00,800.03,0.00,1300.09
47.614,57554.43,3900.71,136974.04,2415392.24,141255.25,200.00,8303.40,0.00,0.00,400.01,0.00,1800.17
47.760,60369.89,5101.22,130088.61,2509869.98,129807.11,300.00,8603.65,0.00,0.00,600.02,0.00,1000.05
47.906,67512.40,6602.04,121285.78,2411892.44,132541.37,0.00,7903.08,0.00,0.00,1100.06,0.00,1000.05
48.052,62783.74,3100.45,119869.92,2419242.83,129300.86,0.00,7803.00,0.00,0.00,900.04,0.00,1000.05
48.198,69021.98,3400.54,129784.95,2427060.99,154339.68,200.00,8303.40,0.00,100.00,800.03,0.00,1700.15
48.344,59665.96,3300.51,137581.79,2422943.22,129604.62,0.00,7702.93,0.00,0.00,600.02,0.00,1500.12
48.490,62683.14,2400.27,129784.95,2405903.57,131224.80,200.00,8103.24,0.00,0.00,500.01,0.00,900.04
48.636,64493.86,3100.45,135657.38,2444877.40,129705.85,100.00,9204.18,0.00,0.00,700.03,0.00,2000.21
48.782,62481.97,4200.83,137176.61,2436290.87,130414.68,200.00,7702.93,0.00,0.00,100.00,0.00,1700.15
48.928,66103.65,4600.99,131100.91,2434996.15,143384.15,100.00,8003.16,0.00,0.00,500.01,0.00,1700.15
49.074,60068.20,3300.51,132012.06,2395704.94,140647.06,300.00,7803.00,0.00,0.00,600.02,0.00,900.04
49.220,65499.94,3100.45,136670.18,2509293.61,137404.02,100.00,8403.48,0.00,0.00,500.01,0.00,900.04
49.366,63286.68,3000.42,131607.10,2400850.25,129503.36,200.00,7502.78,100.00,100.00,700.03,0.00,2100.23
49.512,64292.65,3100.45,136062.47,2480176.03,130819.72,100.00,9604.55,0.00,0.00,1900.18,0.00,1000.05
49.658,63789.66,2700.34,136467.62,2396339.70,371225.59,200.00,9304.27,0.00,0.00,900.04,0.00,1600.13
49.804,59263.73,3300.51,136974.04,2487969.20,147846.12,0.00,9704.64,100.00,200.00,1400.10,0.00,800.03
49.950,67411.76,3300.51,132518.26,2343333.26,140849.77,400.01,11506.53,100.00,400.01,1800.17,0.00,1700.15
50.096,60168.76,3700.64,156134.67,2399471.93,132946.51,200.00,8503.57,100.00,100.00,500.01,0.00,1600.13
50.242,67512.40,3200.48,145992.52,2481888.34,130414.68,100.00,7803.00,0.00,0.00,1400.10,0.00,1300.09
50.388,63890.25,3200.48,129886.18,2361316.65,126871.13,100.00,9204.18,0.00,0.00,800.03,0.00,1800.17
50.534,67613.03,3500.57,138189.58,2486348.69,130313.42,200.00,8303.40,0.00,0.00,700.03,0.00,1500.12
50.680,68518.76,2500.29,142647.71,2520202.40,133655.53,0.00,8303.40,0.00,0.00,400.01,0.00,1400.10
50.826,61476.16,3400.54,131607.10,2450490.48,134263.30,300.00,8003.16,0.00,0.00,400.01,0.00,1100.06
50.972,60973.30,3100.45,135657.38,2421623.49,124340.76,100.00,8903.91,0.00,0.00,700.03,0.00,1800.17
51.118,64896.28,2900.39,136974.04,2428355.72,137809.37,200.00,7903.08,0.00,0.00,1200.07,0.00,1100.06
51.264,63588.46,2300.25,126242.81,2485346.34,137302.69,0.00,9104.09,0.00,100.00,1600.13,0.00,1900.19
51.410,68720.05,4901.12,143559.79,2477929.16,126769.91,400.01,8803.82,0.00,100.00,1400.10,0.00,1500.12
51.556,65600.56,4400.91,128671.58,2411199.27,133351.66,100.00,7602.85,0.00,0.00,500.01,0.00,1300.09
51.702,60571.03,2300.25,116634.34,2493816.07,130212.15,100.00,8203.32,0.00,0.00,1500.11,0.00,1300.09
51.848,63487.86,3800.68,138797.39,2420220.17,124745.57,0.00,10105.04,0.00,0.00,600.02,0.00,1400.10
51.995,64795.67,4200.83,139607.86,2418148.69,130212.15,100.00,8503.57,0.00,0.00,1200.07,0.00,1100.06
52.141,67914.94,3100.45,136062.47,2479574.66,136897.39,200.00,7202.56,0.00,0.00,500.01,0.00,900.04
52.287,60671.58,3500.57,132012.06,2334521.15,134769.79,300.00,7302.63,0.00,100.00,600.02,0.00,2000.21
52.433,61073.87,3600.61,142647.71,2535746.74,127579.74,100.00,8803.82,0.00,0.00,700.03,0.00,1200.07
52.579,61979.05,3100.45,144978.80,2431487.94,143992.50,0.00,6301.96,100.00,0.00,900.04,0.00,1700.15
52.725,64493.86,3700.64,138999.99,2348478.57,128187.16,300.00,7803.00,0.00,0.00,1000.05,0.00,1000.05
52.871,62683.14,3600.61,125332.18,2427060.99,133655.53,100.00,9504.45,0.00,0.00,800.03,0.00,1300.09
53.017,63387.27,2800.37,130291.07,2423527.79,125960.11,100.00,7102.49,0.00,0.00,800.03,0.00,1900.19
53.162,62683.14,3700.64,138189.58,2392839.90,135580.26,0.00,8003.16,0.00,0.00,800.03,0.00,1200.07
53.309,63890.25,4200.83,141938.32,2431922.32,125960.11,400.01,7302.63,100.00,0.00,600.02,0.00,700.03
53.455,63487.86,3600.61,134037.06,2459878.96,135681.57,400.01,11106.08,0.00,100.00,400.01,0.00,1500.12
53.601,64192.06,3400.54,147614.60,2472809.04,124037.16,100.00,8503.57,0.00,0.00,600.02,0.00,1100.06
53.747,62582.56,3200.48,144472.00,2493139.51,130920.96,0.00,7502.78,0.00,0.00,1200.07,0.00,1700.15
53.893,69323.93,4500.95,135859.93,2521781.11,135782.89,400.01,7903.08,0.00,0.00,1400.10,0.00,1700.15
54.039,69323.93,5101.22,142039.68,2567211.58,132642.65,100.00,9404.36,0.00,0.00,1300.09,0.00,1800.17
54.185,68720.05,2900.39,140925.03,2581185.60,138417.36,200.00,11306.30,100.00,100.00,1600.13,0.00,1600.13
54.331,60772.15,2500.29,141127.65,2511473.69,141863.46,200.00,9004.00,100.00,0.00,1600.13,0.00,1100.06
54.477,65600.56,1500.11,145181.56,2505810.60,132440.10,200.00,7502.78,100.00,0.00,1600.13,0.00,1100.06
54.623,65600.56,3700.64,136974.04,2432064.31,135276.35,0.00,8203.32,0.00,0.00,800.03,0.00,1200.07
54.769,62381.38,3000.42,144776.11,2412368.61,124138.37,500.01,8803.82,0.00,0.00,700.03,0.00,1100.06
54.915,60973.30,4200.83,145181.56,2481595.95,143485.53,200.00,8503.57,0.00,0.00,1700.15,0.00,1900.19
55.061,61476.16,6101.74,139101.31,2478622.52,131326.06,200.00,9104.09,0.00,0.00,1400.10,0.00,1500.12
55.207,59565.41,4200.83,159991.19,2426434.62,135377.65,300.00,8203.32,0.00,0.00,2300.27,0.00,1700.15
55.353,62180.22,2900.39,155322.94,2381580.52,132541.37,400.01,8403.48,100.00,0.00,1400.10,0.00,2100.23
55.499,67713.66,3600.61,145485.65,2443925.25,137708.02,200.00,8103.24,0.00,0.00,1400.10,100.00,1200.07
55.645,67210.51,2800.37,157250.88,2489923.69,131123.51,0.00,8903.91,0.00,0.00,1200.07,0.00,2000.21
55.791,64594.47,3600.61,142343.68,2498293.22,129098.35,200.00,9204.18,0.00,100.00,1300.09,0.00,1600.13
55.937,67009.25,3000.42,144066.56,2588728.18,130414.68,200.00,8603.65,0.00,0.00,1200.07,0.00,1400.10
56.083,60872.72,2800.37,143762.52,2568932.09,135580.26,100.00,7602.85,0.00,100.00,1400.10,0.00,1500.12
56.229,62884.32,3300.51,143255.76,2446038.53,126263.80,100.00,8303.40,0.00,100.00,1700.15,0.00,1600.13
56.375,62280.80,4000.75,146093.86,2389331.69,130617.19,500.01,8603.65,0.00,0.00,1400.10,0.00,1000.05
56.521,61476.16,3900.71,143762.52,2453355.52,129300.86,600.02,8703.73,0.00,0.00,1200.07,0.00,2200.25
56.667,63890.25,4400.91,147107.68,2428572.91,130819.72,200.00,10605.55,0.00,0.00,900.04,0.00,1400.10
56.813,69122.63,4400.91,151873.79,2440099.66,133250.37,300.00,8503.57,0.00,0.00,1400.10,0.00,1000.05
56.959,60872.72,5801.57,150352.46,2457373.10,128592.13,0.00,10605.55,100.00,0.00,400.01,0.00,1700.15
57.105,59867.07,4801.08,142850.38,2489564.51,133047.79,200.00,8403.48,0.00,0.00,1100.06,0.00,1200.07
57.251,63789.66,4901.12,143559.79,2396105.91,130212.15,100.00,8103.24,0.00,100.00,1000.05,0.00,1400.10
57.397,59364.29,4100.79,140418.41,2419902.79,138822.73,300.00,6502.09,200.00,100.00,1400.10,0.00,2200.25
57.543,65902.40,5001.17,149034.13,2423018.41,129908.38,300.00,8803.82,0.00,0.00,1200.07,0.00,1900.19
57.689,71236.43,2800.37,145485.65,2424864.31,128288.41,500.01,10205.14,0.00,100.00,300.00,0.00,1400.10
57.834,68518.76,3900.71,152786.69,2471305.52,128895.86,200.00,8103.24,0.00,100.00,400.01,100.00,1700.15
57.981,63487.86,3000.42,146803.54,2453313.73,126769.91,0.00,9004.00,0.00,0.00,1000.05,0.00,3000.47
58.127,64795.67,2400.27,153395.32,2389590.68,136390.77,200.00,8403.48,0.00,0.00,1400.10,0.00,1000.05
58.274,65198.12,4000.75,164458.39,2404617.24,134769.79,0.00,7702.93,0.00,0.00,400.01,0.00,500.01
58.420,67109.88,3000.42,161107.82,2563410.99,138012.01,0.00,8703.73,0.00,0.00,1000.05,0.00,1600.13
58.566,58760.97,4200.83,144674.73,2389816.26,130009.65,0.00,8703.73,0.00,0.00,1200.07,0.00,2300.27
58.712,64493.86,4200.83,155728.78,2456328.96,134769.79,300.00,8503.57,0.00,0.00,400.01,0.00,1700.15
58.858,62280.80,3500.57,159686.66,2452820.95,141762.08,100.00,8903.91,100.00,0.00,400.01,0.00,1400.10
59.004,62381.38,2100.21,146600.76,2557288.53,134263.30,100.00,8903.91,0.00,0.00,1000.05,0.00,1300.09
59.150,67914.94,4100.79,153091.01,2538970.96,129604.62,0.00,8903.91,0.00,0.00,1400.10,0.00,1200.07
59.296,61878.48,2600.32,153091.01,2467814.12,134567.20,300.00,12007.11,0.00,0.00,700.03,0.00,1100.06
59.442,58358.78,3200.48,152178.08,2470545.37,129199.61,100.00,11005.97,0.00,0.00,600.02,0.00,1100.06
59.588,64292.65,4300.86,147411.83,2464606.50,134769.79,100.00,12707.96,100.00,0.00,1200.07,0.00,1300.09
59.734,61777.89,3100.45,158773.18,2511490.49,136289.48,100.00,8603.65,0.00,0.00,600.02,0.00,1300.09
59.880,63387.27,3400.54,150555.29,2413588.14,139633.50,500.01,9104.09,0.00,0.00,600.02,0.00,900.04
60.026,64996.88,3300.51,155627.31,2526993.22,132541.37,100.00,8503.57,0.00,0.00,600.02,0.00,1700.15
60.172,70330.48,12507.32,146904.90,2611497.71,136086.82,500.01,9304.27,0.00,0.00,400.01,100.00,1800.17
60.318,67512.40,3000.42,153091.01,2518331.31,129604.62,200.00,9904.84,0.00,0.00,900.04,0.00,1400.10
60.464,62582.56,4200.83,165372.34,2532773.30,132541.37,100.00,11606.64,100.00,0.00,1100.06,0.00,2000.21
60.610,68921.35,2700.34,167708.39,2527410.80,134668.50,200.00,8103.24,0.00,0.00,2100.22,0.00,1800.17
60.756,64091.46,2800.37,174719.62,2480201.23,132136.25,200.00,9904.84,0.00,0.00,3300.56,0.00,1200.07
60.902,67009.25,4000.75,152482.38,2421072.12,133858.11,200.00,9304.27,100.00,0.00,2400.29,0.00,1300.09
61.048,65600.56,26733.40,161919.97,2487860.60,134465.91,400.01,9204.18,100.00,200.00,5401.49,0.00,1200.07
61.194,82013.23,9504.23,156743.48,2593230.33,137809.37,600.02,9104.09,800.03,0.00,5701.66,0.00,1700.15
61.340,68317.48,4300.86,163849.11,2593647.91,145513.49,300.00,11005.97,0.00,0.00,4200.90,0.00,1600.13
61.486,65399.34,5401.36,162021.50,2628002.60,149367.69,100.00,10405.34,200.00,1200.07,2800.40,0.00,1300.09
61.632,71437.77,4300.86,164661.48,2558140.49,143891.12,100.00,8703.73,0.00,0.00,1500.11,0.00,2000.21
61.778,63387.27,14810.26,164153.74,2575088.14,134871.11,0.00,7302.63,0.00,100.00,1600.13,0.00,1200.07
61.924,68921.35,3000.42,164458.39,2524604.16,144499.47,500.01,10505.44,0.00,0.00,700.03,0.00,2000.21
62.070,63487.86,3500.57,163747.56,2530518.03,145006.46,100.00,10605.55,0.00,0.00,1600.13,0.00,1300.09
62.216,66304.88,6201.80,165473.93,2676348.30,148454.74,300.00,10405.34,0.00,0.00,1200.07,0.00,2400.30
62.362,62683.14,4300.86,159889.69,2628553.97,135884.19,100.00,11306.30,0.00,0.00,1600.13,0.00,2100.23
62.508,68921.35,3500.57,165169.22,2746335.80,145817.70,100.00,8903.91,0.00,0.00,1500.11,0.00,1100.06
62.654,66204.27,6902.23,165981.71,2567771.15,145716.32,0.00,10305.24,0.00,0.00,1600.13,0.00,1000.05
62.800,61677.33,4400.91,144776.11,2578120.17,144702.25,100.00,10105.04,100.00,100.00,1800.17,0.00,1700.15
62.946,67311.13,4500.95,173296.70,2825352.60,147339.02,200.00,10405.34,0.00,100.00,1600.13,0.00,1100.06
63.092,70028.50,4000.75,151569.51,2651440.49,140647.06,400.01,8503.57,0.00,0.00,2200.25,0.00,1500.12
63.238,71135.77,5401.36,148932.78,2723182.09,147237.59,200.00,8403.48,0.00,0.00,1900.18,100.00,1300.09
63.384,64393.26,5101.22,169435.39,2743295.37,145716.32,200.00,13709.27,100.00,0.00,2200.25,0.00,2400.30
63.530,71135.77,5301.32,157555.31,2702183.26,158501.75,200.00,10305.24,100.00,100.00,2900.43,0.00,2400.30
63.676,71941.13,4500.95,162427.59,2645117.44,157791.04,300.00,12507.71,0.00,0.00,3500.62,0.00,1100.06
63.822,63789.66,3800.68,172585.26,2639019.98,155456.17,100.00,10205.14,0.00,0.00,3100.49,0.00,1400.10
63.968,69827.19,4100.79,174211.41,2725370.37,159517.13,200.00,10705.65,100.00,100.00,2700.37,0.00,2100.23
64.114,68921.35,4801.08,158874.67,2704931.31,151498.27,0.00,12207.35,0.00,100.00,3900.78,0.00,1400.10
64.260,76270.97,4801.08,167098.94,2744389.71,143586.91,400.01,10004.94,0.00,0.00,3800.74,0.00,1000.05
64.407,66707.37,7702.78,151873.79,2688209.24,138417.36,300.00,11206.19,0.00,0.00,3700.70,0.00,1200.07
64.553,65198.12,6001.68,158874.67,2700203.77,141153.86,400.01,11406.42,100.00,100.00,4200.90,0.00,2100.23
64.699,65198.12,5001.17,159686.66,2663301.23,149773.50,0.00,9704.64,100.00,100.00,2800.40,0.00,2100.23
64.845,73954.79,3300.51,167302.10,2663585.41,158603.28,100.00,9204.18,0.00,100.00,4000.82,0.00,1700.15
64.991,69827.19,3400.54,154815.65,2585069.59,145513.49,300.00,11906.99,100.00,0.00,2500.32,0.00,1800.17
65.137,68619.40,3900.71,160295.71,2568188.73,144905.07,0.00,8103.24,100.00,0.00,2700.37,0.00,1800.17
65.283,70431.14,3300.51,155018.55,2702851.43,148961.94,0.00,10205.14,0.00,0.00,2200.25,0.00,1800.17
65.429,62079.65,2900.39,159991.19,2709500.26,153324.82,300.00,9804.74,0.00,0.00,2500.32,0.00,1700.15
65.575,60772.15,3700.64,153091.01,2598383.85,150483.65,500.01,11706.76,0.00,0.00,3200.52,0.00,1300.09
65.721,64594.47,5601.47,180820.06,2706309.63,149874.94,300.00,10905.87,0.00,0.00,1900.18,0.00,1300.09
65.867,61174.44,4500.95,164763.03,2630642.25,148961.94,300.00,8303.40,0.00,0.00,2400.29,0.00,1900.19
66.013,66908.62,3700.64,160092.69,2560512.56,145614.91,100.00,8303.40,0.00,100.00,3600.66,0.00,2300.27
66.159,63085.50,3300.51,158062.76,2604239.12,162767.02,300.00,9104.09,200.00,100.00,3300.56,0.00,1600.13
66.305,61777.89,3500.57,163036.80,2799325.45,140545.69,0.00,9704.64,200.00,0.00,2500.32,0.00,1200.07
66.451,67109.88,3800.68,144472.00,2604030.33,148454.74,200.00,9404.36,200.00,200.00,2800.40,0.00,1100.06
66.597,62180.22,3700.64,147411.83,2670434.63,147034.71,200.00,10004.94,0.00,0.00,3800.74,0.00,1600.13
66.743,65701.17,4600.99,143661.15,2647656.70,154339.68,200.00,10004.94,0.00,200.00,2600.34,0.00,1200.07
66.889,66707.37,4600.99,154004.02,2594349.47,149063.36,600.02,10004.94,100.00,100.00,3000.46,0.00,1800.17
67.035,63588.46,4000.75,153496.77,2556720.56,149164.81,0.00,10905.87,0.00,0.00,4300.94,0.00,900.04
67.181,66405.50,5601.47,142242.32,2489414.12,137910.67,0.00,11106.08,0.00,0.00,3100.49,0.00,1700.15
67.327,71739.78,4701.03,153699.65,2691717.25,146730.45,100.00,9104.09,0.00,100.00,2500.32,0.00,1100.06
67.473,57252.82,5101.22,157555.31,2644273.89,152208.55,200.00,11706.76,0.00,0.00,3200.52,0.00,900.04
67.619,61777.89,3800.68,158367.23,2765405.14,143485.53,100.00,11406.42,0.00,0.00,3300.56,0.00,1600.13
67.765,62481.97,3800.68,145080.18,2446606.50,138620.02,200.00,9604.55,0.00,100.00,1900.18,0.00,900.04
67.911,57051.76,3700.64,166895.79,2667494.40,146121.96,300.00,11606.64,200.00,100.00,2300.27,0.00,1200.07
68.057,62481.97,4500.95,154206.91,2523309.63,139126.76,400.01,11406.42,0.00,0.00,2200.25,0.00,1100.06
68.202,65399.34,5001.17,158367.23,2522516.07,451934.78,500.01,8603.65,0.00,0.00,2300.27,0.00,1200.07
68.349,64192.06,3200.48,160194.19,2618914.90,140342.98,800.03,8203.32,0.00,0.00,1600.13,0.00,1800.17
68.495,60973.30,3200.48,161310.84,2585303.57,142573.10,500.01,11106.08,0.00,100.00,2600.34,0.00,1100.06
68.641,64996.88,40275.76,150453.86,2535270.76,134263.30,800.03,10605.55,0.00,200.00,1000.05,0.00,1600.13
68.787,67311.13,3600.61,158164.22,2636405.53,144398.06,400.01,11506.53,100.00,0.00,2200.25,0.00,1000.05
68.933,61174.44,3600.61,155322.94,2534811.19,145513.49,200.00,8803.82,0.00,0.00,2300.27,0.00,1600.13
69.079,64695.07,5201.27,165575.48,2450582.28,136593.44,200.00,11706.76,0.00,0.00,2500.32,100.00,1600.13
69.225,65198.12,4200.83,165778.57,2530192.24,144398.06,300.00,10305.24,0.00,100.00,1500.11,0.00,1500.12
69.371,61073.87,2600.32,163138.35,2542938.53,136998.72,100.00,9604.55,100.00,100.00,2200.25,0.00,1500.12
69.517,68216.84,3000.42,149744.01,2610445.18,132642.65,1000.05,9504.45,0.00,100.00,1900.18,0.00,1000.05
69.663,60269.33,2700.34,159483.66,2724393.22,145310.67,200.00,9504.45,0.00,0.00,2100.22,0.00,1700.15
69.809,65600.56,2800.37,163646.02,2683130.72,143688.30,100.00,8203.32,0.00,400.01,1500.11,100.00,1100.06
69.955,65499.94,2600.32,155424.41,2533700.45,136897.39,500.01,11506.53,0.00,0.00,1800.17,0.00,1200.07
70.101,57856.06,2400.27,157555.31,2381839.31,139430.80,500.01,9004.00,100.00,0.00,1200.07,0.00,700.03
70.247,60973.30,2500.29,149034.13,2487443.02,142877.21,600.02,9904.84,200.00,100.00,3000.46,100.00,1800.17
70.393,59565.41,2800.37,156844.95,2498785.99,141762.08,600.02,10205.14,0.00,0.00,1700.15,0.00,800.03
70.540,58459.32,4400.91,160904.79,2577635.80,131326.06,200.00,7302.63,0.00,0.00,1000.05,0.00,1300.09
70.686,61476.16,3500.57,155221.49,2498117.83,133858.11,400.01,9204.18,0.00,0.00,1700.15,0.00,1700.15
70.832,61576.75,3900.71,165372.34,2652183.85,148251.85,600.02,10305.24,0.00,0.00,1300.09,0.00,1700.15
70.978,64393.26,3600.61,161716.93,2544208.06,146020.56,500.01,12007.11,100.00,0.00,1400.10,0.00,2400.30
71.124,61576.75,4200.83,157149.41,2524988.53,141153.86,200.00,8203.32,100.00,0.00,1300.09,0.00,1200.07
71.270,63588.46,3500.57,148020.18,2409303.18,140140.27,200.00,9504.45,0.00,0.00,2100.22,0.00,1500.12
71.416,59867.07,3300.51,152583.79,2572264.90,134263.30,400.01,8103.24,100.00,0.00,2900.43,200.00,1600.13
71.562,60068.20,3900.71,162224.56,2545494.39,138316.02,500.01,10505.44,0.00,0.00,2200.25,0.00,1300.09
71.708,61073.87,3400.54,147411.83,2615791.07,142066.19,1000.05,8403.48,100.00,0.00,2400.29,100.00,700.03
71.854,61275.01,3700.64,164864.57,2607454.94,150990.96,500.01,9104.09,0.00,100.00,2000.20,100.00,400.01
72.000,64896.28,3400.54,159991.19,2576800.45,136897.39,300.00,10405.34,0.00,0.00,1400.10,0.00,1400.10
72.146,57453.90,5501.42,155424.41,2481963.53,134871.11,500.01,9004.00,0.00,0.00,1500.11,0.00,1400.10
72.292,60168.76,4000.75,156134.67,2454700.25,146527.63,100.00,7903.08,100.00,0.00,1300.09,0.00,1200.07
72.438,57755.51,4600.99,151873.79,2435823.10,137302.69,500.01,8303.40,0.00,0.00,2200.25,0.00,2000.21
72.584,60671.58,3300.51,150758.12,2408317.63,137708.02,400.01,8703.73,0.00,0.00,1800.17,0.00,900.04
72.730,60973.30,4901.12,140621.04,2466118.41,141762.08,700.02,8403.48,0.00,0.00,1500.11,0.00,800.03
72.876,62984.90,3000.42,147513.20,2519317.05,143181.39,500.01,9104.09,0.00,0.00,1000.05,100.00,1300.09
73.022,58760.97,5401.36,143357.12,2357073.49,138822.73,200.00,7903.08,0.00,100.00,1500.11,0.00,800.03
73.168,58962.06,4300.86,145992.52,2404166.26,144803.68,500.01,10004.94,0.00,0.00,3600.66,0.00,1100.06
73.314,59867.07,3400.54,151772.34,2391119.19,142674.47,600.02,10205.14,0.00,100.00,1100.06,0.00,1700.15
73.460,55644.36,4300.86,135657.38,2419226.23,136492.11,500.01,9204.18,100.00,0.00,1900.18,0.00,1100.06
73.606,54237.17,3000.42,143762.52,2435372.12,133452.93,300.00,9104.09,0.00,200.00,2100.22,0.00,1400.10
73.752,61073.87,3100.45,144066.56,2457807.48,149367.69,600.02,8403.48,100.00,0.00,1700.15,0.00,1500.12
73.898,59062.62,3200.48,154917.09,2571655.14,146831.86,700.02,8503.57,0.00,0.00,1200.07,0.00,1100.06
74.044,55644.36,3000.42,136872.76,2520862.17,139836.18,300.00,8103.24,0.00,0.00,1400.10,0.00,1200.07
74.190,60671.58,3300.51,148222.94,2434929.35,145614.91,800.03,8103.24,200.00,0.00,2500.32,0.00,1200.07
74.336,53031.15,4000.75,140013.14,2387644.58,136998.72,600.02,11406.42,0.00,0.00,1500.11,0.00,500.01
74.482,56750.15,3800.68,133935.79,2343483.65,138822.73,300.00,8703.73,0.00,0.00,1300.09,0.00,1000.05
74.628,55945.94,3200.48,137581.79,2359604.35,133452.93,600.02,8403.48,0.00,0.00,1400.10,0.00,1200.07
74.774,58962.06,4500.95,141127.65,2526124.47,129300.86,400.01,7102.49,100.00,0.00,1400.10,0.00,700.03
74.920,56649.62,4701.03,152583.79,2491343.61,139430.80,500.01,10004.94,0.00,0.00,2500.32,0.00,1100.06
75.066,58459.32,3200.48,135252.27,2570819.98,146527.63,300.00,8503.57,0.00,100.00,2200.25,0.00,2200.25
75.212,58660.42,2800.37,141127.65,2560019.78,153426.30,300.00,10605.55,0.00,0.00,2400.29,0.00,1100.06
75.358,57755.51,4500.95,155627.31,2575814.90,151802.66,300.00,10505.44,200.00,0.00,1800.17,100.00,600.02
75.504,64996.88,3500.57,154917.09,2593221.93,156674.30,300.00,9504.45,0.00,0.00,2100.22,0.00,1100.06
75.650,70229.82,5101.22,152888.11,2731451.23,151498.27,700.02,9704.64,0.00,300.00,700.03,0.00,1200.07
75.796,68015.57,5901.63,160498.72,2704112.76,143181.39,200.00,11005.97,0.00,200.00,1700.15,0.00,800.03
75.942,59263.73,6802.17,151366.65,2794848.50,154339.68,0.00,10805.76,100.00,0.00,2900.43,0.00,1600.13
76.088,66103.65,5801.57,159686.66,2653319.79,162360.72,100.00,10505.44,0.00,0.00,1300.09,0.00,1600.13
76.234,62481.97,4400.91,153902.57,2621403.96,147034.71,500.01,11706.76,100.00,0.00,1800.17,100.00,1700.15
76.380,61777.89,4500.95,153902.57,2752675.45,159009.42,400.01,11406.42,0.00,0.00,2800.40,0.00,1200.07
76.526,58660.42,3900.71,151772.34,2657070.18,142978.60,400.01,11106.08,0.00,0.00,1900.18,0.00,700.03
76.672,64091.46,4901.12,160600.22,2633807.87,164189.18,400.01,10405.34,100.00,200.00,2300.27,0.00,1400.10
76.819,60470.45,4901.12,155322.94,2618589.12,163884.44,900.04,11005.97,0.00,0.00,2000.20,0.00,1700.15
76.965,62481.97,3300.51,147006.28,2712072.91,151193.85,400.01,8703.73,0.00,0.00,2300.27,1900.19,1300.09
77.111,64996.88,4500.95,157453.84,2768119.79,154847.16,400.01,10505.44,0.00,100.00,2700.37,0.00,1200.07
77.257,63588.46,4400.91,163239.85,2668814.12,161954.46,400.01,10405.34,200.00,200.00,2000.20,0.00,4100.87
77.403,65499.94,4200.83,158164.22,2828677.02,159009.42,500.01,9904.84,0.00,0.00,1800.17,0.00,1000.05
77.549,67613.03,3800.68,164153.74,2723357.48,165916.34,1000.05,12207.35,0.00,100.00,2000.20,0.00,1500.12
77.695,70330.48,4000.75,153293.89,2668479.94,150585.10,600.02,9504.45,0.00,0.00,2200.25,0.00,1200.07
77.841,67814.30,5601.47,154612.72,2712006.12,154948.66,1000.05,10004.94,100.00,300.00,1700.15,100.00,2100.23
77.987,60671.58,5601.47,152888.11,2659008.07,147237.59,1000.05,10405.34,100.00,0.00,1800.17,100.00,1900.19
78.133,60068.20,6001.68,150758.12,2651373.69,156674.30,800.03,11005.97,0.00,0.00,2700.37,0.00,1800.17
78.279,67311.13,5001.17,156540.54,2789410.80,172421.15,800.03,13208.60,100.00,0.00,1700.15,100.00,900.04
78.425,63689.05,4400.91,147310.44,2703227.40,150788.03,600.02,10705.65,100.00,0.00,700.03,200.00,1300.09
78.570,64292.65,5101.22,146398.01,2711346.15,161852.88,500.01,12007.11,200.00,100.00,1500.11,0.00,1800.17
78.717,65701.17,5701.52,154004.02,2721937.56,160024.86,300.00,11506.53,0.00,200.00,2400.29,0.00,1200.07
78.863,66003.02,5101.22,160295.71,2742560.41,169168.22,700.02,11206.19,0.00,0.00,1200.07,0.00,1300.09
79.009,59565.41,5201.27,154511.27,2611957.09,143891.12,1000.05,11106.08,100.00,0.00,1300.09,0.00,2200.25
79.155,64393.26,4200.83,149135.53,2745417.05,155862.21,1200.07,11706.76,0.00,100.00,900.04,0.00,1600.13
79.301,58760.97,5201.27,153496.77,2709700.65,149570.60,1000.05,9104.09,200.00,100.00,1300.09,0.00,1700.15
79.447,63085.50,5301.32,147107.68,2678553.38,177302.38,1300.08,8303.40,100.00,0.00,1100.06,100.00,2700.38
79.593,60671.58,6401.92,151163.79,2603395.57,160126.41,700.02,11906.99,0.00,0.00,1300.09,0.00,900.04
79.739,59565.41,6001.68,163239.85,2675396.15,143181.39,600.02,12507.71,0.00,0.00,1200.07,0.00,1100.06
79.885,75062.47,8103.07,150149.64,2492345.95,146629.03,400.01,10905.87,200.00,100.00,1900.18,0.00,1100.06
80.031,61576.75,5601.47,150352.46,2688017.05,156268.23,1000.05,9404.36,0.00,0.00,700.03,0.00,1700.15
80.177,60269.33,7702.78,150859.55,2758580.92,144398.06,900.04,11306.30,100.00,100.00,4801.18,0.00,2200.25
80.323,58559.86,6702.10,140317.08,2578955.53,145919.12,700.02,9604.55,0.00,0.00,1500.11,0.00,2000.21
80.469,63588.46,5201.27,153902.57,2655291.07,162665.46,300.00,9404.36,0.00,0.00,900.04,0.00,1400.10
80.615,67512.40,4000.75,152989.55,2599311.00,161446.62,800.03,10205.14,0.00,0.00,1100.06,0.00,1500.12
80.761,65499.94,4000.75,145181.56,2613017.83,156674.30,900.04,10805.76,0.00,0.00,1000.05,0.00,1600.13
80.907,61677.33,4901.12,160498.72,2799626.23,142978.60,700.02,8603.65,0.00,0.00,300.00,0.00,700.03
81.053,62683.14,3600.61,147918.78,2523209.43,148556.18,300.00,10004.94,100.00,0.00,300.00,0.00,1700.15
81.199,63789.66,5201.27,159382.17,2691959.63,146223.36,300.00,11406.42,0.00,0.00,800.03,0.00,2200.25
81.345,66204.27,5601.47,151772.34,2660369.59,158501.75,600.02,10205.14,100.00,0.00,800.03,0.00,2100.23
81.491,53433.13,4901.12,155830.25,2499044.98,149672.05,400.01,10305.24,0.00,0.00,1000.05,0.00,1800.17
81.637,61476.16,6301.86,159280.66,2618914.90,153426.30,500.01,9804.74,0.00,0.00,500.01,0.00,1200.07
81.783,59062.62,12507.32,147006.28,2525080.33,157486.47,900.04,9704.64,0.00,0.00,300.00,0.00,1800.17
81.929,61174.44,18215.51,158468.70,2685694.98,142674.47,300.00,11206.19,0.00,100.00,500.01,0.00,1300.09
82.075,64192.06,16412.59,153496.77,2693053.77,149367.69,300.00,8903.91,100.00,0.00,700.03,0.00,1900.19
82.221,62582.56,9904.59,149338.36,2601816.86,150382.18,1600.12,13208.60,0.00,100.00,900.04,0.00,1000.05
82.367,56348.04,10304.97,143559.79,2608816.46,157283.43,700.02,9804.74,100.00,0.00,400.01,0.00,1400.10
82.513,67914.94,7102.36,145789.76,2698524.87,154948.66,800.03,11406.42,0.00,0.00,400.01,0.00,1800.17
82.659,67814.30,5501.42,165778.57,2688017.05,162360.72,600.02,10505.44,0.00,0.00,600.02,0.00,1000.05
82.805,63588.46,5501.42,154105.45,2533742.05,148759.04,700.02,8303.40,100.00,100.00,700.03,0.00,1700.15
82.952,56146.98,4801.08,145587.00,2586138.73,138417.36,700.02,10205.14,100.00,0.00,400.01,0.00,1700.15
83.098,64393.26,4400.91,150149.64,2512025.06,143586.91,1200.07,11606.64,0.00,0.00,300.00,0.00,1800.17
83.244,61576.75,5301.32,144066.56,2565616.07,148454.74,600.02,10705.65,0.00,0.00,400.01,0.00,1000.05
83.390,61979.05,4901.12,152279.51,2445929.94,144803.68,900.04,10505.44,0.00,0.00,700.03,100.00,1400.10
83.536,56850.69,4901.12,135150.98,2397834.82,146933.29,800.03,9904.84,100.00,0.00,600.02,0.00,1100.06
83.682,60872.72,5101.22,142749.03,2480067.44,137302.69,400.01,8603.65,0.00,0.00,500.01,0.00,1100.06
83.828,53835.15,4600.99,143863.88,2395220.37,130313.42,800.03,7803.00,0.00,100.00,500.01,0.00,900.04
83.974,56649.62,5701.52,135859.93,2450565.68,183508.94,300.00,9304.27,100.00,100.00,900.04,0.00,800.03
84.120,54940.75,4200.83,150048.22,2405611.19,143282.75,500.01,10305.24,0.00,0.00,400.01,0.00,1200.07
84.266,55744.89,2900.39,129582.52,2465817.83,138417.36,700.02,10705.65,0.00,0.00,500.01,100.00,1000.05
84.412,54036.15,4100.79,137885.66,2444083.84,148048.99,600.02,10205.14,0.00,0.00,2500.32,0.00,900.04
84.558,62984.90,4200.83,141634.32,2338856.30,135377.65,500.01,8903.91,0.00,0.00,800.03,0.00,800.03
84.704,53734.64,2200.23,142140.99,2433542.83,145919.12,400.01,10605.55,0.00,0.00,100.00,0.00,600.02
84.850,60369.89,3100.45,151569.51,2455760.99,134060.71,400.01,8103.24,0.00,0.00,300.00,0.00,900.04
84.996,60068.20,5101.22,138290.88,2432131.11,137201.36,600.02,9104.09,0.00,0.00,400.01,0.00,1200.07
85.142,58459.32,2700.34,140317.08,2466193.61,143282.75,400.01,9304.27,0.00,0.00,800.03,0.00,1700.15
85.288,58660.42,6101.74,142647.71,2488921.34,136796.06,300.00,9604.55,0.00,100.00,400.01,0.00,1500.12
85.434,57353.36,5301.32,144370.65,2569967.83,140444.34,600.02,11506.53,0.00,0.00,800.03,0.00,1000.05
85.580,60168.76,6001.68,155525.85,2478480.52,139734.84,900.04,8303.40,0.00,0.00,1200.07,0.00,1300.09
85.726,59867.07,5701.52,165372.34,2560228.57,151396.81,700.02,9704.64,0.00,0.00,900.04,0.00,400.01
85.872,58258.22,5301.32,147006.28,2559760.80,150280.75,500.01,16713.77,0.00,300.00,2300.27,0.00,1000.05
86.018,56448.57,4100.79,159991.19,2757177.60,142471.70,1400.09,8603.65,100.00,100.00,800.03,0.00,700.03
86.164,62079.65,4300.86,153192.46,2579473.30,143891.12,1000.05,18316.54,0.00,0.00,700.03,100.00,500.01
86.310,59565.41,4100.79,145587.00,2524996.74,143282.75,2500.30,8803.82,0.00,100.00,600.02,0.00,800.03
86.456,63085.50,3300.51,142749.03,2542629.35,142066.19,900.04,10004.94,200.00,0.00,1100.06,0.00,1400.10
86.602,59163.18,4600.99,154105.45,2595310.02,150179.29,600.02,10004.94,100.00,0.00,300.00,0.00,1000.05
86.748,67613.03,3500.57,155120.02,2582622.32,152310.03,800.03,10205.14,0.00,0.00,800.03,0.00,1800.17
86.894,64292.65,3800.68,156337.59,2630600.45,154948.66,1300.08,10505.44,0.00,100.00,500.01,0.00,2500.32
87.040,63387.27,7802.85,155931.72,2651331.90,220621.42,1100.06,9804.74,100.00,100.00,600.02,0.00,700.03
87.186,61777.89,4000.75,137885.66,2511657.48,149672.05,1000.05,9704.64,100.00,100.00,400.01,0.00,1100.06
87.332,59163.18,2900.39,157555.31,2475757.48,142066.19,300.00,10205.14,100.00,0.00,300.00,0.00,800.03
87.478,58962.06,3000.42,152380.95,2546112.56,144499.47,700.02,9204.18,0.00,100.00,700.03,0.00,700.03
87.624,60269.33,3000.42,145992.52,2553354.35,140849.77,800.03,8303.40,0.00,100.00,1000.05,0.00,1500.12
87.770,57152.28,4600.99,151163.79,2398720.17,153020.35,600.02,10405.34,0.00,0.00,900.04,0.00,1000.05
87.916,58157.69,4100.79,140722.37,2445487.16,148251.85,500.01,9904.84,100.00,0.00,800.03,0.00,1000.05
88.062,66204.27,3500.57,138189.58,2631176.82,152107.08,1300.08,9304.27,0.00,100.00,700.03,0.00,1700.15
88.208,58459.32,4400.91,148020.18,2492855.52,138620.02,600.02,8303.40,0.00,0.00,300.00,0.00,1500.12
88.354,60269.33,4701.03,146296.65,2494425.84,138417.36,700.02,8603.65,0.00,0.00,100.00,0.00,1300.09
88.500,63890.25,3300.51,143154.42,2545861.97,141457.97,700.02,9104.09,0.00,0.00,100.00,0.00,1100.06
88.646,60671.58,4400.91,138189.58,2580433.85,137100.03,600.02,10004.94,100.00,0.00,800.03,0.00,1700.15
88.792,62381.38,3500.57,146093.86,2460705.91,146426.22,800.03,8503.57,0.00,100.00,700.03,0.00,700.03
88.938,60973.30,4200.83,155931.72,2483467.05,148860.49,700.02,7602.85,0.00,0.00,400.01,0.00,1100.06
89.085,59665.96,3900.71,148425.75,2482255.91,127782.21,1200.07,12207.35,0.00,0.00,100.00,0.00,1300.09
89.231,64695.07,5201.27,158367.23,2573041.66,140951.14,1500.11,9604.55,0.00,100.00,500.01,0.00,1300.09
89.377,57353.36,5001.17,151772.34,2617645.37,143992.50,700.02,11406.42,0.00,100.00,1000.05,0.00,1100.06
89.523,62381.38,3200.48,152178.08,2570619.39,149367.69,1000.05,11606.64,0.00,0.00,500.01,0.00,1700.15
89.669,62884.32,5801.57,154815.65,2602668.81,151396.81,400.01,10505.44,100.00,0.00,800.03,0.00,1900.19
89.815,62381.38,4400.91,162833.73,2546797.52,139633.50,100.00,10305.24,0.00,0.00,100.00,0.00,1200.07
89.961,63789.66,3900.71,159585.18,2559719.20,149367.69,500.01,9304.27,0.00,100.00,200.00,0.00,1700.15
90.107,61275.01,3400.54,148527.14,2484344.00,132034.99,700.02,8603.65,100.00,0.00,700.03,0.00,900.04
90.253,59665.96,3300.51,157047.93,2458492.44,141052.49,1100.06,8803.82,0.00,0.00,500.01,0.00,1700.15
90.399,62582.56,3400.54,149845.39,2456437.55,135884.19,800.03,10405.34,0.00,0.00,300.00,0.00,2200.25
90.545,61073.87,4100.79,162224.56,2478538.92,134465.91,600.02,10505.44,100.00,0.00,300.00,0.00,1900.19
90.691,63689.05,3700.64,161412.36,2543372.91,135478.95,400.01,9204.18,0.00,0.00,800.03,0.00,2000.21
90.837,60671.58,5201.27,163747.56,2530994.00,143891.12,900.04,11206.19,0.00,0.00,700.03,0.00,1400.10
90.983,61476.16,3800.68,145789.76,2537434.04,131933.71,300.00,9604.55,100.00,0.00,1300.09,0.00,800.03
91.129,61073.87,4701.03,137784.38,2495110.80,138316.02,600.02,9904.84,0.00,0.00,1000.05,0.00,1400.10
91.275,63387.27,4600.99,159788.16,2488052.79,136694.74,800.03,9404.36,0.00,0.00,700.03,0.00,1100.06
91.421,61677.33,4100.79,157656.78,2463295.17,142674.47,700.02,10905.87,100.00,0.00,600.02,0.00,1500.12
91.567,56448.57,3600.61,146093.86,2485672.13,132237.52,700.02,8503.57,0.00,0.00,500.01,0.00,1200.07
91.713,62280.80,4400.91,136062.47,2374622.71,135073.73,900.04,7602.85,100.00,100.00,600.02,0.00,800.03
91.859,55242.29,3600.61,154004.02,2344953.76,133756.83,400.01,8803.82,100.00,0.00,900.04,0.00,1400.10
92.005,68317.48,4500.95,145181.56,2403848.88,136796.06,600.02,7903.08,0.00,0.00,2200.25,0.00,1600.13
92.151,59565.41,5401.36,147411.83,2433158.65,139329.46,500.01,10605.55,0.00,0.00,900.04,0.00,1400.10
92.297,67311.13,4100.79,148527.14,2395120.17,142877.21,700.02,9604.55,100.00,0.00,1400.10,0.00,1400.10
92.443,63689.05,4801.08,143458.45,2566752.21,142370.33,600.02,9604.55,100.00,0.00,1100.06,0.00,1000.05
92.589,60571.03,5501.42,149439.75,2526425.06,135073.73,500.01,11005.97,0.00,0.00,1200.07,0.00,1200.07
92.735,61275.01,4801.08,140621.04,2466527.79,149976.38,500.01,9604.55,100.00,0.00,1200.07,0.00,1500.12
92.881,56046.46,3400.54,141938.32,2426852.20,134871.11,1200.07,9704.64,0.00,0.00,1300.09,0.00,1000.05
93.027,61275.01,3200.48,143762.52,2365417.83,140140.27,900.04,8703.73,0.00,0.00,1500.11,0.00,1600.13
93.173,56549.10,5601.47,154612.72,2416252.59,139734.84,500.01,8703.73,0.00,0.00,600.02,0.00,1400.10
93.319,59766.52,4000.75,150859.55,2465993.22,139025.42,400.01,9904.84,0.00,0.00,2200.25,0.00,1700.15
93.465,56951.22,4701.03,139405.25,2412777.98,139228.10,500.01,7502.78,0.00,0.00,1300.09,0.00,1100.06
93.610,56448.57,7002.29,142242.32,2576499.67,134871.11,200.00,10605.55,0.00,0.00,1500.11,0.00,1500.12
93.757,65097.50,8603.46,145181.56,2468624.27,137404.02,900.04,6101.84,0.00,100.00,2300.27,0.00,1200.07
93.903,65198.12,9904.59,147918.78,2622857.48,149469.12,300.00,8503.57,0.00,0.00,1400.10,0.00,1600.13
94.049,65499.94,11706.41,150555.29,2503739.12,148353.30,100.00,10705.65,0.00,0.00,1100.06,0.00,1600.13
94.195,63085.50,13108.04,144877.43,2497416.07,141762.08,1000.05,8203.32,0.00,100.00,1600.13,0.00,1400.10
94.341,65902.40,12807.67,151265.21,2519901.62,145614.91,300.00,8703.73,0.00,100.00,1500.11,0.00,1200.07
94.487,58358.78,13208.16,152380.95,2518640.49,146831.86,900.04,9404.36,0.00,0.00,1000.05,0.00,1100.06
94.633,62381.38,12507.32,144370.65,2568740.10,148251.85,500.01,10305.24,0.00,0.00,1000.05,0.00,1600.13
94.779,59665.96,14209.44,145080.18,2546187.75,142877.21,400.01,8703.73,0.00,0.00,1000.05,0.00,1200.07
94.925,61979.05,13808.92,145688.37,2489422.52,138316.02,400.01,11306.30,0.00,100.00,1500.11,100.00,1300.09
95.071,60571.03,9904.59,149946.78,2455861.19,137708.02,400.01,9304.27,0.00,0.00,1600.13,0.00,1400.10
95.217,59967.64,7602.70,136872.76,2486390.49,141255.25,200.00,8503.57,0.00,100.00,600.02,0.00,800.03
95.364,59665.96,7202.43,140621.04,2548351.03,136593.44,700.02,8303.40,0.00,0.00,1600.13,0.00,1100.06
95.510,63286.68,7802.85,146398.01,2528279.35,132338.80,800.03,11306.30,100.00,0.00,900.04,0.00,1300.09
95.656,56549.10,6602.04,143965.23,2476943.61,136188.15,500.01,10505.44,0.00,0.00,600.02,0.00,1600.13
95.802,64594.47,7002.29,138493.46,2467546.73,136694.74,400.01,7803.00,0.00,0.00,1000.05,0.00,1400.10
95.948,61375.59,7502.63,141938.32,2460998.30,138214.69,500.01,9404.36,100.00,0.00,800.03,0.00,1300.09
96.094,59062.62,6001.68,145282.89,2496848.10,144499.47,300.00,9104.09,0.00,0.00,1200.07,0.00,1800.17
96.240,59464.84,5901.63,143863.88,2504515.88,152512.96,600.02,9804.74,0.00,0.00,1100.06,0.00,1800.17
96.386,60470.45,6201.80,151569.51,2510830.52,137302.69,300.00,7002.42,0.00,200.00,1600.13,0.00,1300.09
96.532,60571.03,4500.95,151062.39,2595318.42,132338.80,500.01,9804.74,0.00,100.00,1600.13,0.00,1000.05
96.678,62783.74,6501.98,151772.34,2598801.62,142674.47,400.01,10505.44,0.00,0.00,400.01,0.00,2500.32
96.824,63085.50,5301.32,153395.32,2540273.88,135782.89,300.00,10205.14,0.00,0.00,300.00,0.00,1600.13
96.970,67613.03,4500.95,151873.79,2569291.27,145310.67,600.02,8603.65,0.00,200.00,1500.11,0.00,1300.09
97.116,60772.15,33051.04,144776.11,2476818.22,137505.35,600.02,10405.34,0.00,0.00,1200.07,0.00,1500.12
97.262,66003.02,5701.52,142140.99,2623918.22,150585.10,400.01,8403.48,0.00,100.00,1300.09,0.00,1200.07
97.408,58459.32,6602.04,155424.41,2476091.66,145817.70,100.00,9704.64,300.00,0.00,1400.10,0.00,1000.05
97.554,60973.30,5301.32,149744.01,2591693.42,145107.88,400.01,10004.94,100.00,100.00,1500.11,0.00,1400.10
97.700,59464.84,5101.22,145181.56,2484410.99,136796.06,400.01,10305.24,0.00,0.00,1500.11,0.00,1100.06
97.846,62280.80,5801.57,148020.18,2572131.31,141660.71,200.00,10004.94,100.00,0.00,1700.15,0.00,1200.07
97.992,64091.46,6702.10,145181.56,2455861.19,140748.43,400.01,9804.74,200.00,0.00,1900.18,0.00,1300.09
98.138,62582.56,9203.96,149744.01,2520979.16,142167.57,1000.05,9804.74,200.00,200.00,1700.15,0.00,1000.05
98.284,68518.76,10805.46,139810.49,2404074.27,138214.69,300.00,9604.55,100.00,100.00,2200.25,0.00,1800.17
98.430,63085.50,11305.98,137986.97,2567044.39,143181.39,400.01,9204.18,800.03,2700.36,1400.10,0.00,1900.19
98.576,63890.25,13608.66,147310.44,2533976.03,140545.69,100.00,9704.64,1400.10,3600.64,2500.32,100.00,1200.07
98.722,58157.69,19918.55,149541.17,2476960.21,137100.03,300.00,9604.55,2300.26,4901.19,1800.17,100.00,1300.09
98.868,60671.58,18215.51,157859.78,2611130.14,136086.82,700.02,8403.48,1800.16,3100.47,2300.27,200.00,1800.17
99.014,65600.56,16813.22,153091.01,2539480.53,136593.44,500.01,9604.55,1100.06,2100.22,2400.29,0.00,1400.10
99.160,66304.88,16512.75,160498.72,2512676.62,140241.63,500.01,12407.59,400.01,1400.10,1400.10,0.00,2100.23
99.306,61375.59,15711.54,148324.36,2505351.23,137201.36,0.00,8803.82,100.00,800.03,1500.11,0.00,1600.13
99.452,58459.32,15310.96,141330.33,2451743.41,134871.11,200.00,9104.09,300.00,300.00,2600.34,0.00,1300.09
99.598,63689.05,9103.88,146499.37,2530000.06,143586.91,600.02,10705.65,200.00,300.00,2100.22,0.00,700.03
99.744,62481.97,9504.23,149845.39,2551850.84,140038.92,500.01,8603.65,100.00,100.00,2500.32,0.00,800.03
99.890,61476.16,8203.15,150960.97,2525172.32,134668.50,200.00,8403.48,100.00,100.00,1400.10,0.00,900.04
100.036,61979.05,8903.71,142749.03,2478547.32,137910.67,300.00,8803.82,0.00,100.00,2400.29,0.00,900.04
100.182,67613.03,8203.15,144978.80,2497633.26,139025.42,400.01,8703.73,100.00,0.00,1400.10,0.00,2100.23
100.328,59867.07,8703.54,149642.57,2441678.37,151904.14,200.00,9004.00,0.00,200.00,2200.25,0.00,1800.17
100.474,61073.87,7002.29,148020.18,2440993.41,142775.86,1000.05,10004.94,0.00,0.00,1900.18,0.00,1700.15
100.620,66103.65,6501.98,144066.56,2424187.75,140849.77,200.00,8203.32,0.00,0.00,2100.22,0.00,1500.12
100.766,64493.86,6702.10,142445.01,2438888.53,137404.02,300.00,11306.30,100.00,100.00,2200.25,0.00,1800.17
100.912,60671.58,6702.10,138392.17,2493590.49,136289.48,500.01,7803.00,0.00,0.00,1400.10,0.00,800.03
101.058,64795.67,5901.63,129886.18,2536749.08,140748.43,600.02,10705.65,300.00,0.00,1000.05,0.00,1800.17
101.204,61878.48,6101.74,141431.64,2504758.26,137910.67,500.01,7002.42,100.00,100.00,2100.22,0.00,1200.07
101.350,63387.27,7802.85,143863.88,2574779.16,144398.06,500.01,12507.71,0.00,0.00,2100.22,0.00,1700.15
101.497,67411.76,6602.04,142647.71,2561080.53,141457.97,500.01,9304.27,200.00,0.00,900.04,0.00,1800.17
101.643,64594.47,6602.04,144674.73,2571304.35,145919.12,0.00,8103.24,0.00,0.00,1900.18,0.00,1600.13
101.789,68015.57,6401.92,142445.01,2535604.74,147339.02,700.02,8503.57,0.00,0.00,1600.13,0.00,1400.10
101.935,60872.72,5201.27,137176.61,2521956.50,141964.83,300.00,9104.09,200.00,0.00,1600.13,0.00,1900.19
102.081,58962.06,5501.42,142850.38,2434829.16,136796.06,800.03,9504.45,0.00,100.00,1600.13,100.00,1500.12
102.227,64393.26,5301.32,139607.86,2494192.05,144296.66,300.00,9804.74,0.00,0.00,1500.11,0.00,1400.10
102.373,64695.07,3500.57,135252.27,2430986.77,147846.12,300.00,8203.32,0.00,0.00,1000.05,0.00,1400.10
102.519,62984.90,3900.71,152482.38,2471021.54,146121.96,400.01,8903.91,100.00,0.00,1300.09,0.00,1300.09
102.665,56046.46,3300.51,138898.70,2527135.21,140545.69,0.00,9904.84,0.00,0.00,1800.17,0.00,1700.15
102.811,60973.30,4801.08,136265.04,2450298.30,146831.86,300.00,8003.16,100.00,0.00,1800.17,100.00,1200.07
102.957,64393.26,4300.86,133733.30,2490533.45,140545.69,100.00,10905.87,0.00,0.00,3200.52,0.00,1500.12
103.103,60973.30,4801.08,140215.75,2450690.88,136897.39,400.01,5801.66,0.00,100.00,1900.18,0.00,900.04
103.249,57453.90,5801.57,123207.63,2494008.26,134769.79,700.02,11506.53,100.00,0.00,1000.05,0.00,1400.10
103.395,59464.84,4200.83,138999.99,2424271.34,132541.37,100.00,10705.65,0.00,0.00,1500.11,0.00,900.04
103.541,68720.05,4801.08,137480.51,2364315.29,138417.36,200.00,8803.82,0.00,0.00,1500.11,0.00,1100.06
103.687,57152.28,5201.27,135252.27,2458308.65,138012.01,400.01,8303.40,0.00,0.00,900.04,0.00,1400.10
103.833,56549.10,4901.12,139709.20,2414807.67,130515.92,400.01,8203.32,0.00,0.00,800.03,0.00,1900.19
103.978,61476.16,4500.95,143661.15,2363095.95,127680.97,400.01,10505.44,0.00,0.00,800.03,0.00,1500.12
104.125,58861.51,10705.36,134644.66,2386299.66,130414.68,200.00,6702.22,0.00,200.00,1300.09,0.00,1100.06
104.271,61979.05,5001.17,129076.44,2354141.65,137606.69,400.01,9304.27,0.00,0.00,1000.05,0.00,1100.06
104.417,59163.18,5201.27,133227.02,2422575.64,141863.46,400.01,7803.00,0.00,0.00,900.04,0.00,1500.12
104.563,56348.04,7302.49,133429.50,2346582.47,128389.64,200.00,8803.82,0.00,100.00,1400.10,0.00,1500.12
104.709,66908.62,5801.57,147006.28,2453806.50,138214.69,300.00,7202.56,0.00,0.00,1500.11,0.00,1800.17
104.855,64996.88,6301.86,138189.58,2438763.34,132034.99,300.00,7803.00,100.00,0.00,600.02,0.00,1700.15
105.001,61979.05,4400.91,138797.39,2403297.51,122215.74,300.00,9004.00,0.00,0.00,1000.05,0.00,1100.06
105.147,63186.08,5001.17,142445.01,2353189.51,134364.60,500.01,8203.32,0.00,0.00,1500.11,0.00,1200.07
105.293,61677.33,7402.56,142951.72,2447141.07,138620.02,500.01,8403.48,0.00,0.00,700.03,0.00,1600.13
105.439,63890.25,5101.22,135657.38,2389365.29,125454.07,200.00,9604.55,0.00,100.00,700.03,0.00,1600.13
105.585,63990.84,6501.98,148222.94,2367464.31,135175.03,200.00,11506.53,0.00,0.00,700.03,0.00,1300.09
105.731,68015.57,5001.17,145485.65,2365384.43,128895.86,200.00,8603.65,0.00,100.00,600.02,0.00,2200.25
105.877,65097.50,5901.63,155830.25,2607889.32,138113.36,600.02,11206.19,100.00,0.00,900.04,0.00,1900.19
106.023,63990.84,5501.42,144167.94,2500289.51,134567.20,300.00,9404.36,0.00,0.00,600.02,0.00,1700.15
106.169,57654.98,5601.47,147817.37,2497850.45,129705.85,200.00,9804.74,0.00,0.00,800.03,0.00,1300.09
106.315,65097.50,6201.80,155221.49,2575004.55,138620.02,300.00,8203.32,200.00,100.00,600.02,0.00,1400.10
106.461,64996.88,5801.57,143053.07,2422091.27,134263.30,400.01,9104.09,0.00,0.00,1100.06,0.00,1000.05
106.607,64594.47,5801.57,143661.15,2478121.34,138012.01,100.00,8903.91,0.00,0.00,900.04,0.00,2000.21
106.753,59967.64,5301.32,164153.74,2468164.90,138417.36,100.00,11005.97,100.00,0.00,1000.05,0.00,1000.05
106.899,65902.40,4801.08,144167.94,2540399.28,143384.15,200.00,9004.00,100.00,0.00,900.04,0.00,1300.09
107.045,66808.00,5101.22,143154.42,2514163.34,136897.39,600.02,9404.36,0.00,0.00,800.03,0.00,1000.05
107.191,65902.40,4200.83,143965.23,2500623.49,134871.11,300.00,10205.14,0.00,0.00,1000.05,0.00,1700.15
107.337,74558.97,4400.91,140114.44,2531896.15,133149.09,300.00,8903.91,100.00,0.00,400.01,0.00,900.04
107.483,68317.48,4600.99,135049.73,2380795.37,131224.80,300.00,8403.48,100.00,0.00,700.03,0.00,1600.13
107.630,60973.30,3700.64,141634.32,2411165.87,133452.93,400.01,10205.14,0.00,100.00,1200.07,0.00,1700.15
107.776,64896.28,4701.03,144573.36,2563077.01,136998.72,100.00,8803.82,0.00,0.00,1100.06,0.00,1500.12
107.922,68518.76,4300.86,146499.37,2597640.49,140647.06,200.00,8803.82,0.00,0.00,900.04,0.00,2500.32
108.068,68216.84,4901.12,139303.92,2544617.44,139633.50,700.02,9704.64,0.00,0.00,1100.06,0.00,1100.06
108.214,68720.05,7902.92,151772.34,2589646.93,144600.85,700.02,10305.24,200.00,0.00,1000.05,0.00,900.04
108.360,63689.05,8103.07,136062.47,2486707.87,139532.16,300.00,9204.18,0.00,0.00,500.01,0.00,1600.13
108.506,64192.06,9404.14,146600.76,2467279.55,134668.50,100.00,8803.82,0.00,0.00,1300.09,0.00,1300.09
108.652,67713.66,10104.78,133834.55,2399605.72,147339.02,100.00,8503.57,100.00,100.00,800.03,0.00,2000.21
108.798,64493.86,8203.15,141127.65,2685511.19,141457.97,0.00,7102.49,0.00,0.00,500.01,0.00,1200.07
108.944,63689.05,6501.98,143357.12,2402971.73,123632.39,200.00,9504.45,0.00,0.00,400.01,0.00,2000.21
109.090,64695.07,5101.22,145080.18,2475882.87,128490.87,300.00,10805.76,100.00,0.00,800.03,0.00,1900.19
109.236,59665.96,3800.68,139607.86,2411483.26,134364.60,400.01,8203.32,0.00,100.00,400.01,0.00,1200.07
109.382,56448.57,4300.86,140519.72,2398920.76,136289.48,200.00,11005.97,0.00,0.00,300.00,0.00,1500.12
109.528,64091.46,3100.45,139506.55,2377036.58,138214.69,0.00,9704.64,0.00,0.00,500.01,0.00,1000.05
109.674,61375.59,4400.91,136568.89,2373110.80,140545.69,0.00,7202.56,0.00,0.00,600.02,0.00,1400.10
109.820,62582.56,3900.71,139709.20,2371097.71,142167.57,300.00,8303.40,0.00,0.00,500.01,0.00,1100.06
109.966,61174.44,3900.71,140013.14,2442304.74,132946.51,100.00,9604.55,0.00,0.00,700.03,0.00,1500.12
110.112,62481.97,3000.42,132214.53,2475849.27,128288.41,200.00,9004.00,0.00,100.00,1300.09,0.00,1200.07
110.258,64996.88,4000.75,135657.38,2291370.95,122924.05,0.00,8903.91,0.00,0.00,0.00,0.00,1600.13
110.404,57654.98,4100.79,134644.66,2357357.47,132743.95,300.00,9004.00,0.00,0.00,600.02,0.00,1100.06
110.550,62180.22,2300.25,132619.51,2372960.40,136188.15,500.01,6502.09,0.00,100.00,400.01,0.00,1100.06
110.696,58559.86,2800.37,130999.67,2456529.55,129604.62,500.01,10105.04,0.00,200.00,500.01,0.00,1000.05
110.842,63890.25,2900.39,140925.03,2337586.58,127478.51,200.00,9204.18,0.00,0.00,400.01,0.00,1100.06
110.988,63186.08,3300.51,133834.55,2396807.48,125454.07,100.00,8603.65,0.00,0.00,600.02,0.00,1600.13
111.134,59565.41,4400.91,118757.57,2286868.80,123429.98,300.00,9804.74,0.00,0.00,400.01,100.00,1600.13
111.280,59464.84,3900.71,129380.09,2268893.80,127782.21,200.00,9504.45,200.00,0.00,400.01,0.00,1500.12
111.426,58660.42,3800.68,127457.14,2350775.64,131224.80,300.00,8303.40,0.00,0.00,500.01,0.00,1400.10
111.572,60068.20,3200.48,137277.90,2327605.13,132440.10,100.00,9004.00,0.00,100.00,100.00,0.00,2200.25
111.718,63085.50,2800.37,131202.15,2303674.47,133351.66,100.00,8803.82,0.00,0.00,800.03,0.00,2000.21
111.864,59163.18,4500.95,129987.42,2240193.80,134668.50,100.00,6802.28,0.00,0.00,600.02,0.00,1400.10
112.010,65198.12,3700.64,124016.95,2294436.38,119989.97,200.00,7803.00,0.00,0.00,500.01,0.00,1400.10
112.156,61979.05,4801.08,125939.25,2332182.47,124948.00,0.00,8103.24,0.00,0.00,800.03,0.00,1600.13
112.302,59464.84,3900.71,119768.80,2262345.17,122316.92,0.00,8203.32,0.00,0.00,1000.05,0.00,1500.12
112.448,58459.32,3700.64,120375.56,2284797.32,121709.85,0.00,8603.65,0.00,0.00,1000.05,0.00,800.03
112.594,64493.86,2700.34,128671.58,2349898.49,128794.61,100.00,8303.40,100.00,0.00,1200.07,0.00,1600.13
112.740,65399.34,3500.57,127659.55,2384144.78,131123.51,100.00,8503.57,0.00,100.00,800.03,0.00,1600.13
112.886,63990.84,3700.64,134745.91,2332499.86,134060.71,200.00,9904.84,0.00,0.00,1200.07,0.00,2000.21
113.032,63487.86,4000.75,134340.88,2332742.04,140545.69,300.00,8303.40,0.00,0.00,600.02,0.00,2000.21
113.178,70531.78,4801.08,133733.30,2347676.81,130212.15,0.00,9604.55,0.00,0.00,200.00,0.00,1300.09
113.324,59062.62,4701.03,129987.42,2429608.65,128490.87,0.00,8103.24,0.00,0.00,400.01,0.00,1500.12
113.470,62481.97,3100.45,124623.94,2331213.53,133858.11,0.00,9504.45,0.00,0.00,1000.05,0.00,1200.07
113.616,64393.26,4701.03,132214.53,2262161.57,130920.96,0.00,8703.73,0.00,100.00,800.03,0.00,1000.05
113.762,67512.40,2900.39,126951.17,2339073.49,129604.62,0.00,9904.84,0.00,0.00,800.03,0.00,900.04
113.909,66003.02,2600.32,130999.67,2265051.61,129402.11,200.00,7302.63,100.00,0.00,700.03,0.00,1200.07
114.055,63487.86,3400.54,135758.65,2417413.73,128794.61,100.00,10004.94,100.00,0.00,900.04,0.00,1600.13
114.201,57654.98,3100.45,129380.09,2385021.73,126466.24,100.00,8103.24,0.00,0.00,400.01,0.00,1600.13
114.346,68317.48,3900.71,131202.15,2419276.42,132237.52,300.00,8503.57,0.00,0.00,600.02,0.00,1300.09
114.493,61275.01,4000.75,134442.12,2418516.26,139329.46,800.03,8103.24,0.00,0.00,1100.06,0.00,1400.10
114.639,67713.66,3000.42,129886.18,2394760.99,136086.82,0.00,8503.57,0.00,0.00,500.01,0.00,2000.21
114.785,59163.18,3800.68,126344.02,2364123.30,132440.10,0.00,9004.00,100.00,0.00,800.03,0.00,1300.09
114.931,59967.64,3100.45,121285.78,2271098.88,126061.36,200.00,9104.09,0.00,0.00,1000.05,0.00,1600.13
115.077,58962.06,2900.39,123207.63,2407006.11,126466.24,0.00,8803.82,100.00,100.00,800.03,0.00,1100.06
115.223,61677.33,2500.29,133125.75,2465617.24,138620.02,200.00,8703.73,0.00,0.00,500.01,0.00,1200.07
115.369,68116.21,4500.95,123511.11,2384194.78,138012.01,200.00,10305.24,0.00,100.00,600.02,200.00,1500.12
115.515,60068.20,4600.99,132012.06,2319544.78,134060.71,100.00,9704.64,200.00,0.00,500.01,0.00,1200.07
115.661,63689.05,4600.99,125736.89,2426493.02,153832.23,100.00,9604.55,100.00,0.00,300.00,0.00,1000.05
115.807,61576.75,2900.39,119566.53,2320655.72,141153.86,0.00,7903.08,0.00,0.00,700.03,0.00,800.03
115.953,67713.66,4300.86,129784.95,2345638.72,138113.36,100.00,9704.64,0.00,100.00,300.00,0.00,1800.17
116.099,64493.86,3700.64,128469.17,2392572.71,136188.15,300.00,8803.82,0.00,0.00,700.03,0.00,1300.09
116.245,68921.35,4000.75,124118.09,2420053.18,139025.42,200.00,8303.40,0.00,0.00,500.01,100.00,1600.13
116.391,70431.14,3700.64,123915.77,2433334.04,134162.01,200.00,9304.27,0.00,0.00,600.02,0.00,1700.15
116.537,61677.33,3500.57,119667.65,2497766.85,131022.24,200.00,9904.84,0.00,0.00,800.03,100.00,1500.12
116.683,64493.86,2500.29,110974.43,2470060.99,135782.89,100.00,6802.28,100.00,100.00,500.01,0.00,1000.05
116.829,64996.88,3200.48,122904.17,2332691.85,132338.80,200.00,9404.36,100.00,100.00,600.02,0.00,1000.05
116.975,62783.74,3200.48,113298.66,2330236.18,136796.06,100.00,8903.91,100.00,0.00,1100.06,0.00,1900.19
117.121,69323.93,3200.48,121083.52,2304635.01,131832.42,0.00,7803.00,0.00,0.00,800.03,0.00,1600.13
117.267,67311.13,3700.64,127457.14,2363739.12,132034.99,100.00,8103.24,0.00,0.00,700.03,0.00,900.04
117.413,61476.16,4200.83,129886.18,2428121.93,132845.22,100.00,11606.64,0.00,0.00,300.00,0.00,1400.10
117.559,66003.02,3300.51,117544.23,2345763.92,130212.15,300.00,8603.65,0.00,0.00,900.04,0.00,1000.05
117.705,58358.78,3100.45,119263.17,2315468.61,134263.30,100.00,7402.70,0.00,100.00,800.03,0.00,900.04
117.851,59565.41,3600.61,127659.55,2281214.11,135681.57,100.00,10105.04,100.00,0.00,1200.07,0.00,1200.07
117.997,62381.38,3100.45,119060.92,2382198.49,138518.69,100.00,8103.24,0.00,0.00,1200.07,0.00,1600.13
118.143,64896.28,3300.51,123511.11,2381438.53,133959.41,300.00,9404.36,0.00,0.00,800.03,0.00,900.04
118.289,63487.86,3400.54,119364.30,2315092.63,128997.12,300.00,7602.85,0.00,0.00,500.01,0.00,1700.15
118.435,61476.16,4000.75,114208.29,2399096.15,129098.35,200.00,9204.18,0.00,0.00,600.02,0.00,900.04
118.581,63286.68,4500.95,114915.84,2450173.10,133858.11,100.00,7702.93,300.00,200.00,1300.09,0.00,1800.17
118.727,59062.62,3200.48,115016.90,2287252.98,131832.42,100.00,7602.85,0.00,0.00,1500.11,100.00,1000.05
118.873,66808.00,3800.68,117342.04,2328565.68,139025.42,0.00,7602.85,0.00,0.00,1100.06,0.00,1500.12
119.018,64896.28,5801.57,127457.14,2402278.57,133756.83,200.00,9804.74,0.00,0.00,1200.07,0.00,1800.17
119.165,60369.89,4200.83,110671.29,2305729.35,127680.97,200.00,8503.57,0.00,0.00,600.02,0.00,1300.09
119.311,60068.20,3600.61,115724.51,2363338.14,138721.39,100.00,8203.32,0.00,200.00,800.03,0.00,800.03
119.457,61677.33,5601.47,112591.23,2344761.58,126871.13,100.00,8103.24,0.00,0.00,700.03,0.00,1300.09
119.603,58861.51,3500.57,116229.95,2306313.92,133351.66,200.00,8003.16,100.00,0.00,400.01,0.00,1500.12
119.749,59263.73,3500.57,116533.24,2358376.62,133655.53,100.00,9404.36,0.00,0.00,700.03,0.00,2200.25
119.895,64996.88,4701.03,113905.06,2287520.36,140748.43,100.00,9304.27,0.00,0.00,500.01,0.00,1600.13
120.042,63890.25,3500.57,117342.04,2318968.41,135175.03,0.00,7903.08,100.00,100.00,700.03,0.00,600.02
120.188,60269.33,3800.68,118757.57,2311083.45,137505.35,0.00,9904.84,0.00,0.00,400.01,0.00,1400.10
120.334,56649.62,3900.71,113197.59,2305562.36,125858.90,300.00,11005.97,0.00,0.00,400.01,0.00,600.02
120.480,58962.06,3400.54,115825.59,2293083.25,128592.13,100.00,7302.63,0.00,0.00,1300.09,0.00,1000.05
120.626,61476.16,2000.19,118656.48,2322985.99,132136.25,200.00,9304.27,0.00,0.00,500.01,0.00,1700.15
120.772,60872.72,3100.45,120173.29,2298211.77,136593.44,200.00,9304.27,0.00,0.00,500.01,0.00,1300.09
120.918,60269.33,4400.91,112389.10,2345880.91,139937.55,200.00,7803.00,0.00,0.00,1500.11,0.00,1200.07
121.064,61073.87,8303.23,124118.09,2391277.98,137302.69,0.00,9204.18,0.00,0.00,1000.05,0.00,1300.09
121.210,63387.27,9904.59,115118.00,2380770.17,144905.07,0.00,8903.91,0.00,100.00,1200.07,0.00,1900.19
121.356,65701.17,13208.16,119060.92,2404375.05,138316.02,100.00,9304.27,0.00,0.00,800.03,0.00,1300.09
121.502,64996.88,14609.98,117948.67,2323687.75,139734.84,300.00,9304.27,0.00,200.00,900.04,0.00,1100.06
121.648,69323.93,14109.31,118150.89,2471439.12,140038.92,0.00,9004.00,0.00,0.00,1500.11,0.00,1100.06
121.794,65902.40,28939.13,119566.53,2500347.91,141762.08,200.00,8403.48,0.00,0.00,600.02,0.00,2200.25
121.940,62079.65,8003.00,127558.33,2484127.01,144702.25,100.00,8203.32,100.00,100.00,1300.09,0.00,1900.19
122.086,61777.89,6802.17,118150.89,2284095.75,136390.77,200.00,9604.55,100.00,0.00,900.04,0.00,1000.05
122.232,62783.74,5601.47,132619.51,2372960.40,143688.30,100.00,8703.73,0.00,0.00,900.04,0.00,1800.17
122.378,65801.79,6602.04,115118.00,2399204.74,133756.83,300.00,9104.09,0.00,0.00,1000.05,0.00,1300.09
122.524,67512.40,5701.52,125231.00,2537718.03,139937.55,200.00,10004.94,100.00,0.00,1100.06,0.00,1100.06
122.670,66405.50,4300.86,128772.79,2538929.16,137505.35,100.00,11005.97,0.00,0.00,1400.10,0.00,1000.05
122.816,62582.56,3800.68,118757.57,2412928.18,139734.84,200.00,7903.08,0.00,0.00,1500.11,0.00,1600.13
122.962,61677.33,3100.45,119162.06,2405870.17,132743.95,200.00,10004.94,0.00,100.00,700.03,0.00,1000.05
123.108,65600.56,4600.99,121690.36,2395963.92,143992.50,0.00,7502.78,0.00,0.00,1100.06,0.00,800.03
123.254,62783.74,4100.79,117139.82,2379818.02,131427.35,100.00,9204.18,0.00,0.00,900.04,0.00,2200.25
123.400,60068.20,4300.86,123511.11,2433718.22,141660.71,0.00,10305.24,0.00,100.00,1000.05,0.00,1200.07
123.546,58459.32,3300.51,122701.86,2545845.17,139228.10,0.00,8703.73,0.00,0.00,1600.13,0.00,1500.12
123.692,65399.34,3600.61,124016.95,2511056.11,140748.43,0.00,8803.82,0.00,0.00,1400.10,0.00,2100.23
123.838,68418.13,4500.95,130898.45,2386608.84,138924.08,100.00,10105.04,0.00,100.00,1100.06,0.00,1400.10
123.984,63487.86,3700.64,125433.34,2430001.23,149773.50,300.00,7502.78,0.00,0.00,1600.13,0.00,1300.09
124.130,70934.44,3500.57,115320.14,2452670.56,144600.85,100.00,8703.73,0.00,0.00,1700.15,0.00,1200.07
124.276,68015.57,3700.64,138493.46,2538845.56,147440.40,100.00,9804.74,0.00,0.00,1300.09,0.00,1000.05
124.422,66506.12,5401.36,139506.55,2484152.01,140748.43,300.00,8903.91,0.00,0.00,900.04,0.00,1300.09
124.568,64393.26,4701.03,127760.73,2488929.74,140647.06,200.00,8003.16,0.00,0.00,1300.09,0.00,1700.15
124.714,66103.65,5001.17,130088.61,2459661.77,136998.72,400.01,9104.09,0.00,0.00,800.03,0.00,1200.07
124.860,64996.88,3300.51,127052.36,2471472.52,144296.66,200.00,8403.48,0.00,200.00,1800.17,100.00,1100.06
125.006,69021.98,5701.52,121589.22,2403531.50,139430.80,0.00,10205.14,0.00,200.00,900.04,0.00,1300.09
125.152,62683.14,4701.03,118454.24,2237938.53,142167.57,0.00,8103.24,0.00,0.00,1000.05,0.00,2200.25
125.298,58358.78,5901.63,117139.82,2222427.59,142775.86,0.00,8503.57,0.00,0.00,1200.07,0.00,900.04
125.444,59967.64,6702.10,124219.27,2292465.09,130212.15,300.00,9804.74,0.00,0.00,1100.06,0.00,1300.09
125.590,59163.18,5801.57,112894.41,2217407.47,125251.63,0.00,8403.48,0.00,0.00,1200.07,0.00,900.04
125.736,60470.45,6902.23,109256.81,2440308.45,135985.50,100.00,8503.57,0.00,0.00,300.00,0.00,1500.12
125.882,58962.06,9704.41,116634.34,2315810.99,129908.38,400.01,9104.09,0.00,0.00,900.04,0.00,1500.12
126.028,60872.72,10705.36,121184.65,2303256.89,128288.41,0.00,8003.16,0.00,0.00,500.01,0.00,1900.19
126.175,58057.14,14009.18,108044.56,2265761.57,135478.95,100.00,8803.82,100.00,0.00,1000.05,0.00,900.04
126.321,63085.50,11906.63,126951.17,2364073.10,140951.14,100.00,8103.24,0.00,0.00,1200.07,0.00,2200.25
126.467,66204.27,10705.36,115118.00,2420687.94,142268.95,0.00,9304.27,0.00,0.00,600.02,0.00,1000.05
126.613,63789.66,8603.46,132720.75,2393032.08,135175.03,0.00,9204.18,0.00,0.00,1000.05,0.00,1700.15
126.759,60470.45,7602.70,110974.43,2345438.14,135276.35,0.00,9404.36,0.00,100.00,1200.07,0.00,900.04
126.905,57554.43,7102.36,114814.75,2382089.90,136694.74,300.00,9104.09,0.00,0.00,1500.11,0.00,1800.17
127.051,56549.10,3900.71,117544.23,2344085.01,131629.87,0.00,10205.14,0.00,0.00,1100.06,0.00,1100.06
127.197,61174.44,4100.79,115522.33,2393032.08,134263.30,400.01,9904.84,0.00,0.00,600.02,0.00,1400.10
127.343,63789.66,3000.42,115926.67,2273746.73,135073.73,300.00,6301.96,0.00,0.00,1200.07,0.00,1400.10
127.489,59967.64,3900.71,124320.45,2381630.52,142573.10,200.00,10305.24,0.00,0.00,1100.06,0.00,1100.06
127.635,63890.25,4000.75,126344.02,2489389.12,131022.24,200.00,8503.57,100.00,0.00,1200.07,0.00,1300.09
127.781,63186.08,2800.37,115016.90,2366687.55,125757.69,100.00,7202.56,0.00,0.00,500.01,100.00,1000.05
127.927,58157.69,2800.37,113702.93,2317089.11,134567.20,200.00,9404.36,100.00,100.00,700.03,0.00,1500.12
128.073,66103.65,3900.71,115522.33,2472366.27,138822.73,100.00,7602.85,0.00,0.00,600.02,0.00,1200.07
128.219,60168.76,4100.79,113298.66,2348361.58,133756.83,0.00,6201.90,0.00,0.00,900.04,0.00,1400.10
128.365,59766.52,3300.51,117847.56,2288806.69,135073.73,0.00,8803.82,0.00,0.00,1000.05,0.00,1800.17
128.511,61777.89,4400.91,111277.54,2398954.16,140038.92,200.00,8403.48,0.00,0.00,200.00,0.00,1000.05
128.657,63890.25,3100.45,112692.28,2371331.69,135377.65,200.00,8303.40,0.00,0.00,700.03,0.00,700.03
128.803,62783.74,3300.51,112085.94,2346783.06,130718.47,100.00,7602.85,100.00,0.00,400.01,0.00,1300.09
128.949,60973.30,3200.48,108044.56,2308828.18,128389.64,400.01,10605.55,0.00,100.00,1400.10,0.00,1400.10
129.095,59464.84,3700.64,124421.60,2361684.23,134364.60,0.00,9804.74,0.00,0.00,900.04,0.00,1300.09
129.241,60772.15,2600.32,107236.46,2342873.88,131629.87,200.00,6702.22,0.00,0.00,1000.05,0.00,1300.09
129.386,58660.42,4000.75,111681.74,2365367.83,136492.11,100.00,8403.48,0.00,0.00,1900.18,0.00,900.04
129.533,68317.48,3400.54,109660.93,2289658.64,141052.49,300.00,8503.57,0.00,0.00,800.03,0.00,1400.10
129.679,62683.14,3900.71,111984.90,2388780.52,144803.68,100.00,9204.18,0.00,0.00,600.02,0.00,1400.10
129.825,58962.06,4000.75,107135.46,2353039.12,128085.93,0.00,7002.42,0.00,0.00,1200.07,0.00,1400.10
129.971,67009.25,4200.83,110267.14,2302363.14,123834.77,200.00,8903.91,0.00,0.00,700.03,0.00,1500.12
130.117,64695.07,2900.39,114410.45,2339658.06,130212.15,0.00,8203.32,0.00,0.00,700.03,0.00,700.03
130.263,66506.12,3300.51,112490.16,2351869.78,134972.42,0.00,7202.56,0.00,0.00,600.02,0.00,1800.17
130.409,60872.72,3300.51,109054.75,2304058.84,135580.26,0.00,8703.73,100.00,0.00,400.01,0.00,1500.12
130.555,65902.40,2800.37,109863.00,2340727.20,130617.19,400.01,6902.35,0.00,0.00,600.02,0.00,800.03
130.701,60872.72,3200.48,111277.54,2291479.54,129199.61,200.00,10105.04,0.00,0.00,700.03,0.00,1600.13
130.847,61275.01,3400.54,108549.66,2379976.81,137809.37,100.00,8203.32,0.00,0.00,700.03,0.00,1500.12
130.993,63689.05,3800.68,108044.56,2381196.15,128389.64,100.00,6702.22,0.00,0.00,800.03,0.00,1000.05
131.139,61677.33,1800.15,102994.96,2476158.45,137505.35,0.00,7002.42,0.00,0.00,600.02,200.00,900.04
131.285,55342.81,2800.37,110570.24,2367339.12,140849.77,200.00,7702.93,0.00,100.00,600.02,0.00,1400.10
131.431,65198.12,2400.27,108953.75,2414874.47,146831.86,0.00,7502.78,0.00,100.00,600.02,0.00,1100.06
131.577,68015.57,2200.23,119667.65,2300584.04,138924.08,0.00,9604.55,100.00,0.00,600.02,0.00,1100.06
131.723,60973.30,3300.51,115320.14,2311601.22,136694.74,0.00,7702.93,100.00,0.00,1300.09,0.00,1200.07
131.869,62280.80,2600.32,109458.86,2490984.43,139734.84,0.00,6702.22,0.00,0.00,1100.06,0.00,1900.19
132.015,62079.65,4600.99,114107.23,2455268.22,131629.87,300.00,7102.49,0.00,100.00,500.01,0.00,900.04
132.161,62683.14,4200.83,110368.18,2370396.15,135276.35,200.00,9304.27,0.00,0.00,900.04,0.00,1300.09
132.307,67713.66,4200.83,110671.29,2386383.26,147034.71,100.00,10205.14,0.00,100.00,700.03,0.00,1200.07
132.454,62783.74,3000.42,103903.73,2344761.58,133047.79,0.00,8603.65,0.00,0.00,500.01,100.00,2100.23
132.600,61878.48,4000.75,117847.56,2329643.22,132743.95,100.00,6301.96,0.00,100.00,800.03,0.00,1300.09
132.746,66204.27,2200.23,110974.43,2374455.52,145412.08,200.00,7903.08,0.00,0.00,1000.05,0.00,1900.19
132.892,64493.86,4200.83,121690.36,2492128.77,138214.69,200.00,8103.24,0.00,0.00,600.02,100.00,1700.15
133.038,62180.22,3900.71,118656.48,2550915.29,137910.67,100.00,10505.44,100.00,0.00,1100.06,0.00,1600.13
133.184,61174.44,2900.39,116634.34,2508057.48,140647.06,100.00,9604.55,200.00,0.00,1200.07,0.00,1300.09
133.330,65298.73,3000.42,121083.52,2459828.77,137708.02,0.00,9804.74,100.00,0.00,800.03,0.00,1900.19
133.476,62079.65,4600.99,112389.10,2409511.97,139734.84,100.00,8803.82,0.00,0.00,800.03,0.00,1600.13
133.622,61979.05,4000.75,117544.23,2438462.55,141964.83,200.00,8903.91,0.00,100.00,700.03,0.00,1600.13
133.768,62783.74,2900.39,119364.30,2442371.54,145412.08,400.01,7903.08,0.00,100.00,1100.06,0.00,1100.06
133.914,63487.86,2900.39,108044.56,2380502.98,129604.62,100.00,8803.82,100.00,0.00,900.04,0.00,1700.15
134.060,69726.53,2500.29,117746.45,2509160.02,139126.76,100.00,8903.91,0.00,0.00,1300.09,0.00,700.03
134.206,60872.72,3000.42,114612.58,2497675.06,137910.67,100.00,10004.94,0.00,0.00,600.02,0.00,1800.17
134.352,69323.93,3500.57,111479.64,2429500.05,139734.84,0.00,8503.57,0.00,0.00,1400.10,0.00,1600.13
134.498,64695.07,2300.25,120173.29,2382332.28,138214.69,100.00,8903.91,200.00,0.00,1300.09,0.00,1600.13
134.644,59062.62,1900.17,120780.09,2376836.19,138620.02,300.00,7803.00,100.00,0.00,800.03,0.00,800.03
134.790,69625.89,2100.21,116331.06,2367146.93,139734.84,200.00,8203.32,0.00,0.00,700.03,0.00,1300.09
134.936,66506.12,3000.42,125534.55,2429408.26,141356.61,0.00,7502.78,0.00,0.00,1500.11,0.00,1700.15
135.082,59263.73,3100.45,124016.95,2409545.37,131528.60,100.00,8503.57,0.00,100.00,800.03,0.00,1600.13
135.228,69625.89,2200.23,119162.06,2471063.34,127782.21,100.00,7202.56,0.00,0.00,1200.07,0.00,1500.12
135.374,68518.76,3100.45,113601.88,2298002.98,136998.72,100.00,9104.09,0.00,0.00,1600.13,0.00,900.04
135.520,69021.98,4100.79,113803.99,2387878.37,130110.88,100.00,7302.63,300.00,0.00,1400.10,0.00,800.03
135.666,59766.52,3000.42,120274.44,2466252.01,134364.60,100.00,8003.16,100.00,0.00,1800.17,100.00,1100.06
135.812,64594.47,2800.37,117544.23,2425540.87,134972.42,100.00,8103.24,100.00,100.00,900.04,0.00,1600.13
135.958,62984.90,3100.45,118353.12,2355569.97,128187.16,200.00,8503.57,100.00,0.00,300.00,0.00,1100.06
136.104,69223.27,2800.37,117645.35,2476434.04,127680.97,0.00,7803.00,0.00,0.00,1200.07,0.00,1000.05
136.250,64393.26,2700.34,121285.78,2428355.72,136289.48,100.00,9204.18,0.00,0.00,1100.06,0.00,1200.07
136.396,64393.26,4100.79,117139.82,2461123.49,134769.79,100.00,8703.73,0.00,0.00,800.03,0.00,1300.09
136.542,63487.86,3400.54,127355.95,2431671.73,131427.35,0.00,9104.09,100.00,0.00,1100.06,0.00,2200.25
136.688,63286.68,3200.48,134745.91,2378698.69,127680.97,200.00,7302.63,0.00,0.00,900.04,0.00,1700.15
136.834,63890.25,3100.45,127153.54,2349539.31,129503.36,0.00,8903.91,0.00,0.00,1400.10,0.00,1800.17
136.980,66707.37,2200.23,127457.14,2334821.93,133554.21,200.00,6402.02,0.00,0.00,400.01,0.00,1600.13
137.126,66606.75,5301.32,123713.44,2408409.43,129402.11,200.00,6802.28,0.00,0.00,600.02,0.00,900.04
137.272,61073.87,4100.79,122904.17,2406880.91,123935.96,300.00,7402.70,0.00,0.00,600.02,0.00,500.01
137.418,63186.08,4400.91,126546.37,2347451.22,129402.11,0.00,8203.32,0.00,0.00,800.03,0.00,1400.10
137.564,71337.10,4000.75,126040.46,2496739.51,127782.21,300.00,8503.57,0.00,100.00,700.03,0.00,1900.19
137.710,65198.12,3500.57,136366.31,2409461.77,140038.92,0.00,8503.57,0.00,100.00,500.01,0.00,1400.10
137.856,74256.87,4901.12,135859.93,2473669.39,132541.37,200.00,9304.27,0.00,0.00,1200.07,0.00,1200.07
138.002,70028.50,4300.86,126242.81,2403656.69,121305.13,100.00,9104.09,0.00,0.00,1400.10,0.00,800.03
138.148,71236.43,3800.68,130088.61,2432532.09,134871.11,200.00,7702.93,0.00,0.00,900.04,0.00,1600.13
138.294,69021.98,4200.83,132214.53,2514063.14,127782.21,100.00,8503.57,0.00,0.00,1400.10,0.00,1100.06
138.440,69726.53,3400.54,126344.02,2458291.85,130212.15,300.00,10305.24,0.00,0.00,1200.07,0.00,2000.21
138.587,70833.77,4200.83,127153.54,2447024.08,133959.41,200.00,8803.82,0.00,0.00,900.04,0.00,700.03
138.733,65600.56,3400.54,126141.65,2409695.76,129503.36,0.00,8403.48,100.00,0.00,500.01,0.00,600.02
138.879,64896.28,3500.57,128975.23,2275676.22,128490.87,200.00,8803.82,0.00,0.00,800.03,0.00,1300.09
139.025,68116.21,5301.32,129177.65,2424847.52,126972.37,100.00,8303.40,0.00,400.01,1000.05,0.00,1800.17
139.171,67814.30,4901.12,131303.36,2443257.09,130718.47,200.00,6602.15,100.00,0.00,2100.22,0.00,2100.23
139.317,70431.14,5901.63,137581.79,2482890.68,124340.76,0.00,8003.16,100.00,400.01,900.04,0.00,1100.06
139.463,69021.98,3300.51,115926.67,2366144.58,116449.98,100.00,9304.27,0.00,0.00,1100.06,0.00,2000.21
139.609,60470.45,4300.86,130797.21,2401292.83,128085.93,0.00,8603.65,0.00,0.00,500.01,0.00,1900.19
139.755,64896.28,3500.57,128570.38,2307291.26,120596.96,100.00,7302.63,0.00,0.00,700.03,0.00,1300.09
139.901,65499.94,3700.64,128165.54,2262278.37,125454.07,200.00,8603.65,0.00,100.00,600.02,0.00,1400.10
140.047,61979.05,4000.75,120780.09,2297460.21,120293.47,200.00,7402.70,0.00,0.00,800.03,0.00,1400.10
140.193,65701.17,3900.71,123713.44,2343049.27,121102.80,100.00,9304.27,0.00,200.00,900.04,0.00,700.03
140.339,66204.27,3400.54,124826.30,2333844.58,122114.55,0.00,8203.32,0.00,0.00,1400.10,0.00,1100.06
140.485,62381.38,3500.57,117139.82,2260816.65,116449.98,300.00,9804.74,0.00,100.00,1600.13,0.00,1400.10
140.631,70129.15,5001.17,129278.87,2332792.24,131629.87,200.00,8903.91,0.00,0.00,1700.15,0.00,1600.13
140.777,63588.46,4500.95,132923.26,2332015.29,125352.85,200.00,8503.57,0.00,0.00,1800.17,0.00,1100.06
140.923,66908.62,4200.83,134948.48,2383510.01,122519.28,100.00,7302.63,0.00,0.00,1500.11,0.00,700.03
141.069,60068.20,4901.12,127153.54,2201579.15,120698.12,0.00,10105.04,0.00,0.00,1000.05,0.00,1900.19
141.215,60872.72,3600.61,123713.44,2256690.48,120698.12,0.00,8803.82,0.00,0.00,1600.13,0.00,1000.05
141.361,64996.88,2500.29,119768.80,2148180.13,108059.91,500.01,6902.35,0.00,0.00,600.02,0.00,1700.15
141.507,65902.40,2400.27,126445.19,2263723.49,109676.76,100.00,7803.00,0.00,100.00,1200.07,0.00,800.03
141.653,62280.80,2900.39,118049.77,2235223.88,117562.42,200.00,8603.65,0.00,100.00,1000.05,0.00,1200.07
141.799,69424.59,3700.64,122196.08,2280111.57,122316.92,400.01,7702.93,0.00,0.00,900.04,0.00,1000.05
141.945,56348.04,3500.57,114915.84,2195389.70,121102.80,100.00,6502.09,0.00,0.00,800.03,0.00,1200.07
142.091,56348.04,3400.54,116027.79,2135358.64,114933.19,300.00,9304.27,0.00,0.00,900.04,0.00,1400.10
142.237,62481.97,2100.21,118858.68,2267891.46,114124.33,400.01,8603.65,0.00,100.00,800.03,0.00,1000.05
142.383,60269.33,3200.48,112389.10,2130564.31,119989.97,400.01,8203.32,0.00,0.00,1100.06,0.00,1700.15
142.529,62381.38,2900.39,120881.23,2295422.12,123025.25,100.00,8803.82,0.00,0.00,1000.05,0.00,700.03
142.675,63286.68,3200.48,113298.66,2278833.45,116955.62,100.00,6702.22,0.00,0.00,700.03,0.00,700.03
142.821,58861.51,3300.51,120274.44,2205563.33,119888.82,200.00,8303.40,0.00,0.00,400.01,0.00,900.04
142.967,63890.25,1600.12,122701.86,2211710.99,119888.82,0.00,8703.73,0.00,0.00,3600.66,100.00,700.03
143.113,67311.13,3100.45,123612.27,2193944.78,114933.19,200.00,8903.91,0.00,0.00,800.03,0.00,2300.27
143.259,62079.65,2700.34,131505.85,2301552.98,118978.41,500.01,8603.65,0.00,0.00,800.03,0.00,1400.10
143.405,57654.98,3400.54,127355.95,2230345.95,121001.63,0.00,7903.08,0.00,0.00,700.03,0.00,1200.07
143.551,61375.59,2100.21,127457.14,2286610.01,112810.07,300.00,8003.16,0.00,100.00,500.01,0.00,1400.10
143.697,61777.89,2600.32,124927.48,2218075.83,106342.30,400.01,8403.48,0.00,0.00,300.00,0.00,1100.06
143.843,67411.76,2900.39,118251.98,2305654.15,119989.97,100.00,9504.45,0.00,0.00,600.02,0.00,1500.12
143.989,65701.17,2600.32,139303.92,2459344.39,123632.39,100.00,9804.74,0.00,0.00,1000.05,0.00,1100.06
144.135,61275.01,3600.61,135150.98,2259889.50,116551.10,0.00,7502.78,0.00,0.00,200.00,0.00,1500.12
144.281,59464.84,2900.39,128671.58,2187596.73,122316.92,0.00,9704.64,0.00,0.00,800.03,0.00,1500.12
144.427,55945.94,4500.95,130291.07,2154002.00,113214.46,100.00,7302.63,0.00,0.00,600.02,0.00,1300.09
144.573,60973.30,3600.61,117544.23,2157092.43,118169.27,100.00,9504.45,0.00,0.00,1500.11,0.00,1000.05
144.720,60470.45,3300.51,121285.78,2278340.68,113719.94,400.01,7402.70,0.00,0.00,1300.09,0.00,1400.10
144.866,54036.15,3800.68,133125.75,2215945.75,121001.63,200.00,8203.32,0.00,0.00,1400.10,0.00,2200.25
145.012,60973.30,2500.29,116432.13,2194921.92,119585.34,300.00,9204.18,0.00,0.00,1200.07,0.00,2000.21
145.158,60973.30,2800.37,125736.89,2192858.84,120900.45,200.00,9904.84,0.00,0.00,1100.06,0.00,1300.09
145.304,57654.98,3300.51,146600.76,2359612.75,119787.65,500.01,7803.00,0.00,0.00,1700.15,0.00,1500.12
145.450,63387.27,3600.61,127861.93,2126162.35,116449.98,0.00,8303.40,0.00,0.00,300.00,0.00,1500.12
145.596,58459.32,2400.27,122701.86,2239692.63,121507.49,200.00,7903.08,100.00,0.00,1100.06,0.00,1600.13
145.742,60671.58,3600.61,119667.65,2231398.29,113821.04,0.00,7702.93,0.00,0.00,1100.06,0.00,1200.07
145.888,61174.44,3600.61,115926.67,2167742.24,112203.57,300.00,7002.42,0.00,0.00,500.01,0.00,1300.09
146.034,63186.08,3100.45,125939.25,2172979.35,124138.37,100.00,11306.30,0.00,0.00,1200.07,0.00,1300.09
146.180,56649.62,1500.11,132619.51,2066440.28,116551.10,200.00,8403.48,100.00,200.00,300.00,0.00,1100.06
146.326,67814.30,2400.27,126748.77,2096284.62,129807.11,0.00,9404.36,0.00,0.00,500.01,0.00,1100.06
146.472,62079.65,1400.09,130493.53,2117517.23,110485.26,100.00,8903.91,0.00,0.00,1100.06,0.00,2600.35
146.618,61375.59,2800.37,126647.59,2209664.50,115641.02,200.00,9704.64,0.00,0.00,900.04,0.00,1200.07
146.764,63689.05,2200.23,133024.51,2188122.90,118877.26,300.00,8703.73,0.00,0.00,1500.11,0.00,1500.12
146.910,55744.89,3900.71,131607.10,2248696.93,124846.80,200.00,8303.40,0.00,0.00,1700.15,0.00,1400.10
147.056,67713.66,4000.75,131809.56,2305027.59,129908.38,100.00,9904.84,100.00,0.00,1500.11,0.00,1200.07
147.202,63789.66,3700.64,136670.18,2258753.57,964018.87,100.00,9504.45,0.00,0.00,2400.29,0.00,1700.15
147.348,58660.42,2900.39,128165.54,2291905.52,111830.68,400.01,7702.93,0.00,0.00,700.03,0.00,1400.10
147.494,60772.15,3000.42,138696.08,2242691.26,119383.05,100.00,8903.91,0.00,0.00,600.02,0.00,1600.13
147.640,61878.48,2800.37,145587.00,2337578.18,133655.53,100.00,9904.84,0.00,0.00,1700.15,0.00,2300.27
147.786,64493.86,25129.52,149642.57,2726289.32,3131815.89,1400.09,152640.77,0.00,126384.17,499396.01,2000.21,4200.91
147.932,904917.79,81912.76,279618.29,2852089.71,2272121.14,200.00,284538.65,100.00,0.00,500.01,0.00,4300.96
148.078,58338.10,3400.54,129987.42,2268150.44,306972.81,0.00,6802.28,100.00,0.00,600.02,0.00,1400.10
148.224,60571.03,3200.48,128064.35,2217557.86,125454.07,100.00,19418.58,0.00,0.00,500.01,0.00,1600.13
148.370,56348.04,2400.27,126242.81,2225334.23,121305.13,300.00,8503.57,100.00,0.00,3100.49,0.00,1900.19
148.516,57252.82,2900.39,124522.78,2193535.40,140140.27,0.00,9104.09,0.00,0.00,1100.06,0.00,17616.02
148.662,61174.44,3700.64,131607.10,2424546.93,129300.86,300.00,8303.40,0.00,0.00,1700.15,0.00,1400.10
148.808,62079.65,2900.39,122904.17,2318208.25,126263.80,200.00,9504.45,0.00,0.00,1200.07,0.00,700.03
148.954,60872.72,2100.21,127052.36,2303582.67,126162.59,0.00,7903.08,0.00,0.00,1200.07,0.00,1000.05
149.100,59766.52,2300.25,114410.45,2256489.89,124239.59,200.00,8503.57,0.00,0.00,1300.09,0.00,2200.25
149.246,60168.76,2600.32,124016.95,2255721.53,127782.21,300.00,8803.82,0.00,100.00,800.03,0.00,1000.05
149.392,59867.07,2000.19,114713.67,2194228.76,129503.36,100.00,7903.08,0.00,0.00,500.01,0.00,1200.07
149.538,61073.87,2300.25,114713.67,2170022.51,124340.76,100.00,7903.08,0.00,0.00,1100.06,100.00,400.01
149.684,56046.46,3300.51,118858.68,2226612.35,124543.19,0.00,9304.27,0.00,100.00,700.03,0.00,800.03
149.830,57453.90,2800.37,115825.59,2103092.04,117663.56,200.00,9404.36,0.00,0.00,1000.05,0.00,800.03
149.976,55242.29,3800.68,110267.14,2207434.42,124948.00,200.00,8603.65,0.00,0.00,1100.06,0.00,1600.13
150.122,57252.82,3600.61,107842.53,2151988.92,118674.98,200.00,8503.57,0.00,0.00,1900.18,0.00,1400.10
150.268,52126.72,3200.48,107236.46,2146451.02,128490.87,300.00,9004.00,0.00,0.00,1400.10,0.00,1100.06
150.414,60369.89,5401.36,110166.10,2148539.31,128693.39,0.00,8403.48,0.00,0.00,700.03,0.00,1600.13
150.560,62079.65,3300.51,119162.06,2202230.71,133959.41,400.01,9004.00,100.00,0.00,1400.10,0.00,1400.10
150.706,62381.38,5101.22,122803.02,2235959.03,127579.74,600.02,7502.78,100.00,0.00,800.03,0.00,1100.06
150.852,49614.81,3800.68,110974.43,2112288.52,113416.65,100.00,7903.08,0.00,100.00,1000.05,0.00,1300.09
150.999,57654.98,3700.64,104408.61,2227731.50,123531.18,200.00,6502.09,0.00,0.00,600.02,0.00,1600.13
151.145,55945.94,4100.79,107539.50,2174073.68,126365.01,600.02,8103.24,0.00,0.00,500.01,0.00,1800.17
151.291,58660.42,1900.17,115016.90,2118060.20,133756.83,0.00,8703.73,0.00,0.00,500.01,0.00,800.03
151.437,58660.42,2300.25,114915.84,2197820.36,121507.49,600.02,8003.16,0.00,100.00,300.00,0.00,1300.09
151.583,56146.98,2600.32,109458.86,2200226.03,124846.80,0.00,9604.55,100.00,0.00,900.04,0.00,900.04
151.729,59263.73,1500.11,112490.16,2164618.21,125049.21,100.00,8203.32,100.00,0.00,400.01,0.00,1200.07
151.875,60872.72,1900.17,113803.99,2175217.82,129705.85,200.00,7903.08,0.00,0.00,900.04,0.00,1300.09
152.021,54237.17,2400.27,102994.96,2218184.42,121305.13,300.00,9104.09,0.00,0.00,1300.09,100.00,1100.06
152.167,60772.15,1900.17,115522.33,2206273.29,130819.72,300.00,7202.56,0.00,0.00,800.03,100.00,1453434.11
152.313,54036.15,2200.23,113197.59,2160759.42,127276.03,300.00,8103.24,0.00,0.00,600.02,0.00,6701.22
152.459,57453.90,1900.17,104408.61,2129453.37,135377.65,200.00,8603.65,0.00,0.00,400.01,0.00,1400.10
152.605,58358.78,1500.11,123308.78,2130965.09,122418.11,200.00,9504.45,100.00,0.00,1200.07,0.00,1000.05
152.751,57956.59,2100.21,120982.39,2158437.35,120900.45,100.00,7002.42,100.00,0.00,1600.13,0.00,1300.09
152.897,56649.62,2600.32,122499.55,2118594.77,125555.25,300.00,7803.00,0.00,100.00,1200.07,0.00,1700.15
153.043,56146.98,2100.21,112187.01,2173363.53,121203.98,300.00,8303.40,0.00,100.00,700.03,0.00,900.04
153.189,57554.43,2200.23,109761.97,2172519.97,118776.13,400.01,7102.49,0.00,0.00,800.03,0.00,1700.15
153.335,52327.69,2500.29,122803.02,2165202.98,120192.28,500.01,8403.48,0.00,0.00,500.01,0.00,1300.09
153.481,57956.59,3300.51,117645.35,2240653.18,126567.46,200.00,9204.18,0.00,100.00,1000.05,0.00,1600.13
153.627,50619.50,3300.51,114511.51,2077131.88,116146.60,600.02,7502.78,0.00,0.00,400.01,0.00,800.03
153.773,54940.75,2400.27,118757.57,2130689.50,111900.31,400.01,6802.28,0.00,0.00,600.02,0.00,500.01
153.919,53734.64,2500.29,131910.82,2108120.36,388335.29,300.00,7702.93,0.00,0.00,700.03,0.00,1200.07
154.065,54136.66,2900.39,115825.59,2127106.10,114731.00,100.00,8503.57,100.00,0.00,800.03,0.00,800.03
154.211,59565.41,2300.25,129987.42,2221784.42,124948.00,200.00,9904.84,0.00,0.00,1200.07,0.00,900.04
154.357,54538.70,6301.86,126445.19,2131341.06,128389.64,300.00,8303.40,0.00,0.00,900.04,0.00,1000.05
154.503,52428.17,3400.54,121993.80,2188866.26,130414.68,400.01,8203.32,0.00,0.00,400.01,0.00,1400.10
154.649,53433.13,2500.29,120274.44,2210174.07,127984.70,800.03,10205.14,0.00,100.00,1500.11,0.00,1700.15
154.795,58459.32,2000.19,126445.19,2210742.04,122924.05,300.00,8303.40,0.00,0.00,700.03,100.00,800.03
154.941,55945.94,2100.21,123511.11,2288380.72,121811.04,200.00,8303.40,200.00,0.00,800.03,0.00,1200.07
155.087,61174.44,2900.39,123713.44,2196308.64,130920.96,300.00,9104.09,100.00,0.00,600.02,100.00,1300.09
155.233,56448.57,3400.54,130594.77,2181198.49,127782.21,300.00,10705.65,0.00,0.00,500.01,0.00,900.04
155.379,57453.90,2500.29,128874.01,2304334.43,132743.95,400.01,9804.74,0.00,0.00,700.03,0.00,800.03
155.525,55945.94,3000.42,127558.33,2290360.21,143688.30,200.00,7903.08,0.00,0.00,1600.13,0.00,1400.10
155.671,61275.01,3400.54,133429.50,2186736.38,128187.16,200.00,8203.32,0.00,0.00,1300.09,0.00,1500.12
155.817,57051.76,2800.37,133429.50,2159832.27,124239.59,200.00,8903.91,0.00,0.00,900.04,0.00,600.02
155.963,53232.14,2800.37,130594.77,2184322.31,129098.35,100.00,8703.73,0.00,0.00,1000.05,0.00,1900.19
156.109,57152.28,3900.71,130797.21,2222126.81,120293.47,200.00,9604.55,100.00,0.00,1000.05,0.00,1800.17
156.255,56348.04,2200.23,138493.46,2249456.89,121203.98,200.00,8503.57,0.00,0.00,300.00,0.00,1800.17
156.401,52930.64,2700.34,129886.18,2202414.31,123531.18,200.00,9304.27,0.00,0.00,900.04,0.00,1300.09
156.547,51825.26,3600.61,142343.68,2236593.80,130515.92,400.01,9604.55,0.00,0.00,1200.07,0.00,600.02
156.693,58258.22,4200.83,143154.42,2192549.85,130819.72,300.00,9204.18,0.00,0.00,700.03,0.00,1000.05
156.839,51523.79,3100.45,132923.26,2065822.12,116449.98,300.00,11706.76,0.00,100.00,600.02,0.00,1400.10
156.985,55141.77,2400.27,134239.58,2135617.63,124138.37,200.00,8403.48,0.00,0.00,1400.10,0.00,1300.09
157.132,56146.98,2700.34,135758.65,2224833.06,161649.76,600.02,7903.08,0.00,0.00,1400.10,0.00,2100.23
157.278,58258.22,2200.23,130594.77,2183913.13,112810.07,300.00,8703.73,0.00,0.00,600.02,100.00,2100.23
157.424,55041.26,2800.37,142445.01,2231097.71,124239.59,300.00,9204.18,0.00,0.00,1600.13,0.00,1600.13
157.570,57252.82,1900.17,154917.09,2335765.68,131629.87,200.00,11906.99,0.00,0.00,2100.22,0.00,800.03
157.716,56146.98,3500.57,140215.75,2205078.96,127579.74,700.02,9504.45,0.00,0.00,2600.34,0.00,1500.12
157.862,58258.22,3200.48,140215.75,2234271.73,125251.63,0.00,9404.36,0.00,0.00,3300.56,0.00,1600.13
158.008,57554.43,3400.54,141533.00,2300625.83,125454.07,600.02,7102.49,0.00,100.00,3500.62,0.00,1400.10
158.154,55945.94,3400.54,155525.85,2381881.11,125960.11,400.01,8903.91,0.00,0.00,5201.38,0.00,1400.10
158.300,66808.00,3200.48,151265.21,2421147.32,125049.21,400.01,12107.23,300.00,100.00,3900.78,100.00,1000.05
158.446,64594.47,4100.79,151265.21,2402980.13,132541.37,300.00,10205.14,100.00,200.00,4400.99,0.00,1900.19
158.592,62079.65,5001.17,166083.28,2332925.83,122316.92,200.00,8603.65,0.00,100.00,5701.66,0.00,1600.13
158.738,60168.76,6802.17,154815.65,2306038.33,128490.87,300.00,9604.55,0.00,0.00,5201.38,0.00,1400.10
158.884,62079.65,5301.32,149744.01,2401668.80,131326.06,100.00,11106.08,0.00,0.00,4200.90,0.00,900.04
159.030,64091.46,4701.03,156743.48,2403030.33,123531.18,300.00,10405.34,0.00,0.00,1700.15,0.00,1700.15
159.176,60068.20,4701.03,188755.79,2434895.95,123834.77,200.00,10105.04,0.00,100.00,2900.43,0.00,1500.12
159.322,61275.01,7302.49,156844.95,2370270.95,120596.96,100.00,7702.93,100.00,0.00,3000.46,0.00,1800.17
159.468,61576.75,8203.15,173398.29,2387861.77,124948.00,100.00,10505.44,0.00,0.00,1900.18,0.00,1400.10
159.614,66103.65,7202.43,154815.65,2364607.67,114427.66,400.01,10605.55,0.00,0.00,1900.18,0.00,1400.10
159.760,56649.62,4600.99,158164.22,2334855.33,130414.68,200.00,9804.74,0.00,0.00,1900.18,100.00,1400.10
159.906,64493.86,4400.91,161006.29,2295831.30,124340.76,500.01,10805.76,0.00,0.00,1500.11,0.00,1400.10
160.052,66304.88,3900.71,164661.48,2332984.23,119180.74,0.00,12507.71,0.00,200.00,2500.32,0.00,1300.09
160.198,65902.40,5001.17,168521.06,2408334.23,123834.77,800.03,8703.73,100.00,0.00,1400.10,0.00,1500.12
160.344,63387.27,4600.99,156337.59,2422241.46,113113.37,200.00,10205.14,0.00,100.00,1900.18,0.00,1300.09
160.490,62582.56,4000.75,171975.54,2417522.32,125049.21,600.02,10205.14,100.00,0.00,1600.13,0.00,1900.19
160.636,67210.51,5101.22,168114.73,2368742.24,124846.80,600.02,10305.24,0.00,0.00,2600.34,0.00,700.03
160.782,64192.06,3600.61,165169.22,2291537.94,116753.37,300.00,10505.44,200.00,100.00,2100.22,0.00,1100.06
160.928,61576.75,5901.63,158671.70,2355235.99,119281.90,300.00,7502.78,0.00,0.00,2900.43,0.00,2200.25
161.074,62381.38,4500.95,157453.84,2298220.17,115641.02,100.00,7702.93,0.00,0.00,2500.32,0.00,1600.13
161.220,65499.94,3000.42,176041.07,2373662.16,118472.71,500.01,8403.48,100.00,0.00,1500.11,0.00,1200.07
161.366,58459.32,4100.79,161716.93,2306982.28,124846.80,400.01,9604.55,0.00,0.00,1600.13,0.00,1600.13
161.512,60369.89,5401.36,164661.48,2286768.61,115034.30,600.02,10305.24,0.00,0.00,1000.05,0.00,800.03
161.658,66908.62,2800.37,159686.66,2336868.22,124340.76,200.00,9504.45,0.00,200.00,1200.07,0.00,1300.09
161.804,57252.82,4600.99,164458.39,2286610.01,125656.47,700.02,10505.44,0.00,0.00,900.04,0.00,1400.10
161.950,60671.58,2900.39,166387.97,2242808.25,131427.35,100.00,10705.65,100.00,0.00,1300.09,0.00,2100.23
162.096,65600.56,4100.79,159382.17,2211385.21,120900.45,700.02,9604.55,100.00,0.00,600.02,0.00,1500.12
162.242,58258.22,3500.57,157149.41,2299815.68,120192.28,100.00,9604.55,0.00,100.00,1000.05,0.00,2100.23
162.388,62683.14,3400.54,184888.92,2318617.63,122519.28,400.01,9304.27,0.00,100.00,1100.06,0.00,1000.05
162.534,57856.06,3600.61,164153.74,2412660.99,120596.96,600.02,9204.18,0.00,0.00,1000.05,0.00,1100.06
162.680,65097.50,4200.83,147817.37,2263664.89,112708.99,600.02,9704.64,200.00,0.00,1300.09,0.00,1700.15
162.826,56649.62,4100.79,154612.72,2291345.95,117461.27,200.00,9704.64,0.00,100.00,1200.07,0.00,1900.19
162.972,61275.01,4400.91,166489.52,2223789.11,121001.63,200.00,8803.82,0.00,0.00,1200.07,0.00,800.03
163.118,59464.84,3200.48,152583.79,2251511.77,127377.29,100.00,8603.65,0.00,0.00,1000.05,0.00,1600.13
163.264,61476.16,3300.51,167200.50,2286142.24,124239.59,300.00,9604.55,0.00,0.00,600.02,0.00,900.04
163.411,58760.97,4400.91,164661.48,2310632.28,122013.38,200.00,8103.24,0.00,100.00,300.00,0.00,1200.07
163.557,58157.69,2200.23,151265.21,2262704.35,121406.31,500.01,9504.45,0.00,0.00,400.01,0.00,1200.07
163.703,59062.62,3600.61,149845.39,2222936.96,118978.41,100.00,10505.44,100.00,100.00,700.03,0.00,2000.21
163.849,61677.33,2300.25,158570.21,2215427.98,111394.91,300.00,9304.27,0.00,0.00,1000.05,0.00,1100.06
163.995,58660.42,3700.64,148121.56,2186443.99,116045.49,800.03,8203.32,0.00,0.00,400.01,0.00,1400.10
164.141,61476.16,4901.12,159280.66,2183679.15,118877.26,200.00,9304.27,100.00,0.00,700.03,100.00,2200.25
164.287,56146.98,5301.32,152989.55,2190244.38,123834.77,600.02,8503.57,0.00,0.00,1000.05,0.00,1400.10
164.433,62884.32,5901.63,154511.27,2252589.31,115944.38,300.00,9204.18,0.00,0.00,1500.11,0.00,1700.15
164.579,59364.29,5301.32,148222.94,2198914.70,121709.85,100.00,8903.91,0.00,200.00,800.03,0.00,1500.12
164.725,57051.76,4801.08,165473.93,2254560.40,110182.07,200.00,9604.55,0.00,200.00,1000.05,0.00,1700.15
164.871,61174.44,2400.27,159991.19,2322342.83,118978.41,500.01,8503.57,0.00,300.00,800.03,0.00,900.04
165.017,62180.22,4801.08,152989.55,2273203.76,125150.42,500.01,9104.09,0.00,0.00,600.02,0.00,1100.06
165.163,61275.01,3600.61,152279.51,2240920.56,117966.98,200.00,11106.08,200.00,0.00,700.03,0.00,1100.06
165.309,58861.51,3400.54,148831.34,2226236.38,124745.57,100.00,10004.94,0.00,0.00,700.03,0.00,1200.07
165.455,58559.86,4300.86,176549.38,2220990.87,127377.29,200.00,8203.32,0.00,0.00,900.04,0.00,2000.21
165.601,58157.69,4100.79,145181.56,2262002.78,121406.31,300.00,8903.91,0.00,0.00,800.03,0.00,1200.07
165.747,60168.76,3200.48,152989.55,2375457.87,126365.01,100.00,6802.28,200.00,0.00,800.03,0.00,1800.17
165.893,65097.50,3800.68,148324.36,2437051.03,131022.24,300.00,8403.48,100.00,0.00,1300.09,0.00,900.04
166.039,57755.51,3000.42,146702.14,2240143.60,123126.41,400.01,8803.82,0.00,0.00,600.02,0.00,1600.13
166.185,58358.78,2200.23,153496.77,2306380.91,125656.47,400.01,8303.40,100.00,0.00,800.03,100.00,1100.06
166.331,58358.78,2700.34,145282.89,2246124.27,121102.80,100.00,10805.76,100.00,0.00,900.04,0.00,400.01
166.477,60671.58,8003.00,155221.49,2356956.69,131123.51,200.00,9704.64,0.00,0.00,500.01,0.00,1400.10
166.623,58962.06,4100.79,153699.65,2399781.11,123227.62,300.00,9604.55,0.00,0.00,400.01,0.00,1300.09
166.769,57755.51,3500.57,150656.72,2295597.51,128794.61,300.00,8203.32,100.00,0.00,300.00,0.00,1400.10
166.915,59565.41,2600.32,156134.67,2326235.21,122822.85,200.00,10004.94,0.00,0.00,700.03,0.00,1300.09
167.061,55744.89,3300.51,142445.01,2259697.51,123733.57,300.00,7402.70,0.00,0.00,100.00,0.00,1300.09
167.207,51624.28,3600.61,139709.20,2177397.90,128895.86,700.02,7602.85,0.00,100.00,900.04,0.00,900.04
167.353,54237.17,2300.25,135353.54,2200368.02,123126.41,200.00,6902.35,0.00,0.00,600.02,0.00,1100.06
167.499,56348.04,2900.39,138493.46,2214534.23,114933.19,200.00,7702.93,0.00,0.00,500.01,0.00,1800.17
167.645,51222.36,3100.45,132012.06,2213089.11,124239.59,400.01,7702.93,0.00,0.00,500.01,0.00,800.03
167.791,58157.69,3500.57,122600.71,2083137.35,122215.74,300.00,8003.16,200.00,0.00,300.00,0.00,1600.13
167.937,49112.50,3000.42,133227.02,2262896.53,126365.01,300.00,7502.78,0.00,100.00,300.00,0.00,1200.07
168.083,53935.66,2800.37,130594.77,2229276.81,128288.41,100.00,10805.76,0.00,0.00,1200.07,0.00,1100.06
168.229,56146.98,1400.09,138088.27,2285741.26,127984.70,0.00,7602.85,0.00,0.00,500.01,0.00,1600.13
168.375,56448.57,3400.54,142343.68,2256222.71,134871.11,100.00,9004.00,0.00,100.00,300.00,0.00,1700.15
168.521,58057.14,2600.32,141634.32,2167491.65,130515.92,100.00,8503.57,0.00,0.00,400.01,0.00,900.04
168.667,61375.59,2900.39,152380.95,2230095.36,129098.35,400.01,8703.73,0.00,100.00,400.01,0.00,1200.07
168.813,55644.36,2600.32,131708.33,2216004.35,121001.63,100.00,8503.57,0.00,0.00,700.03,0.00,1000.05
168.959,56448.57,2700.34,135454.82,2281264.11,118978.41,0.00,8803.82,0.00,0.00,800.03,0.00,1500.12
169.105,54840.24,3100.45,140013.14,2257768.02,122519.28,100.00,10405.34,100.00,0.00,500.01,0.00,1000.05
169.251,52830.16,2300.25,141127.65,2213122.51,123429.98,100.00,8903.91,0.00,0.00,300.00,0.00,900.04
169.397,55041.26,2500.29,133834.55,2146993.99,133149.09,200.00,10004.94,0.00,100.00,300.00,0.00,1300.09
169.544,55242.29,1700.14,130898.45,2123840.28,128794.61,400.01,10405.34,0.00,0.00,200.00,0.00,1100.06
169.690,55041.26,3500.57,138392.17,2213874.27,128490.87,100.00,7102.49,0.00,0.00,500.01,0.00,400.01
169.836,57152.28,4400.91,134340.88,2269787.55,124340.76,300.00,9204.18,0.00,0.00,800.03,0.00,1100.06
169.982,56649.62,4701.03,131202.15,2222368.99,126769.91,100.00,8903.91,0.00,200.00,1000.05,0.00,900.04
170.128,57453.90,4100.79,139506.55,2331831.69,126972.37,200.00,9504.45,0.00,0.00,300.00,0.00,1400.10
170.274,56348.04,3600.61,141431.64,2288631.30,134972.42,200.00,8303.40,0.00,0.00,700.03,0.00,1000.05
170.420,62582.56,4500.95,147411.83,2266797.32,123328.80,200.00,9304.27,0.00,0.00,800.03,0.00,800.03
170.566,63990.84,4500.95,145688.37,2343634.04,131629.87,600.02,10004.94,0.00,0.00,900.04,0.00,600.02
170.712,61677.33,3300.51,148932.78,2327170.76,134871.11,200.00,9104.09,200.00,0.00,1100.06,0.00,1000.05
170.858,57755.51,3800.68,149845.39,2232693.02,129908.38,500.01,10405.34,0.00,100.00,1000.05,0.00,1500.12
171.004,61677.33,4000.75,152685.26,2403422.91,133756.83,500.01,8103.24,0.00,0.00,1000.05,0.00,1500.12
171.150,56146.98,3600.61,141836.99,2483851.23,132440.10,100.00,10305.24,0.00,100.00,1100.06,0.00,1000.05
171.296,58660.42,3700.64,150251.07,2444109.04,135985.50,200.00,9404.36,0.00,0.00,800.03,0.00,1100.06
171.442,57152.28,3100.45,148527.14,2206390.28,125454.07,100.00,9304.27,100.00,100.00,1700.15,0.00,1700.15
171.588,53734.64,69827.41,140823.68,2225367.63,124846.80,100.00,10505.44,0.00,0.00,800.03,0.00,700.03
171.734,62683.14,4300.86,148831.34,2206883.06,128085.93,300.00,7302.63,0.00,100.00,500.01,0.00,1600.13
171.880,60068.20,4701.03,149845.39,2305236.57,133756.83,300.00,9304.27,0.00,0.00,900.04,0.00,1200.07
172.026,56448.57,3100.45,137986.97,2339407.47,127782.21,600.02,8103.24,0.00,0.00,1100.06,0.00,700.03
172.172,54438.18,4200.83,137885.66,2271524.86,130009.65,100.00,8403.48,0.00,0.00,700.03,0.00,1100.06
172.318,63487.86,5801.57,132113.28,2254760.99,120900.45,400.01,9904.84,0.00,0.00,900.04,0.00,1200.07
172.464,59967.64,3300.51,158164.22,2276937.55,128389.64,600.02,7702.93,300.00,100.00,700.03,0.00,900.04
172.610,56850.69,3600.61,142343.68,2324857.08,130819.72,400.01,7702.93,100.00,0.00,700.03,0.00,1000.05
172.756,57252.82,2900.39,137784.38,2309229.15,130819.72,300.00,10505.44,0.00,0.00,1500.11,0.00,1100.06
172.902,57755.51,2800.37,159483.66,2312954.35,118978.41,200.00,8703.73,0.00,0.00,2500.32,0.00,1200.07
173.048,54940.75,3900.71,153091.01,2282926.42,123025.25,200.00,8303.40,0.00,0.00,1600.13,0.00,1300.09
173.194,62280.80,4000.75,139911.80,2245472.71,124340.76,600.02,9704.64,0.00,0.00,1300.09,0.00,1800.17
173.340,59464.84,4500.95,155627.31,2292306.50,128490.87,600.02,8103.24,0.00,0.00,1900.18,0.00,1000.05
173.486,56247.51,4100.79,130189.85,2215853.96,128592.13,200.00,7903.08,0.00,0.00,800.03,0.00,1300.09
173.632,56348.04,3000.42,149541.17,2180438.33,129807.11,0.00,9604.55,0.00,0.00,1800.17,0.00,1300.09
173.778,57554.43,3600.61,140317.08,2166990.48,131224.80,500.01,8303.40,0.00,0.00,600.02,0.00,1300.09
173.924,53835.15,3700.64,142140.99,2184965.48,124543.19,200.00,8503.57,0.00,100.00,1100.06,0.00,1300.09
174.070,55342.81,2900.39,138999.99,2109014.11,122215.74,700.02,7402.70,0.00,100.00,1000.05,100.00,1100.06
174.216,53131.64,4200.83,143053.07,2226369.97,118068.13,300.00,6301.96,100.00,0.00,1100.06,0.00,1600.13
174.362,49916.21,4100.79,157047.93,2175785.99,125049.21,300.00,10305.24,0.00,0.00,1000.05,0.00,1700.15
174.508,55141.77,3500.57,150960.97,2210583.45,115944.38,300.00,8503.57,0.00,0.00,700.03,0.00,1300.09
174.654,57453.90,3400.54,148932.78,2162530.13,133250.37,100.00,8703.73,0.00,100.00,1400.10,0.00,2300.27
174.800,54237.17,4200.83,150555.29,2239124.66,116753.37,200.00,9304.27,100.00,0.00,1300.09,0.00,1500.12
174.946,53634.13,3700.64,144776.11,2218092.43,128187.16,100.00,10705.65,0.00,0.00,700.03,0.00,1200.07
175.092,58358.78,3700.64,147411.83,2167249.46,123429.98,200.00,8203.32,0.00,0.00,600.02,0.00,1000.05
175.238,61677.33,1800.15,155018.55,2260490.87,123328.80,200.00,10405.34,0.00,0.00,900.04,0.00,1700.15
175.384,60571.03,2600.32,148527.14,2344886.97,134972.42,300.00,8803.82,0.00,0.00,300.00,0.00,1500.12
175.530,59766.52,3200.48,151468.08,2323654.35,130920.96,0.00,7702.93,100.00,0.00,500.01,0.00,1500.12
175.677,60571.03,3200.48,153801.10,2227414.11,131528.60,300.00,10105.04,0.00,0.00,1300.09,0.00,1500.12
175.823,56951.22,4500.95,149135.53,2255186.96,131224.80,500.01,7602.85,0.00,0.00,1200.07,0.00,1000.05
175.969,61275.01,4100.79,168927.42,2291763.53,133858.11,700.02,9504.45,0.00,100.00,600.02,0.00,1100.06
176.115,56146.98,5001.17,144472.00,2467763.92,128490.87,200.00,10205.14,0.00,0.00,500.01,0.00,1400.10
176.261,56649.62,5601.47,153192.46,2333293.41,124644.38,300.00,8303.40,100.00,0.00,300.00,0.00,1800.17
176.407,58760.97,3200.48,157859.78,2322894.19,132541.37,200.00,10405.34,0.00,0.00,1000.05,0.00,1500.12
176.553,58559.86,4300.86,145789.76,2191839.89,128895.86,200.00,8503.57,0.00,0.00,1700.15,0.00,1100.06
176.699,56448.57,7002.29,153293.89,2242390.48,126466.24,400.01,10605.55,100.00,0.00,1200.07,0.00,1200.07
176.845,57856.06,3900.71,151873.79,2254861.18,119281.90,200.00,8203.32,0.00,0.00,1100.06,0.00,1200.07
176.991,55845.41,6001.68,155830.25,2230930.71,124543.19,200.00,6502.09,100.00,0.00,1500.11,0.00,1200.07
177.137,62079.65,4300.86,159686.66,2330904.35,130313.42,0.00,8803.82,0.00,0.00,1200.07,0.00,1500.12
177.283,57252.82,4100.79,147310.44,2257133.06,120698.12,500.01,9104.09,0.00,0.00,900.04,0.00,900.04
177.429,54538.70,4701.03,142749.03,2286384.43,119989.97,600.02,9904.84,0.00,0.00,1100.06,0.00,1600.13
177.575,54639.20,2800.37,140114.44,2291646.54,129300.86,100.00,9004.00,100.00,100.00,1100.06,100.00,1200.07
177.721,75566.00,4400.91,151265.21,2283319.00,130515.92,300.00,8603.65,0.00,0.00,1100.06,0.00,1200.07
177.867,56951.22,4000.75,143053.07,2305286.57,136188.15,400.01,9704.64,0.00,0.00,1000.05,0.00,1400.10
178.013,58861.51,2600.32,143357.12,2252346.93,132642.65,700.02,7903.08,0.00,0.00,1400.10,0.00,1800.17
178.159,56146.98,3500.57,142343.68,2318417.04,132034.99,600.02,10004.94,100.00,0.00,600.02,0.00,1700.15
178.305,57252.82,2800.37,147918.78,2347568.22,124239.59,300.00,8903.91,0.00,0.00,400.01,0.00,1400.10
178.451,55141.77,2700.34,141431.64,2340635.40,125960.11,400.01,9004.00,0.00,0.00,900.04,0.00,700.03
178.597,57654.98,2700.34,143863.88,2334379.15,133351.66,400.01,10505.44,0.00,0.00,600.02,0.00,1200.07
178.743,54438.18,6401.92,155627.31,2336634.43,123733.57,400.01,8303.40,0.00,0.00,600.02,0.00,1000.05
178.889,54136.66,3800.68,147006.28,2343692.44,136188.15,800.03,9704.64,100.00,0.00,1000.05,0.00,800.03
179.035,53433.13,4200.83,146803.54,2390250.64,137404.02,1000.05,9104.09,0.00,100.00,1000.05,0.00,1100.06
179.181,60470.45,11005.67,158570.21,2398302.59,131731.16,400.01,7602.85,0.00,0.00,1100.06,0.00,1100.06
179.327,51523.79,8403.30,155120.02,2345037.36,133047.79,500.01,9204.18,0.00,0.00,500.01,0.00,1000.05
179.473,56146.98,5501.42,154409.81,2386742.44,139734.84,400.01,10305.24,0.00,0.00,400.01,0.00,1000.05
179.619,60068.20,19517.81,152685.26,2411859.04,134465.91,700.02,9504.45,0.00,0.00,1000.05,0.00,1100.06
179.765,53433.13,3100.45,152685.26,2400090.09,133047.79,500.01,8603.65,0.00,0.00,600.02,0.00,1200.07
179.911,62984.90,1900.17,161716.93,2356422.12,135073.73,500.01,8303.40,0.00,0.00,1400.10,0.00,1600.13
180.057,59062.62,4100.79,145992.52,2337027.01,141762.08,1100.06,10105.04,100.00,0.00,1100.06,0.00,1500.12
180.203,59464.84,4000.75,140215.75,2326794.97,129807.11,700.02,8503.57,0.00,0.00,2100.22,0.00,1200.07
180.349,58660.42,3900.71,145789.76,2304401.22,131123.51,400.01,8403.48,0.00,0.00,2000.20,100.00,1700.15
180.495,57654.98,4300.86,150859.55,2395437.55,142978.60,1100.06,9904.84,100.00,100.00,125739690.31,0.00,1200.07
180.641,64393.26,3800.68,143458.45,2368333.06,131022.24,900.04,9204.18,0.00,0.00,6401.75,0.00,1900.19
180.787,59263.73,4000.75,151468.08,2304743.61,128490.87,1100.06,10305.24,0.00,0.00,1500.11,0.00,1000.05
180.933,59163.18,3700.64,152786.69,2297944.58,137404.02,300.00,13408.87,0.00,0.00,900.04,0.00,1000.05
181.079,56750.15,3200.48,164559.90,2437660.60,136188.15,1200.07,10705.65,0.00,100.00,1200.07,0.00,1300.09
181.225,57051.76,3300.51,164153.74,2352972.32,141762.08,900.04,8503.57,0.00,0.00,1100.06,100.00,1000.05
181.371,57554.43,3600.61,147209.06,2288472.51,130515.92,500.01,12007.11,100.00,0.00,1000.05,0.00,1100.06
181.517,60168.76,4200.83,154917.09,2369143.22,129908.38,700.02,8703.73,0.00,0.00,500.01,0.00,1100.06
181.663,62582.56,2600.32,151873.79,2379099.66,127377.29,700.02,9704.64,0.00,0.00,1800.17,0.00,800.03
181.809,60973.30,2000.19,144269.28,2290201.61,134769.79,600.02,9404.36,100.00,0.00,800.03,100.00,1300.09
181.956,52327.69,3400.54,148020.18,2370245.76,136694.74,400.01,9604.55,0.00,0.00,800.03,0.00,1500.12
182.102,59967.64,2900.39,157758.30,2276787.16,131427.35,900.04,10105.04,0.00,0.00,700.03,0.00,1200.07
182.248,59062.62,2500.29,155322.94,2305779.35,136086.82,1300.08,8903.91,100.00,0.00,1200.07,0.00,1500.12
182.394,61174.44,2300.25,153395.32,2309170.56,130009.65,900.04,10004.94,0.00,0.00,500.01,0.00,2600.35
182.540,55744.89,3300.51,162021.50,2310030.91,125555.25,1900.17,10505.44,0.00,0.00,800.03,0.00,1000.05
182.686,57654.98,2100.21,151366.65,2559502.01,129402.11,900.04,8303.40,0.00,100.00,900.04,0.00,1300.09
182.832,58358.78,3400.54,156134.67,2301135.40,124138.37,900.04,11005.97,100.00,0.00,1400.10,0.00,1000.05
182.978,56750.15,2700.34,157453.84,2313706.11,131326.06,1700.14,10805.76,0.00,0.00,1500.11,0.00,1600.13
183.124,56146.98,4000.75,169536.95,2276469.78,136289.48,1400.09,11005.97,0.00,0.00,400.01,0.00,1800.17
183.270,56750.15,3200.48,176854.36,2359637.75,137910.67,1400.09,9204.18,100.00,0.00,1200.07,0.00,800.03
183.416,60973.30,2600.32,177972.75,2381221.34,146121.96,700.02,8403.48,100.00,0.00,1500.11,0.00,700.03
183.562,64192.06,4000.75,171772.33,2344895.17,133452.93,900.04,10705.65,0.00,0.00,1300.09,0.00,2200.25
183.708,64996.88,3700.64,164356.83,2379684.43,127478.51,1000.05,10905.87,0.00,0.00,1900.18,0.00,2400.30
183.854,61073.87,3000.42,162427.59,2453848.30,134567.20,1100.06,10705.65,100.00,200.00,1300.09,0.00,2100.23
184.000,61375.59,3100.45,177566.04,2430769.59,136998.72,1700.14,9804.74,100.00,0.00,1500.11,0.00,1600.13
184.146,67814.30,3100.45,172382.07,2392038.14,141863.46,1400.09,10605.55,0.00,0.00,1700.15,0.00,1200.07
184.292,60973.30,3400.54,163747.56,2428823.49,134769.79,1300.08,11005.97,200.00,0.00,1400.10,0.00,1500.12
184.438,60671.58,3500.57,172178.79,2354225.25,140342.98,1700.14,8203.32,0.00,0.00,1400.10,0.00,1800.17
184.584,63588.46,4300.86,176346.06,2488787.75,133858.11,1400.09,9704.64,0.00,0.00,1700.15,0.00,900.04
184.730,59867.07,2900.39,174821.27,2377763.33,132034.99,1800.16,12107.23,200.00,0.00,2000.20,0.00,1300.09
184.876,63487.86,3600.61,174617.96,2356463.72,138316.02,2700.35,9004.00,0.00,0.00,1200.07,0.00,1400.10
185.022,64594.47,4000.75,165677.01,2387243.61,148150.43,1500.11,12007.11,100.00,0.00,1300.09,0.00,1300.09
185.168,63387.27,16512.75,161716.93,2312528.37,126466.24,2400.28,12307.47,300.00,0.00,2100.22,0.00,1200.07
185.314,56046.46,1700.14,164458.39,2285657.67,148657.60,1300.08,9704.64,100.00,0.00,1000.05,0.00,1100.06
185.460,54739.72,3300.51,166997.38,2452979.55,139734.84,2400.28,11106.08,0.00,0.00,1700.15,0.00,1700.15
185.606,62884.32,3600.61,180209.84,2474721.74,136694.74,2400.28,10405.34,200.00,0.00,600.02,0.00,1300.09
185.752,59163.18,3700.64,184075.04,2306305.72,131224.80,2400.28,9804.74,100.00,0.00,1400.10,0.00,1000.05
185.898,61476.16,4200.83,165981.71,2498886.19,137404.02,2500.30,11606.64,100.00,0.00,1400.10,0.00,1200.07
186.044,56247.51,3400.54,165372.34,2260691.46,159821.77,2300.26,9804.74,300.00,0.00,1800.17,0.00,2200.25
186.190,56951.22,4200.83,166489.52,2346641.07,133250.37,2600.33,11806.87,0.00,0.00,700.03,0.00,1700.15
186.336,55845.41,3400.54,172077.16,2349338.92,139430.80,2900.41,11206.19,100.00,100.00,800.03,0.00,1100.06
186.482,61174.44,3600.61,167505.22,2287545.36,146629.03,2300.26,11106.08,400.01,0.00,1100.06,0.00,1800.17
186.628,63387.27,4000.75,168927.42,2435597.52,146426.22,1600.12,11005.97,0.00,0.00,800.03,0.00,2100.23
186.773,63588.46,3000.42,165575.48,2520828.77,141863.46,1400.09,9904.84,200.00,0.00,1100.06,0.00,1300.09
186.920,57554.43,3800.68,175736.14,2383810.60,146223.36,1900.17,11906.99,100.00,0.00,1000.05,0.00,1200.07
187.066,60671.58,2700.34,174211.41,2516385.21,139937.55,2400.28,10405.34,100.00,0.00,1300.09,0.00,800.03
187.212,53935.66,4901.12,170146.55,2438445.76,143181.39,2300.26,10305.24,100.00,0.00,28842.34,200.00,1400.10
187.358,58358.78,3100.45,182956.01,2441720.17,145209.29,2000.19,13709.27,300.00,9104.09,1500.11,0.00,1400.10
187.504,95928.26,3800.68,178379.47,2455251.62,137809.37,1500.11,11206.19,200.00,5701.61,1500.11,0.00,1300.09
187.650,61275.01,2700.34,161716.93,2392539.31,150382.18,2200.23,53541.04,100.00,0.00,2700.37,0.00,1100.06
187.796,60168.76,2800.37,165880.13,2442229.55,140951.14,1800.16,10405.34,300.00,100.00,1800.17,0.00,800.03
187.942,60068.20,3700.64,161919.97,2462343.02,143282.75,3600.63,11806.87,200.00,0.00,2000.20,0.00,1400.10
188.089,66304.88,5101.22,151366.65,2462351.42,158907.89,3300.53,11005.97,0.00,0.00,2800.40,0.00,1500.12
188.235,58258.22,4000.75,169029.01,2455585.60,153324.82,2400.28,10805.76,400.01,33555.53,2500.32,0.00,1500.12
188.381,59967.64,3800.68,177464.43,2450056.11,134769.79,3000.43,9504.45,300.00,0.00,1600.13,0.00,900.04
188.527,60973.30,3200.48,172890.16,2467078.96,139430.80,2200.23,10605.55,100.00,0.00,1700.15,0.00,900.04
188.673,66707.37,2100.21,201383.62,2456746.73,142674.47,1800.16,9304.27,300.00,0.00,2500.32,0.00,1500.12
188.819,59263.73,4500.95,181938.83,2624586.39,150788.03,2700.35,9404.36,500.01,0.00,2900.43,0.00,1800.17
188.965,60470.45,3300.51,172788.53,2508224.47,145412.08,2000.19,9604.55,300.00,0.00,1400.10,0.00,1100.06
189.111,65198.12,3900.71,175431.16,2464055.33,149063.36,3200.49,12507.71,100.00,0.00,2700.37,0.00,1200.07
189.257,62984.90,3700.64,191911.37,2516385.21,149164.81,2700.35,11106.08,300.00,375228.79,2200.25,0.00,1300.09
189.403,58760.97,3900.71,174211.41,2479950.64,148961.94,2400.28,11806.87,300.00,200.00,2300.27,0.00,1200.07
189.549,62783.74,4300.86,185804.66,2554590.49,147339.02,3600.63,9204.18,200.00,100.00,15496870.66,0.00,1900.19
189.695,65399.34,5701.52,186618.69,2515349.47,144296.66,3100.46,11406.42,100.00,0.00,7481.56,0.00,1300.09
189.841,58760.97,6201.80,183566.37,2410205.33,144195.27,3400.56,11306.30,200.00,0.00,3100.49,0.00,1200.07
189.987,62582.56,5701.52,182752.57,2460989.90,144296.66,3200.49,9504.45,0.00,100.00,1800.17,0.00,1100.06
190.133,67311.13,4701.03,182854.29,2565432.48,143992.50,2500.30,10905.87,200.00,100.00,2100.22,0.00,1100.06
190.279,59263.73,5101.22,174008.13,2547148.30,148657.60,3000.43,11606.64,300.00,100.00,3100.49,0.00,1500.12
190.425,64795.67,4300.86,174719.62,2493540.49,154136.69,2900.41,11306.30,200.00,0.00,3700.70,0.00,1200.07
190.571,61375.59,5301.32,188654.00,2478964.90,154948.66,2800.38,11706.76,0.00,0.00,3600.66,0.00,1600.13
190.717,58459.32,4200.83,174414.70,2360464.70,147339.02,4000.77,10905.87,0.00,100.00,3500.62,0.00,1800.17
190.863,62984.90,4400.91,175837.80,2441970.76,144296.66,4000.77,9604.55,300.00,0.00,3900.78,0.00,1600.13
191.009,58660.42,4600.99,175329.52,2471823.30,138518.69,3600.63,9804.74,100.00,0.00,2900.43,0.00,1300.09
191.155,63588.46,4801.08,174109.78,2379049.66,140241.63,3200.49,9504.45,300.00,100.00,3700.70,0.00,1100.06
191.301,62180.22,5301.32,171873.93,2567086.19,149570.60,4000.77,10705.65,300.00,100.00,4000.82,0.00,700.03
191.447,64393.26,3400.54,171670.71,2416678.57,141964.83,4601.02,11506.53,700.02,100.00,5701.66,0.00,800.03
191.593,63085.50,5001.17,195271.55,2559552.01,147846.12,4400.93,12107.23,300.00,0.00,4801.18,0.00,1200.07
191.739,61476.16,5601.47,162732.17,2351168.22,143789.71,4300.89,12707.96,300.00,0.00,5301.43,0.00,2000.21
191.885,60671.58,5601.47,185295.88,2473485.60,144093.86,4901.16,10905.87,400.01,100.00,5301.43,0.00,1700.15
192.031,65801.79,6802.17,184380.23,2562158.07,151092.42,4400.93,13609.13,200.00,100.00,5801.72,0.00,1500.12
192.177,65600.56,6702.10,188043.35,2592227.99,150483.65,4801.11,11506.53,300.00,0.00,4501.03,0.00,1100.06
192.323,63487.86,5101.22,181023.45,2732795.96,148251.85,5101.26,13408.87,300.00,100.00,4501.03,0.00,1300.09
192.469,67210.51,4901.12,178887.89,2570285.41,153324.82,4300.89,11706.76,100.00,100.00,3300.56,0.00,1200.07
192.615,58157.69,4100.79,192624.04,2582914.71,164493.97,5001.21,11106.08,200.00,0.00,4100.86,0.00,1700.15
192.761,72041.80,4801.08,189366.47,2563619.78,154035.21,6401.98,11306.30,400.01,100.00,3300.56,0.00,600.02
192.907,63789.66,3300.51,195882.62,2661029.36,149976.38,4601.02,11606.64,400.01,0.00,3600.66,0.00,1200.07
193.053,56146.98,2500.29,180413.26,2664378.77,154948.66,4400.93,13208.60,200.00,200.00,3200.52,0.00,1400.10
193.199,63689.05,3000.42,182549.15,2686413.34,155354.67,5101.26,14209.96,800.03,100.00,3500.62,0.00,1200.07
193.345,60470.45,3800.68,177362.74,2546446.54,155963.72,4801.11,12507.71,300.00,100.00,2500.32,0.00,1700.15
193.491,64896.28,3700.64,181125.16,2641684.43,153933.73,6201.86,11806.87,300.00,100.00,2300.27,0.00,1800.17
193.637,58660.42,3600.61,201383.62,2493999.86,153426.30,4601.02,12007.11,500.01,200.00,2700.37,0.00,1800.17
193.783,62280.80,4200.83,185804.66,2527569.39,155963.72,5401.41,11906.99,200.00,200.00,2600.34,0.00,500.01
193.929,61576.75,3400.54,185906.39,2470503.57,152918.86,5101.26,9904.84,400.01,200.00,2700.37,0.00,1300.09
194.075,65902.40,3500.57,171061.01,2732453.58,152614.43,5501.46,10905.87,400.01,0.00,2900.43,0.00,900.04
194.222,64795.67,3700.64,188755.79,2754630.14,153629.26,5001.21,15411.71,200.00,0.00,3500.62,0.00,1600.13
194.368,63588.46,4100.79,201791.26,2635586.97,149164.81,5701.57,14209.96,400.01,0.00,2400.29,0.00,1100.06
194.514,59565.41,3300.51,177464.43,2699560.61,163884.44,5901.68,11306.30,600.02,100.00,2300.27,0.00,1200.07
194.660,61777.89,4200.83,179192.95,2590674.28,170184.62,4500.98,12007.11,400.01,100.00,2400.29,100.00,600.02
194.806,66204.27,3000.42,171569.11,2521263.14,165611.54,4000.77,12107.23,100.00,200.00,2800.40,0.00,1900.19
194.952,59263.73,3700.64,176549.38,2509460.80,156166.73,4701.07,10605.55,500.01,100.00,3100.49,100.00,1700.15
195.098,61878.48,3600.61,175024.54,2598935.21,155760.71,4400.93,10605.55,300.00,100.00,2800.40,0.00,1000.05
195.244,57755.51,3900.71,175329.52,2786320.37,162665.46,4801.11,12307.47,200.00,0.00,4000.82,0.00,1500.12
195.390,65600.56,4200.83,180718.36,2707520.76,152411.48,3700.66,12307.47,300.00,0.00,2900.43,0.00,1200.07
195.536,64594.47,4000.75,173804.87,2579974.47,165916.34,5401.41,12507.71,200.00,200.00,2600.34,0.00,1100.06
195.682,64594.47,4901.12,183159.49,2526717.44,153832.23,4000.77,11806.87,500.01,100.00,2400.29,0.00,1100.06
195.828,57051.76,3900.71,181125.16,2570268.61,160329.51,4000.77,11506.53,400.01,100.00,3600.66,0.00,700.03
195.974,64192.06,4400.91,172178.79,2552276.81,158501.75,4701.07,10805.76,700.02,0.00,3100.49,0.00,1200.07
196.120,66808.00,3100.45,174211.41,2461415.88,159314.04,4801.11,11106.08,300.00,100.00,2800.40,100.00,1200.07
196.266,59464.84,4300.86,167911.58,2495135.80,139734.84,4801.11,11005.97,200.00,100.00,2400.29,0.00,1400.10
196.412,61375.59,2900.39,162529.14,2557380.33,149266.24,5701.57,12107.23,200.00,200.00,2400.29,0.00,800.03
196.558,60671.58,4500.95,160803.26,2502820.37,154948.66,4500.98,9604.55,200.00,100.00,2200.25,0.00,1600.13
196.704,58358.78,4000.75,169435.39,2460455.33,157283.43,3900.73,11406.42,100.00,100.00,2200.25,0.00,1200.07
196.850,52930.64,3700.64,170248.18,2499053.18,165306.71,6301.91,10805.76,500.01,0.00,1800.17,0.00,600.02
196.996,60772.15,2600.32,173093.44,2430310.21,152715.93,3700.66,10905.87,300.00,100.00,2100.22,0.00,1300.09
197.142,54036.15,3400.54,165778.57,2395295.56,143080.00,5801.62,12307.47,600.02,100.00,2300.27,0.00,900.04
197.288,56046.46,3200.48,156236.10,2444284.43,153832.23,4901.16,10205.14,300.00,300.00,2500.32,0.00,700.03
197.434,57051.76,3000.42,159889.69,2538703.57,155760.71,4300.89,11005.97,100.00,0.00,2200.25,0.00,700.03
197.580,53734.64,3200.48,170044.95,2430093.02,157994.08,5801.62,11106.08,0.00,100.00,3100.49,0.00,700.03
197.726,57252.82,1800.15,157453.84,2507623.10,150686.56,5901.68,11106.08,500.01,0.00,2800.40,0.00,1200.07
197.872,56247.51,1800.15,162326.07,2328924.86,154035.21,4300.89,9804.74,200.00,0.00,2800.40,100.00,1400.10
198.018,60369.89,2400.27,152178.08,2337686.77,145107.88,5201.30,11005.97,300.00,200.00,3000.46,0.00,800.03
198.164,56448.57,3500.57,159991.19,2403673.49,156674.30,4100.81,10205.14,200.00,0.00,1900.18,0.00,900.04
198.310,60470.45,2300.25,160803.26,2399279.94,152715.93,4901.16,11606.64,200.00,0.00,1900.18,0.00,1100.06
198.456,59565.41,2700.34,172280.40,2506637.56,158095.62,6001.74,10605.55,500.01,0.00,1800.17,0.00,400.01
198.602,56046.46,2900.39,148932.78,2499913.53,163681.25,6502.04,10905.87,500.01,0.00,1400.10,0.00,1600.13
198.748,57353.36,3100.45,156236.10,2508057.48,156775.82,5101.26,12107.23,100.00,0.00,2400.29,0.00,1200.07
198.894,57353.36,3900.71,165677.01,2609910.61,175166.53,4601.02,11606.64,1000.05,0.00,2100.22,0.00,1200.07
199.040,58358.78,3900.71,155728.78,2479165.49,155050.16,6001.74,10505.44,700.02,0.00,2900.43,0.00,1100.06
199.186,61576.75,2100.21,172991.83,2540516.27,185748.27,5701.57,10805.76,1000.05,0.00,2200.25,100.00,1100.06
199.332,57856.06,4901.12,164966.13,2521346.74,155050.16,5301.35,12908.21,200.00,100.00,2800.40,0.00,1300.09
199.478,60872.72,3200.48,148324.36,2586639.90,157384.93,5801.62,11206.19,400.01,0.00,2100.22,0.00,500.01
199.624,57554.43,4100.79,188246.93,2546037.36,162767.02,5201.30,11106.08,300.00,200.00,2000.20,0.00,1200.07
199.770,57051.76,3000.42,161107.82,2530601.42,168253.56,6201.86,13609.13,400.01,0.00,1600.13,0.00,1000.05
199.916,66103.65,5301.32,164763.03,2476576.03,167237.30,5901.68,11106.08,500.01,100.00,2100.22,0.00,1200.07
200.062,54237.17,4701.03,169638.57,2601983.85,160126.41,4601.02,10105.04,100.00,0.00,1200.07,100.00,600.02
200.208,60772.15,2800.37,168724.22,2577644.00,151092.42,5001.21,11706.76,900.04,0.00,1600.13,0.00,1300.09
200.354,62381.38,2500.29,164458.39,2493415.09,153933.73,6001.74,11906.99,500.01,0.00,1300.09,0.00,800.03
200.501,61777.89,3000.42,175126.20,2713284.05,165408.33,6602.10,10405.34,700.02,0.00,1800.17,0.00,1900.19
200.647,65298.73,3800.68,162224.56,2628420.37,160837.30,5501.46,11706.76,100.00,100.00,1600.13,0.00,1700.15
200.793,63186.08,3600.61,171569.11,2669590.88,162157.61,5401.41,12007.11,600.02,100.00,1800.17,0.00,1400.10
200.939,63689.05,4100.79,173703.21,2542779.74,183101.84,4901.16,10405.34,500.01,0.00,1700.15,0.00,1200.07
201.085,64393.26,2900.39,182447.42,2606118.61,162360.72,4701.07,11106.08,200.00,0.00,1500.11,0.00,1400.10
201.231,63085.50,2500.29,158570.21,2586497.91,163478.09,6301.91,11906.99,800.03,100.00,2000.20,0.00,1400.10
201.377,66606.75,3200.48,169638.57,2726514.71,157486.47,4901.16,11606.64,100.00,0.00,1800.17,0.00,800.03
201.523,63085.50,2400.27,169638.57,2580651.03,149063.36,5801.62,11106.08,300.00,0.00,1600.13,0.00,1400.10
201.669,63890.25,3900.71,172788.53,2625254.55,159821.77,3600.63,8303.40,300.00,0.00,2800.40,0.00,1000.05
201.815,61576.75,4100.79,172585.26,2570076.42,149164.81,6502.04,10305.24,800.03,100.00,2500.32,0.00,1000.05
201.961,62783.74,3500.57,181735.43,2577719.20,152005.61,5601.51,10705.65,200.00,0.00,2600.34,0.00,600.02
202.107,65298.73,3300.51,176244.41,2612107.48,155354.67,6502.04,10605.55,500.01,0.00,3500.62,0.00,700.03
202.253,62783.74,2300.25,164052.16,2643822.72,159110.97,6702.17,11206.19,500.01,0.00,1700.15,0.00,700.03
202.399,60772.15,4000.75,168927.42,2768495.57,161446.62,4500.98,13408.87,300.00,100.00,2800.40,0.00,1300.09
202.545,61878.48,3600.61,174719.62,2575054.75,156471.27,5001.21,10205.14,200.00,0.00,3100.49,0.00,1800.17
202.691,62381.38,3400.54,163747.56,2624277.40,162767.02,5401.41,11906.99,400.01,100.00,2500.32,0.00,1300.09
202.837,66908.62,2900.39,192318.60,2687048.11,159923.33,7502.71,12908.21,600.02,100.00,2000.20,0.00,1200.07
202.983,67109.88,3800.68,200466.61,2723190.49,165306.71,5101.26,10805.76,500.01,100.00,2300.27,0.00,1100.06
203.129,62079.65,4100.79,177667.72,2549228.18,162970.18,4801.11,10205.14,300.00,0.00,3700.70,0.00,1300.09
203.275,66204.27,3800.68,181735.43,2587007.48,159110.97,4901.16,9304.27,300.00,0.00,3300.56,100.00,1000.05
203.421,59665.96,3100.45,178786.20,2540257.28,157892.55,4801.11,10105.04,500.01,200.00,4100.86,0.00,800.03
203.567,66304.88,7802.85,173601.58,2550965.49,147237.59,4500.98,11106.08,200.00,200.00,2500.32,0.00,1300.09
203.713,59565.41,3500.57,169740.18,2637541.47,148048.99,3500.59,10705.65,400.01,0.00,2900.43,0.00,900.04
203.859,65600.56,3400.54,176142.74,2582622.32,148150.43,4200.85,10305.24,400.01,0.00,2600.34,0.00,900.04
204.005,60571.03,5501.42,199040.28,2545035.02,155963.72,4701.07,13008.34,400.01,0.00,2300.27,0.00,800.03
204.151,62381.38,4300.86,177871.07,2573242.25,158298.69,2900.41,10205.14,500.01,0.00,2100.22,0.00,1100.06
204.297,61375.59,9904.59,181328.58,2619115.29,150686.56,4901.16,10405.34,300.00,0.00,3000.46,0.00,1200.07
204.443,67713.66,4500.95,185499.39,2639328.97,151701.19,3900.73,11306.30,300.00,0.00,3100.49,0.00,700.03
204.589,68317.48,4100.79,185702.90,2673583.46,157283.43,4801.11,11406.42,400.01,200.00,3000.46,0.00,800.03
204.735,62180.22,4100.79,175024.54,2765496.94,143789.71,5201.30,11606.64,400.01,0.00,2100.22,0.00,1600.13
204.881,65499.94,2800.37,182345.71,2822495.96,150990.96,3500.59,10905.87,400.01,0.00,2400.29,0.00,1600.13
205.027,67613.03,3700.64,187839.82,2626649.47,146020.56,4601.02,10205.14,300.00,0.00,1700.15,0.00,700.03
205.173,62683.14,4300.86,186415.15,2561139.12,150077.85,4300.89,10305.24,300.00,100.00,1900.18,0.00,2100.23
205.319,62381.38,3500.57,176956.03,2622915.88,143688.30,3600.63,11506.53,100.00,200.00,2900.43,0.00,1200.07
205.465,69223.27,5001.17,196391.84,2535512.95,148657.60,3400.56,11906.99,500.01,0.00,2200.25,0.00,1200.07
205.611,60369.89,2600.32,183159.49,2527961.97,144296.66,4801.11,10805.76,1000.05,0.00,2800.40,0.00,1000.05
205.757,65097.50,3400.54,189366.47,2598718.03,147846.12,4400.93,10805.76,100.00,0.00,2500.32,0.00,1600.13
205.903,61677.33,4901.12,179904.76,2530225.64,140140.27,5201.30,9704.64,200.00,0.00,1600.13,0.00,900.04
206.049,64393.26,3900.71,179497.99,2585169.98,150889.49,3800.70,11806.87,300.00,100.00,1100.06,0.00,900.04
206.195,63487.86,2800.37,173195.07,2413621.54,135377.65,4500.98,11406.42,400.01,100.00,1600.13,0.00,2000.21
206.341,64292.65,2300.25,172382.07,2469944.00,133149.09,3800.70,9904.84,0.00,200.00,1400.10,0.00,1600.13
206.487,61777.89,2600.32,186923.94,2564747.52,142573.10,4901.16,9604.55,200.00,0.00,1000.05,0.00,1000.05
206.634,64896.28,2200.23,184075.04,2560370.57,132946.51,4701.07,9804.74,300.00,100.00,600.02,0.00,2300.27
206.780,64896.28,3500.57,173906.49,2555442.44,134364.60,5101.26,11906.99,300.00,0.00,1000.05,0.00,1400.10
206.926,65499.94,2400.27,173499.96,2502661.58,139126.76,4100.81,11005.97,100.00,0.00,600.02,0.00,400.01
207.072,63186.08,3700.64,177464.43,2482590.09,133959.41,3200.49,10004.94,400.01,0.00,700.03,0.00,2100.23
207.218,59867.07,1700.14,191605.95,2477586.77,141255.25,4000.77,11506.53,0.00,0.00,1500.11,0.00,1100.06
207.364,66304.88,4300.86,186211.64,2527410.80,139937.55,3600.63,9904.84,400.01,0.00,700.03,0.00,1600.13
207.510,65198.12,2600.32,186008.17,2596813.53,146324.80,4500.98,11306.30,400.01,0.00,900.04,0.00,1500.12
207.656,65600.56,3200.48,181125.16,2403397.71,130313.42,4701.07,10705.65,200.00,0.00,500.01,0.00,1300.09
207.802,61677.33,3800.68,174516.36,2509903.38,131022.24,4200.85,10205.14,700.02,0.00,300.00,0.00,1600.13
207.948,60772.15,4000.75,186822.18,2448602.79,130819.72,2000.19,10105.04,300.00,0.00,600.02,0.00,1300.09
208.094,60269.33,4600.99,180006.46,2395537.94,134263.30,3600.63,9904.84,300.00,0.00,700.03,0.00,2000.21
208.240,63890.25,4200.83,165981.71,2416703.76,134769.79,2800.38,9504.45,100.00,0.00,700.03,0.00,900.04
208.386,64594.47,3200.48,174719.62,2349464.12,133959.41,2100.21,10505.44,200.00,0.00,200.00,0.00,1500.12
208.532,60571.03,3900.71,169130.59,2351677.59,128693.39,2600.33,8903.91,100.00,0.00,300.00,0.00,1300.09
208.678,63085.50,3400.54,164559.90,2380644.98,129604.62,2200.23,9004.00,100.00,0.00,400.01,0.00,1700.15
208.824,65801.79,3300.51,164052.16,2467930.91,131832.42,2700.35,11906.99,100.00,0.00,200.00,0.00,700.03
208.970,66808.00,3500.57,163036.80,2351903.18,137404.02,2900.41,9604.55,0.00,0.00,300.00,0.00,1800.17
209.116,64192.06,4701.03,155830.25,2346615.87,127073.60,2800.38,8603.65,100.00,0.00,1200.07,0.00,900.04
209.262,63085.50,3000.42,156337.59,2348269.78,125757.69,2300.26,7702.93,0.00,0.00,600.02,0.00,1000.05
209.408,62884.32,3400.54,188450.47,2390417.63,133959.41,1400.09,7903.08,300.00,0.00,700.03,0.00,1900.19
209.554,66204.27,3100.45,167200.50,2354843.41,129604.62,1500.11,9004.00,100.00,0.00,300.00,0.00,1400.10
209.700,66103.65,2900.39,170756.20,2376568.80,131731.16,2400.28,8303.40,0.00,0.00,300.00,0.00,1100.06
209.846,62984.90,3000.42,163950.63,2243301.03,119079.57,2500.30,8803.82,100.00,0.00,700.03,0.00,1800.17
209.992,62180.22,2600.32,154206.91,2307057.47,129705.85,1100.06,8503.57,400.01,0.00,300.00,0.00,1500.12
210.138,59967.64,3200.48,169638.57,2441561.38,129503.36,2500.30,9804.74,100.00,0.00,300.00,100.00,2200.25
210.284,62683.14,2500.29,171162.63,2350157.47,129402.11,1400.09,8703.73,300.00,0.00,700.03,0.00,700.03
210.430,61677.33,3600.61,157352.36,2302179.35,124745.57,1900.17,7402.70,0.00,0.00,500.01,0.00,1200.07
210.576,61878.48,2000.19,161615.41,2321499.27,131629.87,1600.12,8503.57,100.00,0.00,800.03,0.00,1700.15
210.722,72243.15,3400.54,155322.94,2290602.59,123531.18,900.04,9904.84,100.00,0.00,400.01,0.00,1500.12
210.868,63990.84,2900.39,151163.79,2392121.54,125858.90,800.03,9804.74,100.00,0.00,1000.05,0.00,1000.05
211.014,62381.38,3600.61,154917.09,2399079.35,125555.25,1400.09,11106.08,200.00,0.00,600.02,0.00,2100.23
211.160,64192.06,2700.34,159686.66,2349355.72,130819.72,1600.12,9104.09,100.00,0.00,1100.06,0.00,1700.15
211.306,59766.52,3000.42,160600.22,2284814.11,127276.03,1700.14,7402.70,200.00,0.00,600.02,0.00,1700.15
211.452,63085.50,2700.34,165677.01,2393165.68,134162.01,1400.09,10205.14,0.00,0.00,900.04,100.00,1400.10
211.598,66103.65,4300.86,162224.56,2433851.81,128895.86,1400.09,8703.73,200.00,0.00,1700.15,0.00,1700.15
211.744,60068.20,3700.64,156540.54,2347501.22,132237.52,1000.05,8203.32,0.00,0.00,900.04,100.00,800.03
211.890,68317.48,1800.15,169943.35,2332950.83,121608.67,2200.23,9804.74,500.01,200.00,700.03,0.00,2000.21
212.036,64996.88,2800.37,156540.54,2335239.51,118978.41,800.03,7702.93,100.00,0.00,1000.05,0.00,900.04
212.182,61476.16,3300.51,155221.49,2321482.47,130920.96,1500.11,9704.64,0.00,100.00,400.01,0.00,800.03
212.328,66003.02,2900.39,172178.79,2321048.29,130313.42,1300.08,10105.04,300.00,0.00,500.01,0.00,1400.10
212.474,61777.89,2400.27,163138.35,2334237.16,128490.87,1400.09,8603.65,0.00,0.00,400.01,0.00,1400.10
212.620,56549.10,2100.21,156844.95,2338939.70,131629.87,1100.06,9204.18,100.00,0.00,700.03,0.00,1300.09
212.767,60973.30,2600.32,167809.98,2392856.69,124543.19,1500.11,8503.57,0.00,0.00,400.01,0.00,1800.17
212.913,62582.56,3500.57,162021.50,2365225.83,124543.19,900.04,7903.08,0.00,0.00,400.01,0.00,1000.05
213.059,64594.47,1500.11,156540.54,2478998.30,128288.41,1600.12,8803.82,0.00,0.00,300.00,0.00,1200.07
213.205,58559.86,2900.39,148121.56,2416519.98,138518.69,1400.09,8503.57,200.00,0.00,700.03,0.00,600.02
213.351,60973.30,2400.27,149034.13,2401184.23,129199.61,1700.14,7102.49,100.00,0.00,1100.06,0.00,1500.12
213.497,63689.05,2000.19,156337.59,2345262.75,136694.74,1000.05,8703.73,100.00,0.00,700.03,0.00,1500.12
213.643,63689.05,2000.19,142850.38,2277304.93,130718.47,1100.06,10405.34,0.00,0.00,700.03,0.00,900.04
213.789,63085.50,2300.25,152178.08,2339608.06,132136.25,1500.11,10105.04,0.00,0.00,500.01,0.00,1300.09
213.935,69323.93,1800.15,145181.56,2351176.62,129402.11,1100.06,7202.56,0.00,0.00,800.03,0.00,1200.07
214.081,56448.57,2800.37,152279.51,2438679.74,127984.70,700.02,10305.24,0.00,0.00,200.00,0.00,900.04
214.227,59062.62,2900.39,156134.67,2344970.36,130313.42,600.02,9104.09,100.00,0.00,300.00,0.00,1000.05
214.373,60369.89,4600.99,153496.77,2425565.87,130819.72,300.00,9804.74,0.00,0.00,500.01,0.00,1300.09
214.519,64896.28,2200.23,150758.12,2351560.79,134364.60,800.03,8703.73,100.00,0.00,1100.06,0.00,1300.09
214.665,67713.66,2300.25,151366.65,2324581.50,143485.53,500.01,11506.53,200.00,0.00,900.04,0.00,1600.13
214.811,63085.50,2000.19,146398.01,2385857.08,132845.22,600.02,9404.36,0.00,0.00,900.04,0.00,1500.12
214.957,68518.76,2700.34,147006.28,2477244.20,142877.21,900.04,9004.00,0.00,0.00,700.03,0.00,1000.05
215.103,65399.34,2900.39,140114.44,2442755.91,126263.80,900.04,8103.24,100.00,0.00,600.02,0.00,1000.05
215.249,57554.43,3400.54,148527.14,2402904.94,140241.63,900.04,10705.65,0.00,0.00,700.03,100.00,1600.13
215.395,61576.75,2700.34,162732.17,2338071.15,140748.43,900.04,9604.55,100.00,0.00,900.04,0.00,1100.06
215.541,56951.22,2500.29,151670.93,2274155.91,144296.66,100.00,9404.36,0.00,0.00,1000.05,0.00,1400.10
215.687,61073.87,3200.48,139303.92,2246667.24,132743.95,1000.05,7803.00,0.00,0.00,1300.09,0.00,1500.12
215.833,59263.73,2000.19,150758.12,2398787.16,141559.35,900.04,9804.74,0.00,100.00,1100.06,0.00,600.02
215.979,64292.65,2700.34,146398.01,2372350.64,126365.01,800.03,7803.00,100.00,0.00,1300.09,0.00,1100.06
216.125,58157.69,3700.64,136163.78,2472925.84,138113.36,900.04,8203.32,200.00,0.00,800.03,0.00,1000.05
216.271,59967.64,4300.86,144674.73,2315785.99,133452.93,700.02,8303.40,200.00,0.00,500.01,0.00,1000.05
216.417,61375.59,3500.57,152685.26,2294645.17,137201.36,500.01,10505.44,0.00,0.00,600.02,0.00,1100.06
216.563,61174.44,2100.21,152279.51,2383777.20,138518.69,300.00,7602.85,100.00,0.00,900.04,0.00,1700.15
216.709,63186.08,3000.42,147817.37,2336525.83,136086.82,1100.06,10305.24,0.00,0.00,600.02,0.00,1200.07
216.855,63689.05,3200.48,150758.12,2407791.26,138316.02,400.01,9504.45,0.00,0.00,700.03,0.00,1500.12
217.001,60872.72,2100.21,150555.29,2388020.37,129300.86,400.01,8803.82,100.00,0.00,400.01,0.00,1000.05
217.147,66103.65,3200.48,151873.79,2359128.37,131427.35,700.02,8303.40,0.00,0.00,1500.11,0.00,900.04
217.293,63689.05,3100.45,163341.41,2406479.94,140545.69,1300.08,9904.84,100.00,100.00,1300.09,0.00,1500.12
217.439,64393.26,2700.34,153699.65,2337528.18,134769.79,600.02,10105.04,0.00,0.00,1000.05,0.00,1300.09
217.585,62481.97,3700.64,160092.69,2300266.65,131832.42,1500.11,10905.87,0.00,0.00,1200.07,0.00,1500.12
217.731,60872.72,4200.83,152279.51,2338597.32,140951.14,800.03,9004.00,0.00,200.00,1400.10,0.00,1700.15
217.877,60872.72,3400.54,162224.56,2337929.15,134060.71,800.03,9004.00,0.00,0.00,1100.06,0.00,1600.13
218.023,60068.20,4200.83,145485.65,2305194.78,135175.03,1200.07,9904.84,0.00,0.00,1400.10,0.00,1500.12
218.169,62783.74,2300.25,151772.34,2458943.41,136390.77,1000.05,9304.27,0.00,0.00,1500.11,0.00,1500.12
218.315,65902.40,2400.27,156134.67,2422283.26,132338.80,700.02,8903.91,0.00,0.00,900.04,0.00,1700.15
218.461,64896.28,2700.34,142343.68,2278674.86,131731.16,800.03,9904.84,0.00,0.00,700.03,0.00,1300.09
218.607,69021.98,2900.39,144877.43,2241505.13,134769.79,500.01,9604.55,0.00,0.00,900.04,0.00,1000.05
218.753,62984.90,2700.34,155525.85,2303490.87,138214.69,1200.07,9104.09,0.00,0.00,1800.17,0.00,2100.23
218.899,57152.28,2600.32,143357.12,2445186.58,143789.71,700.02,10105.04,0.00,0.00,1600.13,0.00,900.04
219.046,63890.25,4600.99,147817.37,2387494.19,137302.69,800.03,9604.55,0.00,0.00,1200.07,0.00,1500.12
219.192,62582.56,3000.42,139810.49,2402963.53,130515.92,900.04,9304.27,0.00,0.00,1200.07,0.00,800.03
219.338,62683.14,3100.45,139810.49,2321031.50,134060.71,1000.05,8003.16,0.00,0.00,800.03,0.00,1700.15
219.484,59665.96,3100.45,151366.65,2302329.74,133858.11,500.01,9804.74,0.00,100.00,1600.13,0.00,1600.13
219.630,64192.06,3300.51,149135.53,2323036.18,143789.71,700.02,9104.09,0.00,0.00,1300.09,0.00,800.03
219.776,66405.50,4701.03,157859.78,2417772.91,140748.43,800.03,10505.44,0.00,0.00,1400.10,0.00,2300.27
219.922,61275.01,2100.21,144877.43,2361934.82,138012.01,700.02,11106.08,100.00,100.00,1700.15,0.00,1600.13
220.068,62582.56,4100.79,141431.64,2305662.55,138721.39,400.01,11206.19,0.00,0.00,2500.32,0.00,1100.06
220.214,65801.79,3300.51,146398.01,2403523.10,135782.89,700.02,10105.04,0.00,100.00,1100.06,0.00,500.01
220.360,62884.32,2900.39,142039.68,2418716.66,143181.39,900.04,10905.87,200.00,0.00,1400.10,0.00,1200.07
220.506,65198.12,4100.79,167911.58,2594090.68,142573.10,1400.09,10004.94,0.00,0.00,1800.17,0.00,1300.09
220.652,59867.07,4600.99,148527.14,2440325.25,149773.50,1000.05,9404.36,0.00,0.00,2600.34,0.00,900.04
220.798,66204.27,4901.12,139709.20,2421757.09,141052.49,900.04,10405.34,0.00,0.00,2500.32,0.00,1300.09
220.944,62582.56,5001.17,144877.43,2394518.80,137708.02,900.04,9204.18,0.00,0.00,1900.18,0.00,1500.12
221.090,64594.47,6001.68,147614.60,2442070.95,152107.08,1700.14,10605.55,0.00,0.00,1400.10,0.00,1500.12
221.236,61777.89,5301.32,145688.37,2419543.61,141964.83,1200.07,10004.94,100.00,0.00,600.02,0.00,700.03
221.382,61476.16,3200.48,146803.54,2392998.69,149063.36,500.01,8903.91,100.00,0.00,1600.13,0.00,1200.07
221.528,65902.40,3900.71,146702.14,2340460.01,148150.43,500.01,11106.08,100.00,0.00,900.04,0.00,700.03
221.674,62984.90,3800.68,150555.29,2504582.67,149773.50,1200.07,10705.65,0.00,100.00,1100.06,0.00,900.04
221.820,64996.88,3300.51,144167.94,2399012.55,146730.45,1000.05,10405.34,0.00,0.00,1000.05,0.00,1100.06
221.966,68116.21,3300.51,151062.39,2408910.60,147339.02,700.02,10004.94,0.00,0.00,1000.05,0.00,1400.10
222.112,61677.33,3000.42,153293.89,2465182.87,154745.69,1000.05,9004.00,100.00,0.00,1800.17,0.00,1500.12
222.258,68116.21,3100.45,155424.41,2667469.40,145919.12,1000.05,9504.45,0.00,0.00,1500.11,0.00,2200.25
222.404,70632.45,2700.34,147209.06,2379918.22,143282.75,1800.16,11706.76,200.00,0.00,1800.17,0.00,1400.10
222.549,59163.18,2900.39,140519.72,2399847.91,151498.27,1000.05,10905.87,0.00,0.00,1400.10,0.00,1500.12
222.696,63689.05,3300.51,144877.43,2466101.81,136289.48,1200.07,10505.44,0.00,0.00,700.03,0.00,1400.10
222.842,58258.22,2900.39,136163.78,2367957.08,157283.43,1500.11,10105.04,0.00,0.00,1000.05,0.00,1200.07
222.988,64393.26,1800.15,154409.81,2457598.69,146629.03,800.03,13909.54,200.00,0.00,800.03,0.00,1100.06
223.134,65701.17,3400.54,153801.10,2546162.56,159821.77,1000.05,10305.24,0.00,0.00,1600.13,0.00,1500.12
223.280,70833.77,3000.42,148831.34,2629915.49,147744.72,1300.08,9304.27,0.00,100.00,1500.11,0.00,1600.13
223.426,65298.73,3400.54,146398.01,2557789.71,144702.25,1300.08,12007.11,100.00,0.00,1800.17,0.00,900.04
223.572,65801.79,3600.61,146499.37,2512342.44,145310.67,800.03,12307.47,100.00,0.00,1100.06,0.00,1100.06
223.718,61979.05,2900.39,143762.52,2568322.52,165306.71,1500.11,9304.27,0.00,0.00,1500.11,0.00,900.04
223.864,68015.57,3600.61,148324.36,2492671.74,148556.18,900.04,10105.04,0.00,0.00,2500.32,0.00,1300.09
224.010,63689.05,3500.57,143965.23,2580459.04,157080.37,1000.05,9404.36,200.00,100.00,1200.07,0.00,1300.09
224.156,63186.08,3900.71,138088.27,2422199.86,149976.38,1100.06,10405.34,0.00,0.00,1200.07,0.00,1900.19
224.302,71035.10,2900.39,138088.27,2486273.49,153223.33,1200.07,8703.73,0.00,0.00,1300.09,0.00,1600.13
224.448,63588.46,3600.61,133429.50,2479240.49,148556.18,1600.12,9404.36,0.00,100.00,2100.22,0.00,1600.13
224.594,63689.05,3500.57,134543.39,2443415.68,145919.12,1000.05,9804.74,0.00,100.00,700.03,0.00,800.03
224.740,64996.88,3400.54,133834.55,2568038.53,148556.18,1300.08,8803.82,0.00,0.00,1400.10,0.00,1200.07
224.886,72444.51,2600.32,132518.26,2430819.78,160532.62,1000.05,10405.34,0.00,0.00,700.03,0.00,1100.06
225.032,62783.74,3600.61,146600.76,2476484.24,164290.78,800.03,12207.35,0.00,100.00,1100.06,0.00,1300.09
225.179,61073.87,3700.64,138594.78,2540800.25,148657.60,1000.05,10405.34,0.00,100.00,1200.07,0.00,1500.12
225.325,62180.22,2900.39,144674.73,2590273.50,150889.49,900.04,8303.40,200.00,0.00,1000.05,0.00,1400.10
225.471,71135.77,3100.45,140215.75,2605132.87,160431.07,700.02,9204.18,0.00,0.00,500.01,0.00,1500.12
225.617,69927.85,4400.91,133834.55,2605634.04,152411.48,600.02,11506.53,0.00,0.00,1100.06,0.00,1100.06
225.763,71035.10,2500.29,138797.39,2584785.60,158400.21,1400.09,11206.19,0.00,100.00,600.02,100.00,1000.05
225.909,64795.67,10505.16,138999.99,2581887.36,161852.88,500.01,11106.08,100.00,0.00,600.02,0.00,1100.06
226.055,67210.51,3000.42,129481.30,2418299.08,155253.17,300.00,9704.64,0.00,200.00,600.02,0.00,1200.07
226.201,67411.76,3700.64,138999.99,2479900.45,145716.32,800.03,9804.74,0.00,0.00,1500.11,100.00,1800.17
226.347,62280.80,3500.57,126242.81,2474153.77,149672.05,800.03,12007.11,0.00,0.00,600.02,0.00,1300.09
226.493,68820.70,5001.17,128671.58,2486849.86,153730.74,900.04,11106.08,0.00,0.00,1100.06,0.00,1700.15
226.639,71639.12,3400.54,130291.07,2469325.84,156877.32,600.02,8803.82,0.00,0.00,700.03,0.00,1700.15
226.785,63387.27,3200.48,136974.04,2548969.20,143688.30,1200.07,9904.84,0.00,100.00,900.04,0.00,1200.07
226.931,59867.07,8403.30,129784.95,2426275.84,144398.06,600.02,9904.84,0.00,0.00,1100.06,0.00,1000.05
227.077,66405.50,3800.68,133935.79,2456855.33,158603.28,400.01,9804.74,0.00,0.00,1200.07,0.00,1200.07
227.223,67411.76,5901.63,129380.09,2540591.46,155862.21,600.02,10405.34,200.00,100.00,700.03,0.00,1700.15
227.369,65801.79,4400.91,125635.72,2543372.91,154847.16,1200.07,10505.44,300.00,0.00,1400.10,0.00,1000.05
227.515,68216.84,3200.48,134442.12,2510145.76,152411.48,700.02,11106.08,0.00,100.00,900.04,0.00,1800.17
227.661,70431.14,3500.57,128469.17,2512776.81,154238.19,1200.07,11206.19,200.00,0.00,400.01,0.00,1000.05
227.807,61979.05,3000.42,119060.92,2487317.63,149976.38,1400.09,10105.04,100.00,0.00,700.03,0.00,1100.06
227.953,61576.75,2700.34,119768.80,2495503.38,148860.49,1500.11,9404.36,0.00,0.00,600.02,0.00,1500.12
228.099,65298.73,2500.29,121488.08,2352571.34,152918.86,1300.08,11706.76,100.00,100.00,800.03,0.00,700.03
228.245,70833.77,4100.79,125231.00,2351544.00,155151.66,900.04,11506.53,0.00,0.00,1200.07,0.00,800.03
228.391,63286.68,2400.27,128671.58,2488679.16,143688.30,700.02,9604.55,0.00,100.00,1500.11,0.00,1400.10
228.537,60068.20,3700.64,119060.92,2360197.51,147846.12,400.01,9904.84,100.00,0.00,1200.07,0.00,1000.05
228.683,60772.15,2900.39,137277.90,2431822.12,145412.08,500.01,10705.65,0.00,0.00,600.02,0.00,1100.06
228.829,57051.76,2700.34,117645.35,2398452.98,144296.66,1400.09,11706.76,0.00,0.00,1500.11,0.00,1200.07
228.975,65701.17,2100.21,118656.48,2378966.07,145513.49,600.02,10105.04,100.00,0.00,1100.06,0.00,1300.09
229.121,64292.65,2400.27,114006.14,2364365.48,138822.73,1000.05,10205.14,100.00,0.00,900.04,0.00,900.04
229.267,67411.76,3800.68,117746.45,2350541.65,150788.03,1100.06,11906.99,100.00,0.00,600.02,0.00,600.02
229.413,68116.21,3000.42,122297.24,2392965.29,144398.06,600.02,11806.87,0.00,0.00,900.04,0.00,1600.13
229.559,72545.19,3300.51,126141.65,2530208.85,146426.22,500.01,9404.36,0.00,0.00,400.01,0.00,1900.19
229.705,69927.85,4701.03,131202.15,2494701.42,144905.07,900.04,10004.94,0.00,0.00,500.01,0.00,1400.10
229.851,71135.77,4801.08,125838.09,2447617.05,143992.50,1200.07,9404.36,200.00,0.00,500.01,0.00,1800.17
229.997,67914.94,3200.48,126344.02,2520035.21,153020.35,900.04,13609.13,0.00,0.00,500.01,0.00,1300.09
230.143,64393.26,3300.51,139506.55,2403932.28,149773.50,400.01,8103.24,200.00,0.00,900.04,0.00,1300.09
230.289,74458.26,2700.34,134138.32,2412276.81,149874.94,400.01,9704.64,0.00,0.00,800.03,0.00,1600.13
230.435,68619.40,1800.15,125534.55,2344970.36,138417.36,800.03,10305.24,100.00,0.00,100.00,0.00,1200.07
230.581,67009.25,2600.32,129481.30,2419635.41,152614.43,500.01,9704.64,0.00,0.00,500.01,0.00,1800.17
230.727,66204.27,3500.57,120476.70,2382942.05,145107.88,900.04,9504.45,100.00,0.00,400.01,0.00,2300.27
230.873,62683.14,2600.32,120274.44,2342581.50,140748.43,1000.05,9504.45,100.00,0.00,400.01,0.00,900.04
231.019,68418.13,2800.37,111075.47,2379250.05,148251.85,600.02,9104.09,0.00,0.00,700.03,100.00,1100.06
231.165,67311.13,1700.14,121285.78,2361559.04,147744.72,700.02,12207.35,0.00,0.00,700.03,100.00,900.04
231.312,65097.50,3200.48,113803.99,2390935.60,146223.36,1100.06,10305.24,0.00,0.00,800.03,0.00,1100.06
231.458,70733.11,3300.51,123713.44,2314792.04,134162.01,1200.07,8603.65,0.00,0.00,300.00,0.00,1800.17
231.604,69827.19,2500.29,122904.17,2385573.10,142877.21,600.02,10605.55,0.00,0.00,900.04,0.00,900.04
231.750,67009.25,2800.37,118858.68,2459987.55,136390.77,800.03,7502.78,0.00,0.00,600.02,100.00,1000.05
231.896,71538.44,2400.27,123106.48,2498619.00,149164.81,400.01,8203.32,200.00,0.00,700.03,0.00,1100.06
232.042,65399.34,2600.32,134138.32,2465274.86,142573.10,700.02,11906.99,0.00,0.00,800.03,0.00,1700.15
232.187,69021.98,2700.34,130291.07,2417563.92,149976.38,1900.17,10105.04,0.00,0.00,400.01,0.00,1500.12
232.334,67613.03,3500.57,136062.47,2378172.51,148961.94,400.01,9704.64,0.00,0.00,900.04,0.00,1000.05
232.480,64493.86,2300.25,128772.79,2512041.66,144905.07,1200.07,10905.87,0.00,0.00,600.02,0.00,1600.13
232.626,71337.10,3100.45,132113.28,2492838.73,147744.72,1300.08,9404.36,0.00,0.00,600.02,0.00,1300.09
232.772,73350.65,4400.91,119263.17,2551683.85,148048.99,900.04,10004.94,100.00,200.00,700.03,0.00,1100.06
232.918,69726.53,2000.19,118858.68,2520502.99,142978.60,1300.08,10405.34,0.00,0.00,800.03,0.00,700.03
233.064,74156.18,3600.61,124219.27,2627860.61,150483.65,1000.05,10004.94,100.00,0.00,700.03,100.00,1500.12
233.210,69927.85,2500.29,132113.28,2435497.32,136796.06,1000.05,10305.24,0.00,0.00,1000.05,0.00,1500.12
233.356,70733.11,3400.54,126951.17,2384570.76,148150.43,400.01,8203.32,100.00,0.00,700.03,0.00,1400.10
233.502,71639.12,3300.51,126445.19,2389874.66,142167.57,700.02,9604.55,100.00,0.00,600.02,0.00,1600.13
233.648,70833.77,2800.37,117139.82,2533892.44,133047.79,600.02,9204.18,0.00,0.00,500.01,100.00,900.04
233.794,77378.88,3100.45,113905.06,2437827.79,141457.97,600.02,9604.55,0.00,0.00,700.03,0.00,1300.09
233.940,72746.55,3100.45,128367.95,2477628.57,139430.80,1100.06,8403.48,100.00,0.00,300.00,0.00,800.03
234.086,64594.47,2600.32,117948.67,2444050.45,137201.36,1000.05,9504.45,0.00,0.00,800.03,0.00,1600.13
234.232,68015.57,2500.29,125635.72,2482506.50,148860.49,700.02,11806.87,100.00,0.00,400.01,0.00,1200.07
234.378,69323.93,3600.61,114309.37,2446088.53,134060.71,100.00,9904.84,0.00,0.00,800.03,0.00,900.04
234.524,70330.48,3500.57,115623.40,2380436.19,143586.91,200.00,9604.55,100.00,100.00,500.01,0.00,1300.09
234.670,70833.77,4000.75,125129.81,2581269.20,148048.99,500.01,9404.36,0.00,0.00,1000.05,0.00,1400.10
234.816,74256.87,3200.48,128064.35,2506654.16,140342.98,900.04,9804.74,0.00,0.00,800.03,0.00,1500.12
234.962,75465.29,4000.75,121690.36,2537300.45,145716.32,800.03,10805.76,0.00,0.00,1000.05,0.00,1100.06
235.108,73451.34,1900.17,119060.92,2503563.73,145919.12,400.01,8503.57,0.00,0.00,600.02,0.00,1600.13
235.254,69726.53,3000.42,117948.67,2477068.81,137910.67,900.04,9004.00,0.00,0.00,1000.05,0.00,1100.06
235.400,77177.44,4200.83,124623.94,2455710.99,146121.96,600.02,11005.97,0.00,0.00,600.02,0.00,1200.07
235.546,73954.79,2400.27,132417.03,2414548.69,134871.11,1100.06,7502.78,0.00,100.00,900.04,0.00,1400.10
235.692,68116.21,3800.68,121184.65,2333168.02,125656.47,400.01,9204.18,0.00,200.00,600.02,0.00,1300.09
235.838,72947.91,3400.54,125838.09,2436098.69,131224.80,1000.05,7602.85,0.00,0.00,700.03,0.00,1900.19
235.984,71135.77,3200.48,119768.80,2281773.68,133452.93,500.01,10505.44,0.00,0.00,500.01,0.00,1300.09
236.130,71135.77,3800.68,110469.22,2419192.83,136289.48,300.00,10305.24,0.00,100.00,200.00,0.00,1500.12
236.276,74558.97,2600.32,119667.65,2275976.81,134567.20,400.01,10004.94,0.00,100.00,200.00,0.00,1700.15
236.422,72444.51,2400.27,115522.33,2355294.39,128997.12,300.00,9704.64,100.00,0.00,700.03,100.00,800.03
236.568,70330.48,2000.19,127760.73,2328256.69,138316.02,300.00,10605.55,0.00,0.00,800.03,100.00,2300.27
236.714,71035.10,3200.48,115421.24,2382031.50,131832.42,0.00,9804.74,0.00,0.00,500.01,0.00,1100.06
236.860,70028.50,2600.32,121791.52,2313280.13,132440.10,100.00,9204.18,0.00,0.00,300.00,0.00,1200.07
237.006,73048.60,3300.51,115118.00,2380862.16,132743.95,100.00,8403.48,0.00,0.00,600.02,0.00,1300.09
237.152,68720.05,2600.32,116331.06,2401292.83,133149.09,200.00,9404.36,0.00,100.00,400.01,0.00,900.04
237.298,67109.88,2300.25,107236.46,2315535.40,135073.73,200.00,9104.09,0.00,0.00,500.01,0.00,1400.10
237.444,65902.40,3800.68,111075.47,2285732.86,130313.42,400.01,9204.18,0.00,0.00,900.04,0.00,1000.05
237.591,77177.44,3800.68,114511.51,2308569.19,136694.74,0.00,8403.48,0.00,0.00,500.01,0.00,1700.15
237.737,72645.88,2100.21,115623.40,2335348.10,132541.37,100.00,8603.65,0.00,0.00,900.04,0.00,1700.15
237.883,71437.77,3000.42,117038.72,2365927.40,130515.92,200.00,7903.08,0.00,0.00,400.01,0.00,1900.19
238.029,67713.66,2000.19,115724.51,2329659.82,122822.85,100.00,8503.57,0.00,0.00,600.02,0.00,1800.17
238.175,69223.27,4701.03,120173.29,2386558.65,138822.73,100.00,8303.40,0.00,0.00,400.01,0.00,1200.07
238.321,67411.76,3600.61,112288.06,2349539.31,138822.73,0.00,9904.84,0.00,0.00,900.04,0.00,1100.06
238.467,73249.97,2700.34,120375.56,2292139.50,130515.92,100.00,12007.11,0.00,0.00,1200.07,0.00,800.03
238.613,73350.65,3500.57,120881.23,2380603.18,126871.13,300.00,9204.18,100.00,0.00,800.03,100.00,1200.07
238.759,70632.45,3800.68,118757.57,2277831.11,135377.65,0.00,6602.15,0.00,0.00,1000.05,0.00,1100.06
238.905,72645.88,3500.57,109256.81,2366804.55,131933.71,0.00,7402.70,0.00,0.00,900.04,0.00,1800.17
239.051,70632.45,3000.42,120476.70,2356271.73,134263.30,0.00,7903.08,0.00,0.00,200.00,0.00,1000.05
239.197,74458.26,3100.45,117847.56,2419176.03,125251.63,0.00,9704.64,0.00,0.00,500.01,0.00,1700.15
239.343,71739.78,2900.39,122499.55,2448185.21,130617.19,0.00,8203.32,0.00,0.00,600.02,0.00,1800.17
239.489,72746.55,2100.21,118959.82,2356848.10,130313.42,100.00,9304.27,0.00,0.00,300.00,0.00,1300.09
239.635,69323.93,4300.86,116128.86,2316938.72,136694.74,0.00,8703.73,0.00,0.00,800.03,0.00,1000.05
239.781,71437.77,2400.27,121083.52,2353415.09,130414.68,0.00,9304.27,0.00,0.00,200.00,0.00,1100.06
239.927,67613.03,2900.39,110873.38,2332524.86,126061.36,0.00,7502.78,0.00,0.00,500.01,0.00,1700.15
240.073,76170.27,3200.48,117544.23,2369585.99,130212.15,0.00,8303.40,0.00,0.00,700.03,0.00,1700.15
240.219,72545.19,3600.61,122398.40,2385330.91,133959.41,0.00,8403.48,0.00,0.00,500.01,0.00,800.03
240.365,72041.80,3000.42,112995.46,2318183.25,124037.16,100.00,9604.55,0.00,0.00,300.00,0.00,1600.13
240.511,65499.94,3400.54,117038.72,2274456.69,134162.01,0.00,8903.91,0.00,0.00,700.03,0.00,2300.27
240.657,71941.13,2300.25,134138.32,2480593.81,126365.01,0.00,8503.57,0.00,0.00,600.02,0.00,1000.05
240.803,77882.53,4000.75,124016.95,2381279.74,122114.55,0.00,8703.73,100.00,0.00,400.01,0.00,1500.12
240.949,73149.29,3500.57,115522.33,2323938.33,122924.05,0.00,7903.08,0.00,0.00,600.02,0.00,1200.07
241.095,67914.94,2600.32,121488.08,2349280.52,115742.10,0.00,9204.18,0.00,0.00,500.01,0.00,1200.07
241.241,76472.40,3200.48,117342.04,2338906.30,124745.57,0.00,10505.44,0.00,0.00,300.00,0.00,1500.12
241.387,75767.41,2800.37,112591.23,2282851.22,130515.92,0.00,9304.27,100.00,0.00,600.02,0.00,900.04
241.533,70129.15,4600.99,118353.12,2323161.38,127174.81,100.00,7702.93,0.00,0.00,300.00,0.00,1400.10
241.679,75263.87,2400.27,117342.04,2259922.90,123834.77,100.00,10505.44,0.00,0.00,800.03,0.00,1700.15
241.825,70733.11,2200.23,21998273.93,2368466.65,128187.16,0.00,9104.09,0.00,0.00,500.01,0.00,1500.12
241.971,72947.91,2700.34,112681.68,2359387.16,111394.91,100.00,7803.00,0.00,214856.52,500.01,0.00,1400.10
242.117,74659.67,2600.32,123005.31,2364039.70,126567.46,100.00,8203.32,0.00,0.00,800.03,0.00,1800.17
242.263,76975.99,3500.57,128874.01,2406830.72,120394.63,0.00,9004.00,0.00,0.00,100.00,0.00,1400.10
242.409,74659.67,3000.42,118454.24,2441653.37,131933.71,100.00,9104.09,0.00,0.00,300.00,0.00,1800.17
242.555,76673.84,3900.71,112187.01,2284638.72,126567.46,100.00,9304.27,0.00,0.00,200.00,0.00,1600.13
242.701,73854.10,2900.39,122499.55,2333368.41,130009.65,0.00,7502.78,0.00,0.00,500.01,0.00,1500.12
242.847,69424.59,3500.57,118454.24,2328632.47,131731.16,100.00,10805.76,100.00,0.00,200.00,0.00,1800.17
242.993,77580.33,3300.51,123511.11,2293125.05,122620.46,100.00,8903.91,0.00,0.00,300.00,0.00,1900.19
243.139,73249.97,2200.23,123915.77,2434044.00,124644.38,0.00,7502.78,0.00,0.00,300.00,0.00,1400.10
243.285,68116.21,3600.61,110469.22,2351677.59,122316.92,0.00,8903.91,0.00,0.00,100.00,0.00,1300.09
243.431,75968.84,3400.54,114107.23,2462618.61,120799.28,0.00,9204.18,0.00,0.00,400.01,0.00,2000.21
243.577,75566.00,2600.32,118656.48,2381705.72,131326.06,200.00,9604.55,0.00,0.00,100.00,0.00,1300.09
243.724,75163.17,3200.48,125028.64,2363129.35,122924.05,0.00,9604.55,0.00,0.00,300.00,0.00,1200.07
243.870,71941.13,3400.54,116432.13,2313589.31,130819.72,100.00,9404.36,0.00,0.00,200.00,0.00,2100.23
244.016,78587.65,2500.29,118454.24,2287812.75,127782.21,0.00,6902.35,0.00,100.00,500.01,0.00,1300.09
244.162,75566.00,1700.14,119465.42,2341637.75,133149.09,200.00,10305.24,0.00,0.00,200.00,0.00,1100.06
244.308,70531.78,3000.42,120173.29,2472099.08,124543.19,0.00,9504.45,0.00,0.00,100.00,0.00,1700.15
244.454,71236.43,2900.39,122499.55,2315268.22,121912.20,0.00,8103.24,0.00,100.00,200.00,0.00,800.03
244.600,72947.91,2500.29,112995.46,2395003.37,122215.74,100.00,9004.00,0.00,0.00,200.00,0.00,1500.12
244.746,76472.40,2400.27,124522.78,2353774.27,136897.39,0.00,10505.44,0.00,0.00,100.00,0.00,2000.21
244.892,75968.84,3900.71,127254.74,2415358.84,133351.66,0.00,9104.09,0.00,0.00,500.01,0.00,1600.13
245.038,70934.44,4200.83,128165.54,2486273.49,142167.57,0.00,10305.24,0.00,0.00,100.00,0.00,2800.41
245.184,77580.33,2900.39,119667.65,2389290.09,124846.80,0.00,9304.27,0.00,0.00,800.03,100.00,1700.15
245.330,72243.15,3600.61,118555.35,2336150.05,120596.96,0.00,8303.40,300.00,0.00,200.00,0.00,1400.10
245.476,76774.56,3300.51,116331.06,2486457.28,130515.92,0.00,10205.14,100.00,0.00,100.00,0.00,1200.07
245.622,72645.88,3200.48,118251.98,2332023.68,135073.73,0.00,7702.93,0.00,0.00,600.02,0.00,1600.13
245.768,72041.80,3400.54,117746.45,2365451.42,136796.06,0.00,10705.65,0.00,0.00,100.00,0.00,1200.07
245.914,70934.44,2900.39,118656.48,2277204.74,132338.80,0.00,10004.94,0.00,0.00,400.01,0.00,2100.23
246.060,68820.70,3700.64,117240.93,2380628.18,130617.19,0.00,9004.00,0.00,0.00,500.01,0.00,1500.12
246.206,70531.78,2500.29,121993.80,2345279.54,131629.87,100.00,9204.18,0.00,0.00,100.00,0.00,1200.07
246.352,71941.13,4300.86,118858.68,2375950.64,119281.90,100.00,8503.57,0.00,0.00,300.00,0.00,1700.15
246.498,74357.56,3100.45,115016.90,2348144.39,131326.06,0.00,8503.57,0.00,0.00,300.00,0.00,900.04
246.644,72343.82,3600.61,119667.65,2383693.61,132743.95,0.00,9604.55,0.00,0.00,400.01,0.00,1600.13
246.790,68015.57,2600.32,116735.43,2393015.29,132946.51,0.00,7903.08,0.00,0.00,200.00,0.00,1800.17
246.936,71236.43,3100.45,115320.14,2351301.81,139937.55,100.00,9904.84,0.00,0.00,200.00,0.00,800.03
247.082,69424.59,7102.36,112085.94,2383192.44,128187.16,0.00,9404.36,0.00,0.00,500.01,0.00,1600.13
247.228,72847.22,2400.27,115623.40,2286676.81,124037.16,0.00,10705.65,0.00,0.00,300.00,0.00,1000.05
247.374,68317.48,3500.57,101076.74,2278023.29,116753.37,100.00,9104.09,0.00,0.00,500.01,0.00,1400.10
247.520,64192.06,3300.51,104913.53,2275826.61,119079.57,0.00,8403.48,0.00,0.00,200.00,0.00,1700.15
247.666,66908.62,3000.42,104913.53,2216989.89,123126.41,0.00,8103.24,0.00,0.00,300.00,0.00,1700.15
247.812,69223.27,3200.48,108448.64,2169078.56,131427.35,0.00,7803.00,0.00,0.00,400.01,0.00,900.04
247.958,68518.76,3200.48,115522.33,2068127.59,120192.28,0.00,8303.40,0.00,0.00,300.00,0.00,1300.09
248.104,69223.27,2500.29,100168.23,2163524.07,120495.80,0.00,7502.78,0.00,0.00,300.00,0.00,1900.19
248.250,69122.63,2700.34,107741.52,2163599.27,120698.12,100.00,8003.16,0.00,0.00,500.01,0.00,1300.09
248.396,62481.97,1800.15,97745.91,2218652.20,126871.13,100.00,7002.42,0.00,0.00,200.00,0.00,1500.12
248.542,62984.90,3000.42,103095.93,2083162.55,116146.60,0.00,7702.93,0.00,0.00,200.00,0.00,900.04
248.688,64695.07,3700.64,101379.60,2136778.56,124138.37,100.00,7602.85,0.00,0.00,500.01,0.00,1600.13
248.834,63890.25,2700.34,97443.17,2171350.63,119383.05,100.00,7502.78,0.00,0.00,700.03,0.00,1900.19
248.980,64695.07,4100.79,97644.98,2137162.94,131629.87,200.00,7202.56,0.00,0.00,600.02,0.00,1500.12
249.126,56750.15,12907.79,99057.93,2104361.77,120192.28,0.00,9104.09,0.00,0.00,500.01,0.00,1200.07
249.272,64192.06,1800.15,92499.42,2115203.56,117764.68,0.00,8003.16,0.00,0.00,200.00,0.00,1500.12
249.418,65198.12,2600.32,95223.23,2126212.35,121305.13,0.00,7903.08,0.00,100.00,1100.06,0.00,1300.09
249.564,62683.14,3500.57,96938.59,2133779.93,125656.47,100.00,8103.24,0.00,0.00,400.01,0.00,1000.05
249.710,67512.40,3200.48,100168.23,2232091.65,126263.80,200.00,8203.32,0.00,0.00,500.01,0.00,1100.06
249.857,66304.88,3100.45,91389.91,2181582.67,130515.92,200.00,8503.57,0.00,0.00,400.01,0.00,900.04
250.003,63890.25,3400.54,92398.56,2161978.76,120192.28,0.00,7002.42,0.00,0.00,600.02,0.00,1500.12
250.149,64695.07,2800.37,85340.11,2182284.23,125454.07,0.00,7402.70,0.00,0.00,800.03,0.00,800.03
250.295,65298.73,2200.23,98250.52,2279593.61,121102.80,0.00,8103.24,0.00,0.00,400.01,0.00,1200.07
250.441,65701.17,2700.34,101379.60,2096593.60,119989.97,100.00,7302.63,0.00,0.00,1200.07,0.00,1300.09
250.587,69424.59,2700.34,96534.96,2157760.79,125150.42,0.00,7803.00,0.00,0.00,700.03,100.00,1700.15
250.733,64192.06,4000.75,94012.58,2245422.51,119686.50,0.00,8803.82,100.00,0.00,400.01,0.00,1000.05
250.879,67411.76,3600.61,97745.91,2242332.08,129908.38,0.00,6802.28,100.00,0.00,400.01,0.00,1200.07
251.025,69525.23,2800.37,91995.08,2116147.31,126365.01,0.00,7502.78,0.00,0.00,500.01,0.00,800.03
251.171,65097.50,2700.34,96938.59,2163933.45,130414.68,100.00,9204.18,0.00,100.00,400.01,0.00,900.04
251.317,61677.33,2900.39,95727.72,2255103.37,136492.11,0.00,7702.93,0.00,0.00,300.00,0.00,1800.17
251.463,64493.86,3400.54,93810.80,2177640.28,127174.81,0.00,7803.00,0.00,100.00,600.02,0.00,1000.05
251.609,65097.50,3000.42,101076.74,2217983.84,132440.10,0.00,8603.65,0.00,0.00,500.01,0.00,1500.12
251.755,64091.46,2900.39,93407.28,2176203.56,123632.39,0.00,7903.08,0.00,0.00,500.01,0.00,1000.05
251.901,64493.86,3300.51,99461.67,2221525.44,126263.80,300.00,10205.14,100.00,0.00,600.02,0.00,700.03
252.047,67713.66,2800.37,99663.53,2249131.30,135681.57,100.00,9004.00,0.00,0.00,600.02,0.00,1500.12
252.193,67914.94,4400.91,96837.69,2186251.81,125049.21,0.00,7602.85,0.00,0.00,600.02,0.00,1200.07
252.339,62481.97,3300.51,95626.83,2179678.17,124138.37,0.00,8103.24,0.00,0.00,600.02,0.00,1600.13
252.485,66103.65,2800.37,105115.51,2245740.09,126162.59,0.00,7602.85,0.00,0.00,900.04,0.00,1300.09
252.631,64795.67,3100.45,101076.74,2192867.24,114832.09,0.00,9104.09,0.00,0.00,800.03,0.00,1800.17
252.777,66707.37,1800.15,102288.20,2132760.99,123531.18,0.00,7402.70,0.00,0.00,900.04,0.00,1000.05
252.923,66606.75,2900.39,97644.98,2192817.04,127174.81,100.00,8603.65,0.00,0.00,800.03,0.00,1700.15
253.069,68216.84,3400.54,106226.42,2123823.48,129705.85,0.00,10004.94,0.00,100.00,1200.07,0.00,1000.05
253.215,64795.67,3300.51,103297.88,2165545.36,130313.42,0.00,8603.65,0.00,0.00,800.03,0.00,1300.09
253.361,66506.12,3300.51,101985.32,2174232.28,119585.34,100.00,9704.64,0.00,0.00,1100.06,0.00,700.03
253.507,70934.44,4901.12,98149.59,2146367.63,132440.10,100.00,8803.82,0.00,0.00,900.04,0.00,1000.05
253.653,61677.33,2800.37,102490.14,2224590.87,123834.77,0.00,8703.73,0.00,100.00,1000.05,100.00,1200.07
253.799,69726.53,3400.54,104509.60,2211168.02,118068.13,0.00,8703.73,0.00,100.00,800.03,0.00,1000.05
253.945,65097.50,4901.12,98755.14,2223120.75,126871.13,100.00,8503.57,0.00,0.00,400.01,0.00,1200.07
254.091,64393.26,3800.68,103903.73,2065696.92,121811.04,100.00,8203.32,100.00,0.00,1400.10,0.00,1200.07
254.237,62079.65,1700.14,114814.75,2102156.49,120900.45,100.00,8003.16,0.00,100.00,800.03,0.00,1700.15
254.383,65399.34,3300.51,102288.20,2146693.41,122924.05,100.00,7602.85,100.00,0.00,1600.13,0.00,1800.17
254.529,66405.50,3400.54,105519.47,2153868.41,120091.13,100.00,8703.73,0.00,0.00,1000.05,0.00,1300.09
254.675,62582.56,2400.27,102086.29,2190227.78,118877.26,100.00,9304.27,0.00,0.00,400.01,0.00,1100.06
254.821,57856.06,3800.68,105317.47,2139752.20,125757.69,100.00,10405.34,0.00,0.00,200.00,0.00,1700.15
254.967,66707.37,2600.32,103499.82,2106875.83,123025.25,100.00,7602.85,0.00,0.00,1300.09,0.00,1400.10
255.113,65198.12,2700.34,105115.51,2104879.54,126668.69,200.00,8803.82,0.00,0.00,800.03,0.00,1100.06
255.259,67512.40,3700.64,106125.43,2122269.97,123733.57,100.00,9504.45,0.00,0.00,1000.05,0.00,1200.07
255.405,67311.13,1400.09,119971.05,2186569.19,122114.55,100.00,8403.48,0.00,0.00,500.01,0.00,1300.09
255.551,62280.80,1600.12,110570.24,2092041.45,118472.71,200.00,5901.72,0.00,0.00,800.03,0.00,1300.09
255.697,63085.50,3000.42,114410.45,2095090.09,117966.98,100.00,8803.82,100.00,0.00,800.03,0.00,1000.05
255.843,56649.62,2600.32,106428.43,2164868.80,113214.46,0.00,9604.55,0.00,0.00,200.00,0.00,1500.12
255.989,68317.48,2400.27,110166.10,2162145.95,122215.74,100.00,9804.74,0.00,100.00,400.01,0.00,1000.05
256.136,60068.20,1500.11,114612.58,2075243.99,125757.69,0.00,8003.16,0.00,0.00,200.00,0.00,1500.12
256.282,68116.21,2600.32,111176.50,2120624.46,119281.90,0.00,9704.64,0.00,0.00,200.00,0.00,2100.23
256.428,64896.28,2900.39,117038.72,2159147.31,119686.50,0.00,7502.78,0.00,100.00,100.00,0.00,1600.13
256.574,62481.97,2500.29,104913.53,2116556.69,112304.67,100.00,7602.85,0.00,0.00,100.00,0.00,1300.09
256.720,61979.05,2300.25,109054.75,2193017.63,111900.31,0.00,9104.09,200.00,100.00,500.01,0.00,1300.09
256.866,64695.07,2500.29,114814.75,2178993.41,114023.23,0.00,7202.56,0.00,0.00,600.02,0.00,1600.13
257.012,67713.66,3000.42,101379.60,2094096.14,123935.96,100.00,8403.48,0.00,0.00,1000.05,0.00,1500.12
257.158,63588.46,3300.51,120577.83,2030941.26,117562.42,100.00,8903.91,0.00,0.00,800.03,0.00,1300.09
257.304,60168.76,2100.21,115118.00,2154277.59,122721.66,0.00,9404.36,0.00,0.00,800.03,0.00,1600.13
257.450,62984.90,3800.68,103802.75,2058120.94,117259.04,400.01,8103.24,0.00,0.00,900.04,0.00,1400.10
257.596,61677.33,2300.25,114410.45,2113741.84,113214.46,100.00,7602.85,0.00,0.00,1300.09,0.00,1900.19
257.742,67713.66,2400.27,109054.75,2172661.96,122013.38,0.00,9004.00,0.00,0.00,1100.06,0.00,1500.12
257.888,63588.46,2500.29,119364.30,2224365.28,115135.43,0.00,9004.00,0.00,300.00,700.03,100.00,1600.13
258.034,61174.44,4100.79,119667.65,2172661.96,122519.28,0.00,8803.82,0.00,0.00,1000.05,0.00,1300.09
258.180,61576.75,3300.51,114006.14,2067041.65,126162.59,100.00,8103.24,0.00,0.00,1700.15,0.00,1200.07
258.326,62582.56,3800.68,113500.81,2297844.39,118573.84,0.00,8303.40,0.00,0.00,600.02,0.00,1100.06
258.472,64393.26,2100.21,119263.17,2129327.98,120495.80,100.00,10305.24,0.00,0.00,900.04,0.00,1500.12
258.618,65701.17,3000.42,108448.64,2163448.88,122316.92,300.00,9104.09,0.00,0.00,800.03,0.00,1600.13
258.764,67109.88,3700.64,119667.65,2244712.55,120091.13,0.00,6702.22,100.00,100.00,1500.11,0.00,1300.09
258.910,62582.56,3700.64,121386.94,2235549.66,119989.97,0.00,9404.36,0.00,0.00,1300.09,0.00,1500.12
259.056,71739.78,3900.71,112692.28,2243267.63,116652.22,0.00,8303.40,0.00,100.00,900.04,0.00,1700.15
259.202,59665.96,3100.45,120982.39,2200125.83,124138.37,0.00,9104.09,100.00,0.00,300.00,0.00,1200.07
259.348,64091.46,2400.27,114006.14,2226211.38,129300.86,100.00,9004.00,0.00,0.00,600.02,0.00,1800.17
259.494,59263.73,3500.57,127760.73,2093185.79,117259.04,300.00,11005.97,0.00,100.00,1000.05,0.00,2200.25
259.640,66808.00,3200.48,126141.65,2192675.05,112102.48,200.00,9204.18,0.00,0.00,1000.05,100.00,1400.10
259.786,60168.76,3100.45,120274.44,2087530.91,106948.48,400.01,7803.00,100.00,0.00,400.01,0.00,1400.10
259.932,59263.73,1900.17,112692.28,2117600.83,116955.62,200.00,8503.57,0.00,0.00,600.02,0.00,2000.21
260.078,64896.28,3300.51,121386.94,2120265.28,117764.68,0.00,8203.32,0.00,0.00,500.01,0.00,1800.17
260.224,60872.72,2300.25,127760.73,2154645.17,117157.88,0.00,10905.87,0.00,0.00,200.00,0.00,1300.09
260.370,64091.46,3000.42,137379.19,2154536.57,121709.85,0.00,7102.49,0.00,0.00,900.04,0.00,2200.25
260.516,70632.45,2800.37,128367.95,2248813.72,127579.74,100.00,6402.02,0.00,0.00,500.01,0.00,1500.12
260.662,64996.88,6101.74,127861.93,2265577.79,118674.98,100.00,9104.09,0.00,0.00,1600.13,0.00,3300.56
260.808,66707.37,3700.64,122701.86,2182401.22,119686.50,200.00,10505.44,0.00,0.00,400.01,0.00,900.04
260.954,62180.22,3000.42,120274.44,2219387.16,118169.27,100.00,9404.36,0.00,0.00,600.02,0.00,1200.07
261.100,65600.56,3000.42,116937.64,2241095.95,126162.59,200.00,9104.09,0.00,0.00,1100.06,0.00,1400.10
261.246,59967.64,2800.37,121993.80,2228959.42,116753.37,200.00,11106.08,200.00,0.00,400.01,0.00,2100.23
261.392,64493.86,2700.34,122196.08,2161970.56,119989.97,200.00,8403.48,0.00,0.00,600.02,0.00,2000.21
261.538,61073.87,3000.42,128772.79,2138816.65,120799.28,100.00,7803.00,0.00,0.00,600.02,0.00,900.04
261.684,70028.50,3600.61,125129.81,2237604.54,128895.86,200.00,9604.55,100.00,0.00,700.03,0.00,1700.15
261.830,63990.84,2600.32,126242.81,2332742.04,115944.38,0.00,8803.82,100.00,0.00,800.03,0.00,1700.15
261.976,70934.44,3500.57,133632.03,2271257.67,126871.13,0.00,8603.65,0.00,100.00,700.03,0.00,1400.10
262.122,75465.29,7602.70,135758.65,2323662.55,120698.12,200.00,8803.82,0.00,0.00,900.04,0.00,2300.27
262.269,68418.13,3200.48,129076.44,2352629.94,122316.92,100.00,8703.73,0.00,0.00,600.02,0.00,1400.10
262.415,74861.07,2900.39,131910.82,2303499.07,129807.11,300.00,8603.65,0.00,0.00,400.01,0.00,1500.12
262.561,78285.45,3100.45,126647.59,2214726.42,122924.05,100.00,8603.65,0.00,0.00,700.03,0.00,1100.06
262.707,75163.17,3800.68,130797.21,2266329.54,123733.57,200.00,9304.27,100.00,0.00,1000.05,0.00,2200.25
262.853,69223.27,2900.39,132315.77,2257316.85,122620.46,0.00,9804.74,100.00,0.00,300.00,0.00,1600.13
262.999,64594.47,2400.27,128469.17,2255153.57,123227.62,200.00,9704.64,100.00,100.00,500.01,0.00,1600.13
263.145,68216.84,4200.83,126445.19,2276002.00,125454.07,100.00,10205.14,0.00,0.00,1100.06,0.00,1600.13
263.291,71538.44,3100.45,130392.29,2277998.29,130718.47,0.00,9904.84,0.00,0.00,700.03,0.00,1300.09
263.437,66908.62,6802.17,126040.46,2225326.03,127782.21,0.00,11005.97,0.00,0.00,1200.07,0.00,1500.12
263.583,68317.48,3800.68,127457.14,2320881.11,118068.13,100.00,10405.34,0.00,0.00,1000.05,0.00,1100.06
263.729,71941.13,3900.71,122094.94,2311877.00,121001.63,0.00,7702.93,0.00,0.00,400.01,0.00,1800.17
263.875,71739.78,9504.23,121791.52,2350466.46,133047.79,0.00,8003.16,0.00,0.00,1300.09,0.00,1200.07
264.021,71035.10,4701.03,128671.58,2267498.88,121811.04,100.00,9104.09,0.00,1900.18,1700.15,0.00,1200.07
264.167,76069.55,4901.12,135859.93,2305211.38,119585.34,100.00,9104.09,200.00,0.00,1400.10,0.00,1700.15
264.313,72645.88,7202.43,123713.44,2253157.28,125251.63,0.00,8703.73,0.00,200.00,1000.05,0.00,1300.09
264.459,65097.50,6501.98,120274.44,2279827.59,118674.98,100.00,10805.76,0.00,600.02,1000.05,0.00,2100.23
264.605,69726.53,3700.64,125231.00,2264851.03,120900.45,200.00,9504.45,0.00,100.00,700.03,0.00,1300.09
264.751,71739.78,2600.32,130797.21,2350859.04,129908.38,200.00,10004.94,0.00,0.00,800.03,0.00,1100.06
264.897,74458.26,4901.12,124421.60,2273755.13,126466.24,0.00,7102.49,0.00,0.00,700.03,0.00,1400.10
265.043,70733.11,3400.54,122803.02,2323996.73,125656.47,200.00,9704.64,100.00,0.00,1300.09,0.00,1000.05
265.189,71035.10,4801.08,124725.11,2430686.19,130414.68,200.00,10004.94,0.00,0.00,600.02,0.00,1300.09
265.335,64996.88,4100.79,111176.50,2306372.51,123328.80,200.00,8303.40,100.00,0.00,600.02,0.00,1700.15
265.481,66506.12,5001.17,125939.25,2316345.56,129300.86,200.00,8203.32,0.00,0.00,800.03,0.00,1400.10
265.627,78688.40,3900.71,122196.08,2427478.77,133351.66,100.00,10405.34,100.00,0.00,300.00,0.00,1000.05
265.773,73552.03,4400.91,118353.12,2290786.38,125352.85,300.00,8103.24,0.00,100.00,1100.06,0.00,1900.19
265.919,73249.97,3500.57,126849.95,2469041.85,127377.29,0.00,8703.73,100.00,100.00,700.03,0.00,400.01
266.065,68720.05,4000.75,122803.02,2438729.74,117663.56,300.00,8703.73,0.00,0.00,300.00,0.00,1200.07
266.211,68216.84,3800.68,112995.46,2336074.86,127782.21,0.00,8603.65,0.00,0.00,800.03,0.00,400.01
266.357,71739.78,2700.34,117443.13,2383860.80,125251.63,0.00,9004.00,0.00,100.00,600.02,0.00,1100.06
266.503,74357.56,4000.75,118555.35,2367623.10,138924.08,0.00,7803.00,0.00,0.00,800.03,0.00,1100.06
266.649,71135.77,5501.42,120274.44,2399998.30,131022.24,0.00,9004.00,0.00,0.00,600.02,0.00,1300.09
266.795,69625.89,4000.75,122701.86,2295614.11,128693.39,100.00,7702.93,0.00,0.00,1100.06,0.00,1600.13
266.941,66003.02,2800.37,116937.64,2305144.58,131933.71,100.00,6201.90,0.00,0.00,200.00,0.00,1600.13
267.087,69021.98,2000.19,125939.25,2322685.40,120596.96,0.00,8403.48,0.00,0.00,800.03,0.00,1800.17
267.233,78587.65,3400.54,121386.94,2350817.44,123733.57,300.00,8903.91,0.00,0.00,500.01,0.00,1200.07
267.379,76270.97,2500.29,109761.97,2389557.28,125454.07,200.00,8503.57,0.00,0.00,600.02,0.00,1600.13
267.525,72243.15,1500.11,105620.45,2358418.41,131022.24,100.00,10305.24,0.00,0.00,200.00,0.00,1000.05
267.671,72746.55,2900.39,114006.14,2286885.60,128490.87,0.00,9204.18,0.00,100.00,800.03,0.00,1100.06
267.817,73350.65,3900.71,108145.58,2361675.83,129402.11,200.00,9804.74,0.00,0.00,1200.07,0.00,1300.09
267.963,76774.56,3000.42,108852.71,2387377.20,127276.03,0.00,8503.57,0.00,0.00,400.01,0.00,1000.05
268.109,63890.25,2800.37,112389.10,2325007.47,123531.18,0.00,8903.91,0.00,0.00,500.01,0.00,900.04
268.255,73149.29,3300.51,107640.51,2361968.22,124138.37,200.00,8103.24,0.00,0.00,900.04,0.00,1000.05
268.402,76673.84,2100.21,107337.47,2342122.12,129604.62,0.00,7202.56,0.00,0.00,700.03,0.00,1200.07
268.548,72041.80,2300.25,104004.69,2342222.32,129300.86,100.00,9504.45,0.00,0.00,500.01,0.00,1700.15
268.694,69525.23,3400.54,113096.54,2343700.83,128187.16,100.00,9404.36,100.00,0.00,1200.07,0.00,900.04
268.840,69525.23,2300.25,107034.45,2422943.22,136897.39,0.00,8703.73,0.00,0.00,800.03,0.00,1000.05
268.986,70129.15,5801.57,109863.00,2349714.70,134465.91,0.00,8903.91,300.00,100.00,1100.06,0.00,900.04
269.132,73954.79,2300.25,105822.44,2375282.47,138721.39,200.00,9804.74,0.00,0.00,800.03,0.00,800.03
269.278,71437.77,2500.29,107236.46,2476743.02,128085.93,0.00,8403.48,0.00,0.00,700.03,0.00,2100.23
269.424,73552.03,3200.48,100168.23,2352847.12,133452.93,0.00,8803.82,0.00,0.00,1400.10,0.00,800.03
269.570,68015.57,2900.39,104509.60,2390885.41,136998.72,300.00,8803.82,0.00,0.00,400.01,0.00,1100.06
269.716,72343.82,1700.14,109054.75,2317857.47,126668.69,0.00,7102.49,0.00,0.00,700.03,0.00,1100.06
269.862,73753.41,3400.54,98351.45,2367965.48,133149.09,0.00,7803.00,0.00,0.00,600.02,0.00,1500.12
270.008,74156.18,3100.45,101076.74,2484728.38,132440.10,100.00,6502.09,0.00,0.00,400.01,0.00,1500.12
270.154,72243.15,3800.68,98856.08,2429992.83,136593.44,0.00,8803.82,0.00,0.00,500.01,0.00,900.04
270.300,71135.77,2400.27,97846.84,2448560.99,139228.10,100.00,8103.24,0.00,0.00,900.04,0.00,800.03
270.446,74458.26,3400.54,96434.04,2563152.01,141255.25,100.00,8603.65,0.00,0.00,500.01,0.00,1200.07
270.592,76573.10,6201.80,110570.24,2465483.65,136593.44,100.00,7402.70,0.00,0.00,700.03,0.00,1300.09
270.738,71337.10,2000.19,99764.47,2293108.25,135681.57,100.00,8503.57,0.00,0.00,400.01,100.00,1000.05
270.884,75868.13,8203.15,100269.16,2383017.05,131933.71,100.00,8603.65,0.00,0.00,500.01,0.00,800.03
271.030,73652.72,2800.37,100067.30,2444167.44,138214.69,200.00,8003.16,0.00,0.00,700.03,0.00,2000.21
271.176,72847.22,1800.15,94416.11,2408275.84,131326.06,200.00,8103.24,0.00,100.00,200.00,0.00,1500.12
271.322,71135.77,2800.37,94517.00,2508583.65,127984.70,100.00,8603.65,0.00,0.00,200.00,0.00,1300.09
271.468,73048.60,2800.37,91591.63,2360005.33,134465.91,0.00,8203.32,100.00,0.00,800.03,0.00,500.01
271.614,70632.45,2200.23,94416.11,2456646.34,133149.09,0.00,6702.22,0.00,0.00,400.01,0.00,1300.09
271.760,69525.23,4200.83,94012.58,2346925.05,132338.80,0.00,7102.49,0.00,0.00,500.01,0.00,500.01
271.906,72041.80,3500.57,91087.34,2385823.69,137809.37,100.00,8103.24,0.00,0.00,700.03,0.00,1500.12
272.052,73954.79,2200.23,98755.14,2389624.08,130009.65,0.00,8203.32,0.00,0.00,200.00,0.00,1200.07
272.198,69827.19,3700.64,88868.74,2344611.19,136390.77,100.00,6001.78,0.00,0.00,400.01,0.00,1600.13
272.344,70129.15,3600.61,88566.25,2353690.68,129300.86,0.00,8503.57,0.00,0.00,400.01,0.00,800.03
272.490,72041.80,2900.39,90885.63,2451116.85,139430.80,100.00,7602.85,0.00,100.00,300.00,0.00,900.04
272.636,66506.12,4000.75,85844.12,2417881.50,147237.59,0.00,7702.93,0.00,0.00,600.02,100.00,600.02
272.782,73149.29,3200.48,91995.08,2330971.34,141153.86,200.00,8503.57,100.00,0.00,500.01,0.00,900.04
272.928,69323.93,8703.54,92701.16,2375892.24,134060.71,0.00,5801.66,0.00,0.00,500.01,0.00,1500.12
273.074,72444.51,3000.42,92196.81,2332725.25,132237.52,0.00,7502.78,0.00,0.00,900.04,0.00,1800.17
273.220,75868.13,2200.23,83828.18,2428664.70,135073.73,0.00,7702.93,0.00,0.00,900.04,0.00,1000.05
273.366,76673.84,3500.57,94819.67,2284479.93,133554.21,0.00,7702.93,0.00,0.00,800.03,0.00,1300.09
273.512,71840.45,5801.57,91995.08,2404241.46,139633.50,0.00,6902.35,0.00,200.00,1100.06,0.00,1100.06
273.658,72142.48,2000.19,85138.48,2347877.20,133756.83,0.00,8603.65,0.00,0.00,300.00,0.00,1000.05
273.804,76573.10,3100.45,89372.93,2405093.41,135681.57,0.00,8303.40,0.00,100.00,1200.07,0.00,800.03
273.950,76774.56,4701.03,93003.79,2268751.81,135782.89,0.00,7602.85,0.00,100.00,800.03,0.00,1000.05
274.096,73854.10,7502.63,92701.16,2392021.34,137809.37,0.00,8203.32,0.00,0.00,1000.05,0.00,400.01
274.242,78486.91,4701.03,88969.58,2320045.95,132845.22,200.00,7903.08,0.00,0.00,1200.07,0.00,800.03
274.388,71941.13,4400.91,89473.77,2383142.44,126871.13,100.00,7903.08,100.00,0.00,700.03,0.00,600.02
274.534,71035.10,3900.71,89776.30,2332015.29,129503.36,0.00,7002.42,0.00,100.00,900.04,0.00,1000.05
274.681,77177.44,4400.91,87961.28,2386516.85,124846.80,200.00,8103.24,0.00,0.00,700.03,0.00,1400.10
274.827,71236.43,3400.54,98048.68,2387485.80,127883.45,0.00,9104.09,100.00,100.00,900.04,0.00,1100.06
274.973,71538.44,4500.95,93003.79,2378690.48,126365.01,200.00,6602.15,100.00,0.00,700.03,0.00,1300.09
275.119,68921.35,3400.54,92398.56,2372350.64,129503.36,100.00,7402.70,0.00,0.00,1000.05,100.00,600.02
275.265,70028.50,8103.07,99966.35,2332725.25,127883.45,200.00,6201.90,100.00,0.00,1400.10,0.00,1100.06
275.411,75263.87,4100.79,95021.45,2357917.24,121406.31,100.00,7402.70,0.00,0.00,800.03,100.00,1200.07
275.557,68317.48,4200.83,96635.86,2393073.88,126668.69,0.00,8003.16,0.00,0.00,1100.06,0.00,1800.17
275.703,78083.98,3300.51,100572.01,2468290.09,130617.19,100.00,8503.57,0.00,0.00,600.02,0.00,1300.09
275.849,75062.47,3900.71,97846.84,2328281.69,130414.68,100.00,7903.08,0.00,0.00,600.02,0.00,1600.13
275.995,75666.71,3100.45,99663.53,2330862.75,126972.37,0.00,9404.36,0.00,0.00,500.01,100.00,800.03
276.141,72444.51,3300.51,106630.43,2267757.86,132642.65,0.00,10004.94,0.00,0.00,800.03,0.00,1000.05
276.287,77177.44,3800.68,100773.89,2396097.51,132338.80,0.00,8203.32,0.00,0.00,1000.05,0.00,1100.06
276.433,73954.79,3700.64,106226.42,2435305.13,130414.68,100.00,8203.32,100.00,0.00,1300.09,0.00,1100.06
276.579,79494.31,3900.71,107741.52,2441786.97,125757.69,100.00,7502.78,0.00,0.00,400.01,0.00,1200.07
276.725,72041.80,2800.37,104408.61,2346432.08,123733.57,100.00,9104.09,0.00,100.00,700.03,0.00,1900.19
276.871,70431.14,3700.64,105014.52,2423786.77,129199.61,0.00,7202.56,0.00,0.00,1000.05,100.00,2000.21
277.017,67210.51,3700.64,104105.65,2259647.32,123632.39,0.00,8303.40,0.00,0.00,200.00,0.00,900.04
277.163,78184.72,4000.75,114208.29,2257400.44,130819.72,200.00,9304.27,0.00,0.00,500.01,0.00,1500.12
277.309,75566.00,4000.75,107438.48,2336701.22,122418.11,200.00,10004.94,100.00,0.00,700.03,0.00,700.03
277.455,70531.78,3200.48,120678.96,2359002.98,131123.51,0.00,8003.16,0.00,0.00,500.01,0.00,1600.13
277.601,77983.25,3400.54,123511.11,2417004.35,118674.98,100.00,8403.48,0.00,0.00,900.04,0.00,2000.21
277.747,77378.88,4100.79,112389.10,2404717.44,116045.49,100.00,7502.78,0.00,100.00,300.00,0.00,1300.09
277.893,70028.50,3500.57,116735.43,2354100.05,118371.54,0.00,9204.18,0.00,0.00,600.02,100.00,1400.10
278.039,74357.56,3100.45,109660.93,2361767.83,128693.39,100.00,7903.08,100.00,0.00,200.00,0.00,1100.06
278.185,70733.11,2600.32,119768.80,2239249.85,124846.80,200.00,7702.93,0.00,0.00,1300.09,0.00,1100.06
278.331,75163.17,5201.27,114915.84,2284789.11,125049.21,0.00,8503.57,0.00,0.00,600.02,200.00,1400.10
278.477,72947.91,2900.39,117240.93,2292582.08,122316.92,200.00,7903.08,0.00,0.00,900.04,0.00,1000.05
278.623,68720.05,3500.57,119162.06,2246525.25,111496.00,100.00,9304.27,200.00,100.00,1000.05,0.00,1900.19
278.769,81912.47,4200.83,132012.06,2321215.29,125656.47,200.00,7903.08,0.00,0.00,1000.05,0.00,1900.19
278.915,74256.87,11706.41,106024.44,2275333.64,118776.13,100.00,7202.56,200.00,100.00,1100.06,0.00,1100.06
279.061,71739.78,4901.12,122196.08,2400674.86,120091.13,100.00,9604.55,100.00,0.00,600.02,0.00,1600.13
279.207,72041.80,3700.64,129380.09,2292072.51,111799.23,100.00,8803.82,0.00,0.00,1400.10,0.00,2700.38
279.353,74055.49,3900.71,131202.15,2305119.58,120596.96,300.00,7702.93,200.00,100.00,900.04,0.00,1800.17
279.499,75767.41,4100.79,127052.36,2425098.10,114731.00,100.00,8803.82,0.00,200.00,500.01,0.00,1700.15
279.645,74558.97,4400.91,127052.36,2367305.72,114933.19,200.00,8503.57,0.00,100.00,400.01,0.00,1900.19
279.791,72243.15,4600.99,129380.09,2367689.90,115034.30,100.00,8003.16,0.00,0.00,500.01,0.00,2200.25
279.937,72343.82,5901.63,125939.25,2354801.62,115843.23,100.00,7903.08,0.00,0.00,300.00,0.00,1200.07
280.083,74256.87,5201.27,126849.95,2302605.32,120799.28,100.00,11306.30,0.00,0.00,400.01,0.00,1500.12
280.229,4192411.03,5901.63,135758.65,2337244.19,118877.26,100.00,8703.73,0.00,0.00,700.03,0.00,1800.17
280.375,72328.10,5401.36,127760.73,2347852.20,118068.13,500.01,8203.32,0.00,100.00,700.03,0.00,1500.12
280.521,77378.88,3200.48,137075.33,2431178.96,116247.73,200.00,9204.18,100.00,100.00,400.01,0.00,2200.25
280.667,79998.05,4100.79,125231.00,2322426.42,119281.90,200.00,10505.44,0.00,0.00,700.03,0.00,1200.07
280.814,74558.97,3200.48,133530.78,2346991.85,125049.21,100.00,10205.14,0.00,0.00,1300.09,0.00,1400.10
280.960,72645.88,2700.34,128064.35,2355595.17,117764.68,300.00,8203.32,0.00,0.00,300.00,0.00,1200.07
281.106,75062.47,4400.91,127861.93,2328532.28,115236.53,100.00,9804.74,0.00,0.00,600.02,0.00,2100.23
281.252,75364.58,3200.48,136366.31,2311993.80,117865.82,0.00,8903.91,0.00,0.00,400.01,0.00,1600.13
281.398,75062.47,3800.68,138290.88,2314123.88,118674.98,300.00,10405.34,0.00,0.00,800.03,0.00,1800.17
281.544,77983.25,7402.56,145789.76,2347534.82,123733.57,200.00,7903.08,0.00,0.00,300.00,0.00,2300.27
281.690,82315.54,4100.79,143661.15,2438053.18,114528.76,100.00,11706.76,0.00,100.00,600.02,0.00,1400.10
281.836,76573.10,3900.71,136265.04,2339440.87,120192.28,500.01,9204.18,0.00,0.00,600.02,0.00,1900.19
281.982,74055.49,3300.51,135758.65,2432055.91,123935.96,300.00,7903.08,0.00,0.00,1400.10,0.00,1400.10
282.128,68921.35,3300.51,134340.88,2310456.89,116854.49,100.00,10705.65,0.00,0.00,200.00,0.00,2600.35
282.274,74760.36,2900.39,134847.17,2272427.00,128997.12,800.03,10805.76,0.00,0.00,700.03,0.00,900.04
282.420,76472.40,4000.75,133227.02,2228132.47,119079.57,200.00,10004.94,0.00,0.00,300.00,0.00,1300.09
282.566,77479.61,2500.29,144674.73,2373979.55,125555.25,200.00,8503.57,0.00,0.00,1100.06,0.00,2000.21
282.712,76069.55,10505.16,143458.45,2311960.40,118877.26,200.00,8303.40,0.00,0.00,400.01,0.00,2000.21
282.858,74659.67,3600.61,137581.79,2464564.90,126871.13,600.02,9704.64,0.00,0.00,500.01,0.00,1400.10
283.004,75062.47,3900.71,146398.01,2387143.41,114124.33,500.01,10705.65,0.00,100.00,1300.09,0.00,1800.17
283.150,75163.17,5601.47,145891.14,2305637.36,120091.13,200.00,9404.36,0.00,0.00,800.03,0.00,2900.43
283.296,73854.10,7902.92,146398.01,2328874.66,120698.12,300.00,8503.57,0.00,0.00,600.02,0.00,1700.15
283.442,70833.77,8203.15,142343.68,2234873.10,116146.60,300.00,10805.76,0.00,300.00,800.03,0.00,1500.12
283.588,69726.53,6201.80,145789.76,2260465.87,114023.23,100.00,8803.82,0.00,0.00,800.03,0.00,1800.17
283.734,76774.56,7402.56,147107.68,2312879.35,120900.45,400.01,8803.82,0.00,0.00,1000.05,0.00,2100.23
283.880,76170.27,9704.41,155120.02,2327889.11,115944.38,500.01,10605.55,0.00,0.00,1000.05,0.00,1700.15
284.026,73350.65,9103.88,135252.27,2303173.29,121102.80,200.00,10505.44,100.00,100.00,1300.09,0.00,1700.15
284.172,75666.71,12707.55,150758.12,2309003.57,121203.98,300.00,10004.94,0.00,100.00,1200.07,0.00,2100.23
284.318,77177.44,13007.92,143053.07,2353406.69,131832.42,300.00,7602.85,0.00,100.00,1200.07,0.00,2000.21
284.464,75062.47,14810.26,149642.57,2358710.60,122924.05,400.01,10004.94,0.00,0.00,800.03,100.00,2100.23
284.610,75566.00,18415.86,142546.37,2235123.68,112810.07,100.00,9804.74,0.00,100.00,500.01,0.00,1400.10
284.756,77479.61,17013.53,145688.37,2329601.42,124846.80,300.00,10105.04,0.00,0.00,800.03,0.00,2000.21
284.902,71739.78,11906.63,145587.00,2272702.59,117865.82,500.01,8203.32,0.00,0.00,500.01,0.00,2100.23
285.048,72343.82,9304.05,138290.88,2249373.49,118573.84,200.00,9104.09,0.00,0.00,900.04,0.00,1600.13
285.194,68820.70,11305.98,144776.11,2244595.75,118674.98,200.00,9504.45,0.00,0.00,1500.11,0.00,1500.12
285.340,70632.45,6902.23,139709.20,2214434.03,122924.05,200.00,9804.74,0.00,0.00,1500.11,0.00,2400.30
285.486,70934.44,8203.15,142242.32,2240611.38,116854.49,300.00,8803.82,0.00,0.00,800.03,0.00,1800.17
285.632,70632.45,8103.07,153801.10,2259129.35,125251.63,200.00,8103.24,0.00,100.00,1500.11,0.00,1300.09
285.778,70129.15,8903.71,131910.82,2215711.96,119686.50,100.00,12007.11,0.00,100.00,1100.06,0.00,1200.07
285.924,72343.82,12407.20,130493.53,2290610.79,120192.28,400.01,9204.18,100.00,0.00,900.04,0.00,1100.06
286.070,71538.44,12507.32,125635.72,2268693.21,124239.59,600.02,9604.55,0.00,100.00,1400.10,0.00,1200.07
286.216,67210.51,13408.41,140925.03,2402946.73,127680.97,300.00,9704.64,0.00,0.00,1300.09,0.00,2200.25
286.362,75968.84,22824.35,136568.89,2238857.28,122418.11,100.00,10205.14,0.00,200.00,400.01,100.00,1500.12
286.508,79897.30,31546.50,145891.14,2475156.11,136694.74,500.01,9304.27,100.00,200.00,700.03,0.00,1800.17
286.654,81710.91,39673.51,146398.01,2336776.42,122620.46,300.00,10205.14,200.00,0.00,700.03,0.00,1800.17
286.800,80300.30,43990.37,138898.70,2290702.79,127276.03,600.02,8903.91,100.00,0.00,600.02,200.00,2000.21
286.947,82315.54,53332.77,146803.54,2323620.95,126365.01,200.00,10405.34,0.00,100.00,1300.09,0.00,1700.15
287.093,74659.67,50619.62,122297.24,2263447.71,123126.41,200.00,9604.55,0.00,100.00,1400.10,100.00,1800.17
287.239,75968.84,59565.57,129886.18,2509302.01,127883.45,400.01,9204.18,100.00,0.00,2200.25,0.00,2000.21
287.385,75163.17,79897.59,138898.70,2427102.79,141255.25,600.02,9104.09,100.00,200.00,1000.05,0.00,2000.21
287.531,71739.78,55745.03,142242.32,2331597.71,127984.70,500.01,10605.55,0.00,0.00,1200.07,0.00,2000.21
287.677,75263.87,69928.07,131202.15,2345521.73,125454.07,800.03,10004.94,200.00,0.00,700.03,0.00,1400.10
287.823,74055.49,56750.30,135758.65,2325057.47,130212.15,0.00,11406.42,100.00,0.00,700.03,0.00,1500.12
287.969,71840.45,65801.99,134037.06,2424454.94,132743.95,100.00,9304.27,100.00,200.00,900.04,0.00,2400.30
288.115,72343.82,79293.12,130999.67,2381079.35,125352.85,200.00,9104.09,0.00,0.00,700.03,100.00,2000.21
288.261,73652.72,83222.83,140317.08,2327162.36,128895.86,500.01,9304.27,0.00,200.00,300.00,100.00,800.03
288.407,66808.00,85742.63,139405.25,2369828.18,132845.22,300.00,9304.27,51128.75,0.00,700.03,100.00,1700.15
288.553,74558.97,121385.56,134037.06,2343358.45,129807.11,300.00,8803.82,0.00,200.00,600.02,0.00,1500.12
288.699,69827.19,138491.69,136163.78,2299857.28,133756.83,400.01,9604.55,100.00,200.00,600.02,0.00,2100.23
288.845,67914.94,156842.69,141634.32,2318701.03,129098.35,300.00,11606.64,400.01,0.00,500.01,0.00,1400.10
288.991,79595.06,159379.83,128469.17,2317105.72,130920.96,500.01,14610.52,0.00,300.00,400.01,300.00,1500.12
289.137,69827.19,161714.51,131505.85,2420662.94,135175.03,100.00,13208.60,200.00,0.00,600.02,0.00,1700.15
289.283,69726.53,174411.87,129886.18,2426351.03,140342.98,500.01,12707.96,0.00,200.00,400.01,100.00,1500.12
289.429,74760.36,172582.54,126040.46,2357658.26,140849.77,400.01,11906.99,100.00,200.00,300.00,100.00,2200.25
289.575,70330.48,229743.54,123612.27,2307433.25,132237.52,500.01,9804.74,0.00,300.00,200.00,200.00,1500.12
289.721,72142.48,183868.46,129076.44,2335698.88,137201.36,300.00,9704.64,100.00,100.00,1100.06,0.00,1000.05
289.867,72041.80,155929.47,127558.33,2253307.67,131224.80,600.02,9004.00,300.00,200.00,1000.05,200.00,1400.10
290.013,75062.47,141531.13,124927.48,2348971.34,133351.66,400.01,9704.64,100.00,300.00,800.03,0.00,2100.23
290.159,73149.29,120576.49,120476.70,2394293.22,130617.19,100.00,10305.24,500.01,800.03,3600.66,0.00,2100.23
290.305,82819.40,81207.42,124522.78,2351928.18,121912.20,700.02,8403.48,400.01,700.02,500.01,0.00,1700.15
290.451,68720.05,70532.01,123511.11,2417906.50,135073.73,300.00,11005.97,600.02,1100.06,800.03,0.00,1700.15
290.597,64594.47,56549.24,120982.39,2327838.92,134162.01,300.00,17915.82,300.00,1100.06,400.01,0.00,1400.10
290.743,88161.84,47907.15,128772.79,2324030.13,133047.79,600.02,14810.81,100.00,300.00,1100.06,0.00,1900.19
290.889,70632.45,27635.69,127659.55,2337970.76,141356.61,200.00,15612.02,400.01,400.01,300.00,0.00,800.03
291.035,72041.80,23225.21,127254.74,2380736.77,129402.11,700.02,8903.91,0.00,200.00,600.02,0.00,1500.12
291.181,71236.43,17814.84,115016.90,2407465.48,123328.80,0.00,7903.08,300.00,0.00,1300.09,0.00,1300.09
291.327,66908.62,13308.28,119263.17,2418516.26,131123.51,700.02,11606.64,0.00,0.00,1200.07,0.00,1200.07
291.473,66204.27,9103.88,118251.98,2326469.19,132946.51,300.00,9804.74,0.00,0.00,2700.37,0.00,1300.09
291.619,64091.46,10405.06,117038.72,2299473.10,127984.70,100.00,9704.64,100.00,0.00,500.01,0.00,1400.10
291.765,73149.29,8603.46,121892.65,2261100.64,128794.61,0.00,8703.73,100.00,0.00,1000.05,0.00,1200.07
291.911,66103.65,7702.78,112389.10,2220489.70,137809.37,300.00,6702.22,0.00,0.00,600.02,0.00,700.03
292.057,74156.18,8003.00,122196.08,2288789.89,131123.51,300.00,8103.24,100.00,0.00,600.02,0.00,2200.25
292.203,68116.21,10905.56,126344.02,2285607.67,131022.24,500.01,8703.73,0.00,0.00,1500.11,0.00,1700.15
292.349,66304.88,12106.85,118959.82,2331430.72,128288.41,0.00,10004.94,100.00,100.00,900.04,0.00,1200.07
292.495,63387.27,11406.09,122196.08,2416528.37,134364.60,0.00,8203.32,0.00,0.00,500.01,0.00,2000.21
292.641,69323.93,10605.26,127052.36,2304484.82,133655.53,500.01,8703.73,0.00,0.00,800.03,0.00,2200.25
292.787,68720.05,12807.67,115724.51,2267665.87,135782.89,400.01,7302.63,0.00,200.00,1300.09,0.00,1500.12
292.933,72847.22,14209.44,134745.91,2344018.22,127782.21,300.00,9004.00,0.00,200.00,900.04,0.00,1200.07
293.079,71236.43,17514.34,131303.36,2410990.48,136188.15,200.00,9204.18,0.00,100.00,800.03,0.00,900.04
293.226,69525.23,17314.02,129481.30,2363496.73,130819.72,100.00,10004.94,0.00,0.00,1100.06,0.00,1900.19
293.372,71437.77,18716.38,121386.94,2319945.75,123429.98,100.00,10805.76,0.00,0.00,800.03,0.00,1700.15
293.518,74055.49,17814.84,127659.55,2366144.58,132136.25,100.00,8003.16,0.00,100.00,500.01,0.00,1700.15
293.664,72243.15,14609.98,119162.06,2413262.36,138316.02,100.00,11005.97,200.00,100.00,600.02,0.00,1600.13
293.810,72645.88,12106.85,123106.48,2346966.65,132136.25,200.00,8503.57,0.00,0.00,1000.05,0.00,2700.38
293.956,71437.77,14409.71,122398.40,2339190.29,133959.41,300.00,7602.85,200.00,0.00,1200.07,0.00,1500.12
294.102,77681.06,17314.02,123308.78,2411032.09,129402.11,0.00,8403.48,100.00,0.00,700.03,0.00,1700.15
294.248,74760.36,15010.54,123409.94,2353014.12,131933.71,100.00,9804.74,0.00,0.00,700.03,0.00,2300.27
294.394,78889.87,22824.35,124219.27,2346123.10,133858.11,200.00,10004.94,0.00,100.00,500.01,0.00,1400.10
294.540,71941.13,8703.54,131202.15,2330470.17,133655.53,300.00,8103.24,0.00,200.00,700.03,0.00,2000.21
294.686,74659.67,9203.96,124927.48,2393616.66,131933.71,300.00,8503.57,0.00,0.00,1200.07,0.00,1100.06
294.832,74558.97,10605.26,125433.34,2339574.66,128997.12,100.00,9204.18,0.00,0.00,500.01,0.00,1200.07
294.978,74558.97,9904.59,131404.62,2438529.35,132743.95,100.00,9204.18,0.00,100.00,1100.06,0.00,1700.15
295.124,76975.99,9604.31,130797.21,2337561.58,137809.37,200.00,11005.97,0.00,100.00,1200.07,0.00,2000.21
295.270,82113.98,8703.54,127052.36,2385489.51,125049.21,400.01,10905.87,0.00,0.00,800.03,200.00,1000.05
295.416,76270.97,8703.54,132923.26,2450682.67,124846.80,300.00,11406.42,0.00,0.00,1600.13,0.00,1800.17
295.562,81408.64,7802.85,130189.85,2359462.36,130313.42,0.00,10605.55,0.00,0.00,300.00,0.00,1600.13
295.708,77378.88,5401.36,124421.60,2405402.40,133554.21,0.00,7402.70,0.00,0.00,600.02,0.00,1700.15
295.854,74659.67,6101.74,135252.27,2447567.05,136289.48,300.00,10705.65,0.00,0.00,400.01,0.00,1500.12
296.000,82819.40,7902.92,133024.51,2331472.51,131022.24,100.00,8703.73,0.00,0.00,400.01,0.00,1500.12
296.146,76573.10,9504.23,128570.38,2374739.51,130515.92,200.00,9004.00,200.00,200.00,400.01,0.00,800.03
296.292,78688.40,11806.52,129683.74,2441235.60,134972.42,300.00,9604.55,0.00,300.00,800.03,0.00,1500.12
296.438,71236.43,9203.96,128266.76,2363187.75,122013.38,100.00,10505.44,0.00,0.00,1200.07,0.00,1000.05
296.584,76875.27,9504.23,130999.67,2514764.70,133452.93,300.00,9204.18,0.00,0.00,500.01,0.00,1400.10
296.730,69525.23,7102.36,134745.91,2464965.68,131629.87,300.00,8903.91,0.00,400.01,200.00,0.00,1200.07
296.876,75465.29,8903.71,127760.73,2438529.35,140241.63,100.00,6802.28,0.00,0.00,700.03,100.00,1500.12
297.022,74558.97,7802.85,137176.61,2424947.91,132743.95,100.00,8403.48,0.00,0.00,500.01,0.00,1900.19
297.168,77278.16,5501.42,123814.60,2335565.29,130819.72,300.00,10205.14,0.00,0.00,600.02,0.00,2100.23
297.314,75263.87,6902.23,135657.38,2512551.23,128288.41,200.00,8303.40,100.00,0.00,900.04,0.00,1500.12
297.460,78386.18,8803.63,132518.26,2454800.45,133959.41,200.00,9804.74,100.00,0.00,400.01,0.00,2100.23
297.606,76371.69,7202.43,130088.61,2496798.10,128693.39,0.00,10205.14,0.00,0.00,600.02,0.00,1600.13
297.752,81207.11,6101.74,125433.34,2354400.64,133250.37,200.00,8503.57,0.00,100.00,100.00,0.00,1900.19
297.898,78083.98,10805.46,129278.87,2460655.72,137505.35,300.00,10805.76,0.00,0.00,800.03,0.00,1700.15
298.044,81811.69,11506.19,140823.68,2448953.57,136492.11,0.00,11005.97,200.00,0.00,500.01,0.00,1600.13
298.190,76774.56,12507.32,119263.17,2428898.69,129604.62,200.00,8303.40,0.00,0.00,1000.05,0.00,1800.17
298.336,79192.09,9904.59,126546.37,2336893.41,121507.49,400.01,8603.65,0.00,100.00,800.03,0.00,2000.21
298.482,72645.88,9704.41,134239.58,2373962.75,131832.42,0.00,10505.44,0.00,0.00,700.03,0.00,1300.09
298.628,76774.56,9704.41,125838.09,2463103.18,130313.42,100.00,8703.73,100.00,0.00,900.04,0.00,1300.09
298.774,76975.99,9003.79,143053.07,2519408.85,124846.80,800.03,10605.55,0.00,0.00,300.00,0.00,1800.17
298.920,73652.72,7002.29,129987.42,2494918.61,134567.20,0.00,8503.57,100.00,0.00,700.03,0.00,1900.19
299.066,79494.31,6802.17,138088.27,2399054.35,133756.83,200.00,9604.55,0.00,0.00,800.03,0.00,2400.30
299.212,79998.05,9804.50,129886.18,2384011.19,131629.87,300.00,9604.55,0.00,0.00,400.01,0.00,2700.38
299.359,79192.09,7602.70,141735.65,2506119.59,129503.36,400.01,9904.84,0.00,0.00,600.02,0.00,1200.07
299.505,77781.80,9604.31,131910.82,2437961.38,126061.36,200.00,9704.64,0.00,0.00,0.00,100.00,1500.12
299.651,78083.98,8203.15,133125.75,2442271.34,129503.36,100.00,9804.74,0.00,100.00,600.02,0.00,1900.19
299.797,80199.54,6201.80,123005.31,2423302.40,128288.41,200.00,8803.82,0.00,0.00,600.02,0.00,1700.15
299.943,74760.36,8103.07,122499.55,2441895.56,134060.71,100.00,10605.55,100.00,0.00,100.00,0.00,1200.07
300.089,79091.34,7702.78,129784.95,2413128.76,126365.01,200.00,8903.91,200.00,100.00,200.00,0.00,1200.07
300.235,71941.13,7702.78,128975.23,2353389.90,127883.45,0.00,9204.18,0.00,100.00,600.02,0.00,1800.17
300.381,76975.99,10505.16,132214.53,2490792.44,130110.88,0.00,11106.08,0.00,0.00,800.03,0.00,1400.10
300.527,73954.79,14509.85,116432.13,2384846.34,125454.07,100.00,8103.24,0.00,100.00,800.03,0.00,1800.17
300.673,78184.72,27234.66,130999.67,2346983.45,123632.39,200.00,9904.84,0.00,0.00,1000.05,0.00,2000.21
300.819,78184.72,44191.19,122701.86,2471272.13,128592.13,100.00,9104.09,0.00,100.00,100.00,0.00,1500.12
300.965,75163.17,68015.78,112793.37,2363354.74,121203.98,0.00,7803.00,0.00,0.00,500.01,0.00,1200.07
301.111,78285.45,68619.62,124421.60,2359153.37,135175.03,0.00,9504.45,0.00,0.00,300.00,0.00,1600.13
301.257,72142.48,78789.41,129380.09,2395462.75,133858.11,200.00,9504.45,200.00,0.00,500.01,0.00,1200.07
301.403,80401.05,77278.43,119768.80,2385731.69,133858.11,400.01,7803.00,100.00,100.00,400.01,0.00,1600.13
301.549,75566.00,83726.76,120577.83,2417438.73,130110.88,200.00,10905.87,0.00,0.00,700.03,0.00,1900.19
301.695,74458.26,67814.51,119465.42,2419986.38,127782.21,200.00,8503.57,200.00,100.00,400.01,0.00,1600.13
301.841,79796.56,65801.99,116735.43,2458609.23,134162.01,300.00,8903.91,0.00,0.00,300.00,100.00,1600.13
301.987,77681.06,55644.51,109054.75,2413111.97,135580.26,200.00,8303.40,0.00,0.00,200.00,0.00,2000.21
302.133,79192.09,48911.69,114107.23,2396013.92,126567.46,100.00,9404.36,0.00,100.00,400.01,0.00,1200.07
302.279,76371.69,51021.52,107943.53,2398335.99,129402.11,200.00,8603.65,0.00,200.00,400.01,0.00,1200.07
302.425,73954.79,43387.91,118251.98,2468782.87,136694.74,200.00,9004.00,0.00,0.00,300.00,0.00,1800.17
302.571,80199.54,39673.51,112793.37,2483458.65,138012.01,100.00,8203.32,0.00,0.00,200.00,0.00,1200.07
302.717,74861.07,29540.78,111479.64,2384645.95,129604.62,200.00,10305.24,0.00,0.00,500.01,0.00,1500.12
302.863,74760.36,31245.62,106933.45,2399480.33,123935.96,0.00,8103.24,0.00,100.00,400.01,0.00,1600.13
303.009,82920.19,32449.20,106933.45,2380110.40,133959.41,300.00,8003.16,100.00,0.00,400.01,0.00,1000.05
303.155,76472.40,26633.15,102994.96,2304501.42,135276.35,100.00,8303.40,100.00,200.00,700.03,0.00,1200.07
303.301,73451.34,22924.56,109863.00,2382315.48,128693.39,200.00,7803.00,0.00,500.01,300.00,0.00,1100.06
303.447,68921.35,21822.26,107337.47,2405736.58,132034.99,300.00,9404.36,0.00,200.00,300.00,0.00,1700.15
303.593,81811.69,26733.40,109256.81,2382223.69,130718.47,0.00,8903.91,0.00,400.01,500.01,0.00,900.04
303.739,79595.06,26031.67,105822.44,2452027.40,127377.29,100.00,8903.91,200.00,200.00,500.01,0.00,2100.23
303.885,74961.76,23325.43,111176.50,2497992.44,132440.10,0.00,8303.40,100.00,100.00,300.00,100.00,1600.13
304.031,79494.31,23525.87,110166.10,2496121.34,129908.38,100.00,7202.56,100.00,100.00,900.04,0.00,1300.09
304.177,80098.79,20319.30,105519.47,2411040.48,135884.19,0.00,9304.27,200.00,200.00,700.03,0.00,1200.07
304.323,74760.36,19617.99,107034.45,2417706.11,126365.01,0.00,8903.91,0.00,0.00,300.00,0.00,600.02
304.469,76170.27,15611.40,112591.23,2370496.34,127984.70,0.00,7602.85,0.00,100.00,200.00,0.00,1700.15
304.615,78184.72,13608.66,103701.75,2466235.41,130009.65,0.00,11506.53,0.00,100.00,400.01,0.00,2000.21
304.761,80904.83,11305.98,109054.75,2504741.46,125960.11,0.00,10004.94,100.00,0.00,400.01,0.00,1700.15
304.907,78285.45,9404.14,104812.54,2474989.12,139633.50,0.00,8303.40,100.00,100.00,800.03,0.00,2300.27
305.053,74961.76,8203.15,111479.64,2439155.91,132440.10,0.00,7903.08,0.00,0.00,300.00,0.00,1100.06
305.199,76975.99,7102.36,114915.84,2442371.54,125251.63,100.00,6702.22,0.00,100.00,200.00,0.00,1400.10
305.345,83121.72,5101.22,113803.99,2370513.14,129604.62,0.00,8603.65,100.00,0.00,800.03,0.00,1900.19
305.492,81710.91,3700.64,104610.57,2384512.36,139430.80,0.00,7502.78,0.00,0.00,700.03,0.00,1300.09
305.638,79393.57,4400.91,107741.52,2434536.77,130920.96,0.00,7402.70,0.00,0.00,800.03,0.00,1700.15
305.784,78285.45,4300.86,105317.47,2397985.21,135175.03,0.00,7602.85,0.00,0.00,300.00,0.00,1000.05
305.930,78587.65,5201.27,107135.46,2444518.22,130819.72,0.00,8603.65,0.00,0.00,900.04,0.00,1600.13
306.076,77177.44,5401.36,107438.48,2498927.99,129908.38,0.00,8303.40,0.00,0.00,500.01,0.00,2000.21
306.222,74961.76,3700.64,112793.37,2394193.02,131123.51,0.00,10605.55,100.00,0.00,400.01,0.00,1200.07
306.368,77378.88,4901.12,103600.78,2479148.69,132440.10,0.00,9504.45,0.00,0.00,1000.05,100.00,2200.25
306.514,82517.09,4701.03,104307.63,2444877.40,131224.80,100.00,8303.40,0.00,0.00,200.00,100.00,1500.12
306.660,80401.05,6702.10,107741.52,2361233.26,130414.68,0.00,9704.64,0.00,0.00,700.03,100.00,1400.10
306.806,82013.23,5001.17,104105.65,2468123.10,123531.18,0.00,8503.57,0.00,0.00,400.01,0.00,1300.09
306.952,77983.25,4300.86,105216.49,2525857.09,132440.10,200.00,7502.78,0.00,0.00,600.02,100.00,1300.09
307.098,78789.13,5201.27,106529.42,2354793.22,127073.60,200.00,9304.27,0.00,100.00,600.02,0.00,1400.10
307.244,87254.45,4701.03,100168.23,2411090.68,122418.11,0.00,8303.40,0.00,0.00,800.03,0.00,1000.05
307.390,80804.08,4801.08,107034.45,2447592.05,138721.39,0.00,7702.93,0.00,100.00,700.03,0.00,1300.09
307.536,86548.77,3400.54,112389.10,2432423.49,139532.16,0.00,7903.08,100.00,0.00,900.04,0.00,1200.07
307.682,78083.98,2900.39,112389.10,2293083.25,130009.65,0.00,8003.16,0.00,0.00,1000.05,0.00,700.03
307.828,75566.00,3200.48,105317.47,2419535.21,127276.03,0.00,9104.09,100.00,0.00,600.02,0.00,1200.07
307.974,77681.06,3600.61,109964.02,2423310.60,129098.35,100.00,8003.16,0.00,0.00,1700.15,0.00,1900.19
308.120,80401.05,5701.52,107135.46,2437677.40,132136.25,300.00,7903.08,0.00,200.00,900.04,0.00,1600.13
308.266,72243.15,4701.03,100067.30,2296959.04,126871.13,0.00,11005.97,100.00,0.00,600.02,0.00,1300.09
308.412,80199.54,4600.99,96736.78,2261200.83,137809.37,100.00,6802.28,100.00,0.00,1000.05,0.00,1200.07
308.558,72142.48,11806.52,110974.43,2331881.69,131832.42,0.00,9504.45,0.00,0.00,300.00,0.00,1200.07
308.704,80098.79,5401.36,100672.95,2403105.52,121203.98,100.00,10004.94,0.00,100.00,900.04,0.00,1300.09
308.850,74156.18,4600.99,99562.60,2460588.92,133250.37,0.00,8603.65,0.00,0.00,800.03,0.00,1000.05
308.996,75364.58,3800.68,94920.55,2422609.04,125352.85,0.00,8103.24,100.00,200.00,500.01,0.00,1900.19
309.142,82416.31,3600.61,101985.32,2357733.45,126466.24,0.00,8403.48,300.00,500.01,800.03,0.00,1500.12
309.288,87657.73,4500.95,100572.01,2423770.17,129199.61,0.00,8203.32,1200.07,1000.05,800.03,0.00,1200.07
309.434,78889.87,4200.83,97342.24,2354267.04,127276.03,0.00,9504.45,200.00,700.02,1800.17,0.00,700.03
309.580,73552.03,4701.03,114915.84,2345805.72,141255.25,0.00,7903.08,100.00,300.00,800.03,0.00,1800.17
309.726,72142.48,5701.52,99158.86,2306873.68,130110.88,0.00,8103.24,300.00,200.00,1300.09,0.00,1700.15
309.872,80602.56,9103.88,105418.47,2411190.87,130617.19,0.00,9704.64,200.00,0.00,1100.06,0.00,1000.05
310.018,79091.34,8103.07,90683.93,2314457.86,134263.30,0.00,7803.00,200.00,100.00,700.03,0.00,1800.17
310.164,106527.85,6802.17,101884.37,2381338.14,132541.37,200.00,10605.55,200.00,200.00,500.01,0.00,1400.10
310.310,82113.98,4200.83,103297.88,2426810.41,129503.36,100.00,6502.09,0.00,0.00,1100.06,0.00,1800.17
310.456,79091.34,7802.85,93709.91,2293375.64,134364.60,0.00,8103.24,0.00,100.00,800.03,0.00,1500.12
310.602,84230.35,6501.98,98755.14,2344018.22,132743.95,0.00,8903.91,0.00,200.00,600.02,0.00,1900.19
310.748,76472.40,5301.32,97745.91,2364248.49,122721.66,0.00,9004.00,0.00,100.00,400.01,0.00,1600.13
310.894,77278.16,4600.99,98957.00,2426543.22,133655.53,200.00,8703.73,0.00,0.00,300.00,0.00,1400.10
311.040,78587.65,5001.17,103196.90,2349188.53,134465.91,0.00,9304.27,100.00,300.00,1300.09,0.00,1300.09
311.186,79796.56,5701.52,96030.42,2457080.72,130110.88,0.00,8703.73,0.00,200.00,300.00,0.00,1600.13
311.332,79897.30,6401.92,95324.14,2362210.40,124745.57,0.00,8203.32,100.00,300.00,1200.07,0.00,1300.09
311.478,74156.18,4400.91,96837.69,2338613.92,133655.53,0.00,7702.93,200.00,300.00,900.04,0.00,1300.09
311.624,80401.05,4100.79,102793.04,2348937.94,133554.21,0.00,10004.94,100.00,100.00,1100.06,100.00,2000.21
311.771,78285.45,5401.36,96131.33,2314549.86,127579.74,100.00,8403.48,300.00,0.00,300.00,100.00,1400.10
311.917,81912.47,5701.52,102086.29,2354250.25,122418.11,0.00,9604.55,200.00,0.00,800.03,0.00,1800.17
312.063,79796.56,4400.91,96131.33,2323153.18,125858.90,0.00,7903.08,100.00,100.00,1100.06,0.00,1600.13
312.209,78889.87,5501.42,98654.21,2399263.14,118674.98,100.00,8703.73,0.00,200.00,1000.05,0.00,1000.05
312.355,83323.29,4600.99,103499.82,2423377.59,131629.87,0.00,8303.40,0.00,200.00,600.02,0.00,1300.09
312.501,83827.20,3700.64,107741.52,2378857.48,125960.11,0.00,7803.00,100.00,100.00,900.04,0.00,1400.10
312.647,82920.19,5201.27,99562.60,2285365.29,134769.79,0.00,7903.08,100.00,0.00,800.03,0.00,1800.17
312.793,76270.97,5801.57,97140.42,2358410.01,125858.90,200.00,7502.78,0.00,0.00,1100.06,0.00,1400.10
312.939,82819.40,5301.32,102894.01,2373720.56,124441.97,0.00,8203.32,100.00,0.00,1000.05,100.00,2100.23
313.085,76875.27,6201.80,96333.15,2330879.35,116955.62,0.00,8103.24,100.00,0.00,1000.05,0.00,900.04
313.231,83726.43,4000.75,105519.47,2354333.84,125858.90,0.00,9104.09,100.00,0.00,1200.07,0.00,1900.19
313.377,79595.06,5201.27,102086.29,2408994.19,128288.41,100.00,8003.16,0.00,100.00,700.03,0.00,1900.19
313.523,78184.72,3100.45,98149.59,2291537.94,121102.80,100.00,9204.18,0.00,0.00,1200.07,0.00,1800.17
313.669,84129.57,3500.57,106630.43,2311785.01,124037.16,100.00,10105.04,0.00,0.00,600.02,0.00,3200.53
313.815,83424.07,4300.86,104812.54,2400917.05,130515.92,200.00,8803.82,0.00,200.00,300.00,0.00,1000.05
313.961,88766.82,5601.47,114006.14,2420846.73,126871.13,100.00,8403.48,0.00,100.00,1200.07,0.00,1800.17
314.107,83827.20,4400.91,109357.85,2381263.14,120698.12,0.00,9204.18,0.00,100.00,1000.05,0.00,1600.13
314.253,80602.56,4801.08,103095.93,2425582.67,128187.16,0.00,9104.09,0.00,0.00,500.01,0.00,2000.21
314.399,80401.05,5801.57,105317.47,2340309.62,121203.98,0.00,9004.00,0.00,2300.26,700.03,0.00,1100.06
314.545,148321.30,5201.27,101581.50,2358476.81,185137.52,0.00,9304.27,700.02,0.00,900.04,300.00,3400.60
314.691,126746.56,7002.29,99461.67,2447324.86,128085.93,200.00,8803.82,100.00,0.00,1800.17,3600.67,2000.21
314.837,85943.89,7702.78,115016.90,2355954.35,527373.25,0.00,12007.11,100.00,100.00,800.03,0.00,1900.19
314.983,170142.53,13808.92,111277.54,2463821.34,166729.22,0.00,9504.45,400.01,0.00,800.03,0.00,2000.21
315.129,187122.64,13508.53,101581.50,2333168.02,123935.96,0.00,9204.18,200.00,200.00,1000.05,0.00,1900.19
315.275,83524.85,12307.08,118656.48,2401969.39,118978.41,0.00,7202.56,100.00,100.00,900.04,0.00,1800.17
315.421,90178.55,13708.79,114006.14,2386441.65,124239.59,0.00,10205.14,0.00,0.00,800.03,0.00,1600.13
315.567,80804.08,12307.08,101985.32,2394452.01,118978.41,0.00,8703.73,0.00,0.00,800.03,0.00,1900.19
315.713,114408.62,9704.41,120072.16,2396774.08,125960.11,100.00,7502.78,0.00,0.00,600.02,0.00,1500.12
315.859,78990.60,6501.98,115623.40,2308535.79,124745.57,0.00,9904.84,0.00,0.00,200.00,0.00,2100.23
316.005,82718.62,4901.12,111075.47,2312219.39,124543.19,0.00,8603.65,0.00,0.00,600.02,0.00,1700.15
316.151,85439.88,4200.83,107438.48,2374338.72,121811.04,200.00,6201.90,0.00,100.00,400.01,0.00,1700.15
316.297,77882.53,3500.57,116432.13,2461273.88,128389.64,100.00,7502.78,0.00,0.00,200.00,0.00,2600.35
316.443,84532.73,3900.71,108650.67,2378957.67,126668.69,0.00,8003.16,0.00,0.00,500.01,0.00,1400.10
316.589,77479.61,5201.27,113197.59,2399229.74,126061.36,100.00,9304.27,0.00,0.00,200.00,0.00,2100.23
316.735,81106.34,3400.54,109357.85,2407415.48,129503.36,0.00,8603.65,0.00,200.00,500.01,0.00,1400.10
316.881,79192.09,3000.42,100067.30,2346106.50,134668.50,0.00,9104.09,0.00,0.00,300.00,0.00,2200.25
317.027,84935.90,4100.79,112894.41,2322626.81,122316.92,0.00,8703.73,0.00,0.00,200.00,0.00,1200.07
317.173,78486.91,3400.54,106428.43,2417321.73,128389.64,0.00,9104.09,0.00,0.00,100.00,0.00,2200.25
317.319,80602.56,4000.75,106731.42,2377011.58,121001.63,200.00,9004.00,0.00,0.00,600.02,0.00,1800.17
317.465,80501.81,3400.54,99360.73,2358669.00,132440.10,100.00,8403.48,0.00,0.00,200.00,0.00,1900.19
317.611,79897.30,3700.64,111984.90,2328582.47,125049.21,100.00,7202.56,0.00,0.00,100.00,0.00,1300.09
317.757,76774.56,4500.95,110974.43,2311684.82,124239.59,100.00,10205.14,0.00,0.00,200.00,0.00,1400.10
317.904,76573.10,4300.86,114814.75,2367923.69,124745.57,0.00,6902.35,0.00,0.00,900.04,0.00,1500.12
318.050,80904.83,3800.68,102692.07,2285732.86,124745.57,100.00,7803.00,0.00,0.00,500.01,0.00,2000.21
318.196,84431.94,3900.71,107640.51,2354074.86,125454.07,0.00,8003.16,0.00,0.00,400.01,0.00,2100.23
318.342,85943.89,3700.64,104812.54,2396515.09,123935.96,0.00,10004.94,0.00,0.00,300.00,0.00,1000.05
318.488,80501.81,3500.57,103903.73,2360080.52,127377.29,100.00,9904.84,0.00,0.00,700.03,0.00,2500.32
318.634,81106.34,4100.79,101581.50,2312035.60,123834.77,0.00,9004.00,200.00,0.00,700.03,0.00,1400.10
318.780,74055.49,4200.83,112995.46,2340560.21,129098.35,0.00,8803.82,300.00,300.00,1600.13,0.00,1400.10
318.926,83020.95,4200.83,114309.37,2354977.01,119281.90,100.00,7002.42,100.00,0.00,900.04,0.00,1100.06
319.072,81811.69,4400.91,104307.63,2328206.50,121406.31,200.00,8903.91,0.00,0.00,1100.06,0.00,2200.25
319.218,78587.65,3400.54,115016.90,2369711.19,116551.10,100.00,8203.32,0.00,0.00,1200.07,0.00,600.02
319.364,78386.18,2900.39,103600.78,2408534.62,120698.12,0.00,7502.78,0.00,0.00,1400.10,0.00,1400.10
319.510,80804.08,3100.45,109155.79,2356697.71,119079.57,300.00,8803.82,0.00,0.00,600.02,0.00,1600.13
319.656,80501.81,2500.29,102490.14,2470946.34,125150.42,100.00,10205.14,100.00,0.00,900.04,0.00,1500.12
319.802,76774.56,4100.79,104408.61,2282801.03,133351.66,0.00,8703.73,0.00,100.00,1200.07,0.00,1300.09
319.948,80199.54,3400.54,102490.14,2247719.58,123328.80,0.00,7602.85,0.00,0.00,500.01,100.00,1400.10
320.094,72746.55,3200.48,105519.47,2348110.99,128895.86,0.00,7302.63,100.00,200.00,1100.06,0.00,1400.10
320.240,84633.50,3200.48,99663.53,2268977.39,123733.57,0.00,5901.72,100.00,100.00,1000.05,0.00,1600.13
320.386,78184.72,3700.64,100370.11,2297084.23,122822.85,0.00,8203.32,0.00,0.00,1200.07,0.00,1200.07
320.532,82920.19,3300.51,105317.47,2368316.26,129705.85,0.00,9604.55,200.00,200.00,1600.13,0.00,1100.06
320.678,80401.05,4000.75,90179.68,2287194.58,128693.39,0.00,8203.32,0.00,100.00,1100.06,0.00,1100.06
320.824,76371.69,3300.51,101682.46,2353381.69,123025.25,0.00,10205.14,100.00,0.00,600.02,0.00,1300.09
320.970,77681.06,2400.27,105620.45,2372166.85,134263.30,0.00,8503.57,0.00,0.00,800.03,0.00,1600.13
321.116,73048.60,2700.34,102086.29,2304150.64,121102.80,0.00,9204.18,0.00,0.00,800.03,0.00,1200.07
321.262,79897.30,2800.37,111378.60,2343333.26,123328.80,0.00,6502.09,100.00,0.00,800.03,0.00,1700.15
321.408,81207.11,3100.45,97241.33,2378874.08,126365.01,100.00,7202.56,0.00,0.00,800.03,0.00,1100.06
321.554,79897.30,3400.54,101581.50,2378682.08,124340.76,0.00,7702.93,0.00,100.00,900.04,0.00,1500.12
321.700,77076.71,3400.54,105216.49,2324055.13,119585.34,0.00,9004.00,100.00,0.00,400.01,0.00,1400.10
321.846,81307.86,4801.08,94214.35,2361241.65,123227.62,200.00,9404.36,100.00,0.00,900.04,0.00,1200.07
321.992,79897.30,6201.80,97745.91,2281949.07,135276.35,0.00,8103.24,100.00,0.00,700.03,0.00,1600.13
322.138,80098.79,3400.54,108751.69,2309638.33,126061.36,0.00,8603.65,0.00,0.00,800.03,0.00,1500.12
322.284,75263.87,12507.32,100874.84,2387778.18,136086.82,0.00,8103.24,0.00,0.00,800.03,0.00,1600.13
322.430,79494.31,3000.42,100572.01,2392313.73,126365.01,0.00,9904.84,0.00,0.00,500.01,0.00,1700.15
322.576,76069.55,4000.75,105317.47,2422834.62,131427.35,0.00,8503.57,0.00,0.00,7202.64,0.00,1600.13
322.722,74558.97,4400.91,110671.29,2338137.94,127478.51,0.00,8203.32,100.00,0.00,700.03,0.00,1500.12
322.868,76170.27,4000.75,98553.28,2319035.21,134162.01,0.00,8703.73,0.00,0.00,400.01,0.00,1600.13
323.014,74357.56,3700.64,114107.23,2386207.87,128187.16,100.00,9204.18,0.00,100.00,300.00,0.00,1100.06
323.160,81610.16,2800.37,108751.69,2374004.55,122418.11,0.00,8103.24,0.00,0.00,800.03,0.00,2000.21
323.306,81610.16,3100.45,111277.54,2417848.10,132237.52,100.00,11106.08,0.00,0.00,400.01,0.00,1600.13
323.452,76975.99,14109.31,111984.90,2401176.03,127680.97,0.00,8203.32,0.00,0.00,1400.10,0.00,1000.05
323.598,82214.75,4600.99,109863.00,2410923.69,136390.77,0.00,8503.57,0.00,0.00,600.02,0.00,1900.19
323.744,75968.84,2800.37,109458.86,2391929.55,139329.46,100.00,10305.24,0.00,0.00,500.01,0.00,1600.13
323.890,80401.05,4100.79,114006.14,2351051.22,129807.11,0.00,9804.74,0.00,0.00,400.01,0.00,1000.05
324.037,78990.60,2800.37,108448.64,2297827.59,124340.76,0.00,8803.82,0.00,0.00,400.01,0.00,1800.17
324.183,75364.58,2100.21,109458.86,2302939.50,131731.16,0.00,8703.73,0.00,100.00,400.01,0.00,1800.17
324.329,75364.58,5101.22,111883.85,2329835.21,128187.16,0.00,8503.57,100.00,0.00,400.01,100.00,2300.27
324.475,83827.20,4000.75,115118.00,2347058.65,131731.16,200.00,8003.16,0.00,0.00,600.02,0.00,2000.21
324.621,77882.53,4000.75,106529.42,2285189.89,129807.11,0.00,9004.00,0.00,0.00,100.00,0.00,2000.21
324.767,78789.13,4300.86,109155.79,2357407.67,131123.51,0.00,9304.27,0.00,0.00,200.00,0.00,1000.05
324.913,78285.45,3600.61,109964.02,2378122.51,133452.93,100.00,11406.42,0.00,0.00,800.03,0.00,1400.10
325.059,71639.12,9404.14,108549.66,2408835.41,129604.62,0.00,9704.64,0.00,100.00,600.02,0.00,1400.10
325.205,83121.72,2700.34,113803.99,2313413.92,131731.16,100.00,9604.55,0.00,0.00,800.03,0.00,1500.12
325.351,83424.07,3500.57,120881.23,2335256.30,127478.51,100.00,8403.48,0.00,100.00,400.01,0.00,2700.38
325.497,83323.29,4500.95,122803.02,2328014.31,131123.51,200.00,8003.16,0.00,0.00,1000.05,0.00,1600.13
325.643,80501.81,4200.83,113702.93,2446289.12,126972.37,0.00,9604.55,0.00,0.00,700.03,0.00,1500.12
325.789,79695.81,3800.68,113096.54,2382557.67,126567.46,200.00,8403.48,200.00,100.00,1400.10,0.00,1500.12
325.935,76774.56,8803.63,122196.08,2357917.24,128592.13,100.00,8603.65,100.00,100.00,1200.07,0.00,1300.09
326.081,77378.88,4801.08,116634.34,2391328.18,131731.16,0.00,8903.91,100.00,100.00,1400.10,0.00,1500.12
326.227,69122.63,5101.22,124016.95,2464890.68,132541.37,0.00,8903.91,0.00,0.00,600.02,0.00,2200.25
326.373,73753.41,3900.71,125838.09,2371131.11,124846.80,0.00,9804.74,0.00,0.00,300.00,0.00,1300.09
326.519,77479.61,4300.86,114612.58,2384453.76,113618.85,100.00,7602.85,0.00,0.00,600.02,0.00,2000.21
326.665,76875.27,2500.29,125231.00,2350951.03,131427.35,100.00,11706.76,0.00,100.00,400.01,0.00,1800.17
326.811,78285.45,3500.57,116432.13,2362285.60,121203.98,0.00,7002.42,0.00,0.00,500.01,0.00,1800.17
326.957,76673.84,3600.61,118251.98,2388538.33,123025.25,200.00,7803.00,0.00,0.00,600.02,0.00,1000.05
327.103,78889.87,3800.68,119566.53,2368992.83,127782.21,0.00,8803.82,0.00,100.00,300.00,0.00,1700.15
327.249,73451.34,4400.91,119768.80,2223012.16,135884.19,0.00,8503.57,0.00,0.00,300.00,0.00,1500.12
327.395,77983.25,3500.57,130797.21,2361868.02,131731.16,200.00,9304.27,0.00,0.00,400.01,0.00,2400.30
327.541,80602.56,4400.91,114511.51,2394026.03,128288.41,100.00,8303.40,0.00,0.00,500.01,0.00,1500.12
327.687,73249.97,2500.29,120678.96,2388145.76,133149.09,0.00,8003.16,0.00,0.00,100.00,0.00,2400.30
327.833,73954.79,4000.75,116027.79,2430761.38,131326.06,0.00,9104.09,100.00,0.00,200.00,0.00,900.04
327.979,80804.08,4100.79,120173.29,2355260.99,128794.61,100.00,10205.14,0.00,0.00,300.00,0.00,1600.13
328.125,77681.06,2800.37,125939.25,2408935.60,148759.04,100.00,8503.57,0.00,0.00,700.03,0.00,1500.12
328.271,75263.87,3600.61,134644.66,2435630.91,144296.66,100.00,10205.14,0.00,0.00,500.01,0.00,1200.07
328.417,74156.18,4200.83,122803.02,2410756.50,131933.71,300.00,10905.87,100.00,0.00,200.00,0.00,1500.12
328.563,76371.69,2700.34,130392.29,2523602.01,133149.09,0.00,11106.08,0.00,0.00,600.02,0.00,2600.35
328.709,78889.87,6401.92,132012.06,2534802.99,137708.02,100.00,8003.16,0.00,100.00,500.01,0.00,1300.09
328.855,76875.27,3900.71,121791.52,2548952.40,142877.21,300.00,11806.87,0.00,0.00,900.04,0.00,1500.12
329.001,83726.43,3200.48,120072.16,2538578.38,138214.69,200.00,9504.45,100.00,0.00,400.01,0.00,2100.23
329.147,77479.61,3400.54,124118.09,2434545.17,135478.95,200.00,8403.48,0.00,0.00,900.04,0.00,1300.09
329.293,76875.27,4500.95,127861.93,2426651.81,133351.66,0.00,8303.40,0.00,0.00,700.03,0.00,1500.12
329.439,77781.80,5101.22,131404.62,2417179.74,139633.50,100.00,11506.53,0.00,0.00,900.04,0.00,1600.13
329.585,81610.16,4300.86,124725.11,2638218.03,138822.73,100.00,9104.09,0.00,0.00,800.03,0.00,600.02
329.731,72847.22,3800.68,129987.42,2449212.55,129199.61,0.00,10705.65,0.00,100.00,700.03,0.00,1200.07
329.877,68619.40,4100.79,118858.68,2459786.97,128085.93,300.00,9404.36,0.00,0.00,800.03,0.00,500.01
330.023,68216.84,3000.42,133935.79,2490349.67,141559.35,0.00,9704.64,0.00,100.00,700.03,0.00,1200.07
330.169,76573.10,3100.45,126951.17,2459477.98,136998.72,100.00,8603.65,0.00,0.00,800.03,0.00,1000.05
330.316,69021.98,3000.42,124421.60,2459711.97,137404.02,0.00,8903.91,0.00,0.00,1300.09,0.00,1100.06
330.462,77580.33,4000.75,130695.99,2508249.67,133452.93,400.01,9604.55,0.00,0.00,300.00,0.00,1300.09
330.608,74861.07,2700.34,130898.45,2451008.26,139126.76,0.00,10305.24,0.00,0.00,700.03,0.00,1500.12
330.754,75868.13,3100.45,120173.29,2454040.48,132136.25,200.00,8503.57,0.00,0.00,500.01,0.00,1100.06
330.900,71941.13,4300.86,123409.94,2416085.60,130718.47,300.00,8603.65,0.00,0.00,700.03,0.00,1200.07
331.046,65801.79,3900.71,126951.17,2372208.65,133554.21,0.00,10605.55,0.00,0.00,700.03,0.00,800.03
331.192,70531.78,3400.54,129683.74,2394042.63,135580.26,100.00,8503.57,100.00,0.00,800.03,0.00,1600.13
331.338,70431.14,3500.57,132822.00,2441511.38,138012.01,100.00,8203.32,0.00,0.00,300.00,0.00,2100.23
331.484,69726.53,4600.99,138290.88,2456696.54,124037.16,200.00,8103.24,0.00,0.00,800.03,0.00,1200.07
331.630,80501.81,2700.34,131910.82,2466502.59,131224.80,200.00,8503.57,100.00,0.00,900.04,200.00,1200.07
331.776,77781.80,3000.42,132619.51,2396080.72,136897.39,0.00,8803.82,100.00,0.00,500.01,0.00,1200.07
331.922,73451.34,3700.64,134442.12,2476885.02,126972.37,100.00,9004.00,100.00,0.00,400.01,0.00,1200.07
332.068,75465.29,4300.86,124118.09,2399973.10,165509.93,100.00,6902.35,0.00,0.00,300.00,0.00,1800.17
332.214,71639.12,5901.63,130088.61,2466594.59,133858.11,100.00,10205.14,0.00,0.00,1000.05,0.00,1400.10
332.360,77278.16,4600.99,126748.77,2399029.35,139734.84,300.00,6301.96,0.00,100.00,1000.05,0.00,1700.15
332.506,71538.44,5101.22,136568.89,2455026.03,129300.86,100.00,8003.16,0.00,0.00,600.02,0.00,900.04
332.652,71739.78,2900.39,138797.39,2422876.42,123935.96,300.00,7602.85,0.00,0.00,700.03,0.00,1500.12
332.798,73350.65,3100.45,119869.92,2421055.52,132034.99,200.00,8103.24,0.00,100.00,500.01,0.00,1500.12
332.944,71437.77,3000.42,119566.53,2419936.19,128389.64,100.00,9904.84,0.00,0.00,700.03,0.00,1100.06
333.090,71941.13,2600.32,124522.78,2400716.66,132338.80,0.00,7803.00,0.00,0.00,900.04,0.00,900.04
333.236,69323.93,3300.51,136771.48,2474679.94,130009.65,0.00,9004.00,0.00,0.00,900.04,0.00,800.03
333.382,70229.82,3200.48,139405.25,2421807.28,136897.39,0.00,8503.57,0.00,0.00,1000.05,0.00,1400.10
333.528,73753.41,4100.79,129683.74,2432248.10,131933.71,100.00,8903.91,0.00,0.00,1000.05,0.00,1500.12
333.674,78486.91,3900.71,132720.75,2427445.37,127579.74,200.00,9804.74,0.00,0.00,800.03,0.00,1400.10
333.820,77378.88,6602.04,133328.27,2514221.74,136492.11,200.00,9604.55,0.00,100.00,1000.05,0.00,800.03
333.966,78688.40,6101.74,132214.53,2516126.23,141255.25,200.00,9004.00,0.00,0.00,1900.18,0.00,900.04
334.112,74055.49,8003.00,133733.30,2410789.90,133554.21,100.00,10505.44,0.00,100.00,500.01,0.00,1400.10
334.258,70431.14,5501.42,127457.14,2364916.85,130009.65,100.00,7903.08,0.00,0.00,500.01,0.00,1400.10
334.404,72947.91,7002.29,132619.51,2423269.00,128592.13,100.00,10405.34,0.00,0.00,600.02,0.00,1000.05
334.550,71639.12,8003.00,130392.29,2465475.25,132845.22,0.00,8003.16,0.00,100.00,1300.09,0.00,1500.12
334.696,79091.34,6401.92,135657.38,2386767.44,131224.80,100.00,8403.48,100.00,0.00,1000.05,0.00,900.04
334.842,75163.17,6101.74,124421.60,2524144.78,131629.87,200.00,7402.70,0.00,0.00,700.03,0.00,1200.07
334.988,75163.17,7802.85,136670.18,2477603.38,133655.53,0.00,9404.36,0.00,0.00,600.02,0.00,1400.10
335.134,70934.44,4801.08,130189.85,2509711.38,128389.64,100.00,9804.74,0.00,0.00,600.02,100.00,1400.10
335.280,76673.84,6301.86,131404.62,2497683.45,137100.03,0.00,9104.09,0.00,0.00,900.04,0.00,1900.19
335.426,74861.07,5001.17,138797.39,2460764.31,143282.75,100.00,8203.32,0.00,0.00,800.03,0.00,1700.15
335.572,79595.06,4200.83,129278.87,2417722.71,127073.60,100.00,8703.73,0.00,0.00,1100.06,0.00,1700.15
335.718,76069.55,4600.99,132417.03,2450966.66,127579.74,200.00,8503.57,0.00,0.00,1300.09,0.00,900.04
335.864,73954.79,4500.95,129278.87,2467697.13,126871.13,300.00,9304.27,0.00,0.00,200.00,0.00,500.01
336.010,82013.23,4701.03,131910.82,2444743.80,123632.39,200.00,8703.73,100.00,0.00,600.02,0.00,1700.15
336.156,66707.37,4300.86,133024.51,2341361.97,123935.96,0.00,8503.57,0.00,0.00,700.03,0.00,1600.13
336.302,78184.72,3300.51,135961.20,2412519.00,131629.87,500.01,10905.87,0.00,100.00,400.01,0.00,800.03
336.449,66103.65,3700.64,136568.89,2498376.62,135478.95,300.00,10705.65,0.00,0.00,1600.13,0.00,1600.13
336.595,73552.03,5201.27,131809.56,2383401.42,134364.60,0.00,7602.85,0.00,0.00,800.03,100.00,1400.10
336.741,76270.97,3600.61,141026.33,2531244.59,127073.60,400.01,8903.91,0.00,0.00,900.04,0.00,1400.10
336.887,76270.97,3900.71,126344.02,2474880.52,128187.16,0.00,8703.73,0.00,0.00,1100.06,0.00,1400.10
337.033,72947.91,4901.12,134239.58,2534852.99,137302.69,0.00,7402.70,0.00,0.00,800.03,0.00,1900.19
337.179,75364.58,2700.34,133429.50,2422868.02,129503.36,100.00,10105.04,0.00,0.00,1100.06,0.00,1700.15
337.325,64896.28,4100.79,129481.30,2334487.75,129908.38,0.00,7903.08,0.00,0.00,700.03,0.00,2100.23
337.471,74256.87,11506.19,133227.02,2351861.38,128490.87,0.00,8603.65,0.00,0.00,1400.10,0.00,1400.10
337.617,71035.10,3900.71,129481.30,2302638.72,124441.97,0.00,8203.32,0.00,0.00,400.01,0.00,1100.06
337.763,77681.06,2800.37,138493.46,2449939.12,126466.24,100.00,9904.84,0.00,0.00,1300.09,0.00,900.04
337.909,64996.88,3400.54,124826.30,2363254.55,118573.84,0.00,9604.55,0.00,0.00,1000.05,0.00,1200.07
338.055,70129.15,3200.48,130999.67,2421339.51,131832.42,200.00,8603.65,0.00,0.00,1400.10,0.00,1500.12
338.201,73149.29,3500.57,129784.95,2385915.48,119888.82,0.00,8903.91,0.00,0.00,700.03,0.00,1400.10
338.347,73652.72,6101.74,131100.91,2381797.71,130920.96,0.00,11206.19,0.00,0.00,1000.05,0.00,1100.06
338.493,74558.97,4901.12,129380.09,2478664.31,125352.85,0.00,8603.65,0.00,0.00,1100.06,0.00,1800.17
338.639,78990.60,5401.36,140114.44,2415567.63,139633.50,200.00,10605.55,0.00,0.00,800.03,0.00,1200.07
338.785,79091.34,6902.23,138999.99,2526759.24,135580.26,200.00,6602.15,0.00,0.00,800.03,0.00,1700.15
338.931,72444.51,8603.46,137986.97,2414473.49,123632.39,200.00,9304.27,0.00,100.00,1000.05,0.00,1600.13
339.077,76573.10,5301.32,136163.78,2467154.16,127174.81,100.00,7402.70,0.00,0.00,500.01,0.00,1500.12
339.223,73249.97,6201.80,130088.61,2562692.64,133047.79,400.01,8203.32,100.00,100.00,600.02,0.00,1800.17
339.369,73954.79,5501.42,128469.17,2411307.87,139228.10,400.01,7502.78,100.00,0.00,500.01,200.00,1700.15
339.515,76270.97,4500.95,135859.93,2472316.07,127680.97,100.00,9004.00,0.00,0.00,900.04,0.00,1100.06
339.661,74156.18,5301.32,134543.39,2351168.22,128288.41,300.00,9304.27,0.00,100.00,1100.06,0.00,1500.12
339.807,75868.13,3100.45,129987.42,2374146.54,125352.85,100.00,8903.91,0.00,0.00,800.03,0.00,2300.27
339.953,75465.29,5101.22,131303.36,2440960.02,129402.11,300.00,8703.73,0.00,0.00,1000.05,0.00,1400.10
340.099,73954.79,3300.51,133024.51,2417071.15,124239.59,100.00,7803.00,0.00,100.00,500.01,0.00,1300.09
340.245,73249.97,5601.47,136670.18,2403798.69,128895.86,300.00,7202.56,0.00,0.00,800.03,0.00,1200.07
340.391,76472.40,3400.54,130189.85,2368809.04,125757.69,100.00,10605.55,0.00,0.00,500.01,0.00,2000.21
340.537,74861.07,3800.68,133530.78,2440083.06,135478.95,0.00,9604.55,0.00,0.00,1000.05,0.00,2400.30
340.683,81307.86,4200.83,135758.65,2380653.37,126668.69,200.00,8803.82,100.00,0.00,1000.05,0.00,2000.21
340.829,88665.99,3900.71,137683.07,2502937.36,140444.34,100.00,10205.14,0.00,100.00,1100.06,0.00,1500.12
340.975,75163.17,3900.71,129481.30,2475398.30,128895.86,0.00,8003.16,0.00,0.00,1500.11,0.00,1700.15
341.121,79393.57,3800.68,140418.41,2590540.68,132845.22,300.00,6802.28,0.00,0.00,1000.05,0.00,1800.17
341.267,76270.97,4500.95,136062.47,2498276.42,135175.03,100.00,10105.04,0.00,0.00,700.03,0.00,1300.09
341.413,76573.10,3800.68,135454.82,2412969.98,129604.62,400.01,10205.14,0.00,251383.45,1100.06,100.00,1900.19
341.559,73249.97,3300.51,143762.52,2492797.13,131629.87,200.00,10605.55,0.00,0.00,1200.07,0.00,1300.09
341.705,75364.58,4701.03,137176.61,2473335.21,132946.51,100.00,9404.36,0.00,0.00,800.03,100.00,1300.09
341.851,77479.61,7902.92,136366.31,2459511.38,124846.80,100.00,8203.32,0.00,0.00,1600.13,0.00,2100.23
341.997,78184.72,5001.17,134037.06,2386625.44,136289.48,100.00,9804.74,100.00,0.00,1100.06,0.00,1800.17
342.143,78889.87,5501.42,125534.55,2525222.32,124138.37,0.00,10405.34,100.00,0.00,1100.06,0.00,1000.05
342.289,73552.03,5801.57,122398.40,2349397.32,121305.13,300.00,10004.94,100.00,100.00,1500.11,0.00,1400.10
342.435,81610.16,5501.42,130189.85,2445963.34,130313.42,100.00,8803.82,100.00,0.00,1400.10,100.00,1500.12
342.582,78587.65,8703.54,127558.33,2291721.73,130920.96,100.00,8903.91,0.00,0.00,800.03,0.00,2100.23
342.728,68619.40,4000.75,127659.55,2304585.01,124239.59,0.00,8303.40,0.00,0.00,2300.27,0.00,1500.12
342.874,76573.10,4000.75,126344.02,2277171.34,132946.51,100.00,8503.57,0.00,0.00,1200.07,0.00,1700.15
343.020,73753.41,4100.79,127254.74,2398962.55,127276.03,200.00,10205.14,0.00,0.00,1100.06,0.00,1900.19
343.166,77681.06,4701.03,121386.94,2398452.98,128490.87,200.00,11306.30,0.00,0.00,800.03,0.00,1400.10
343.312,77076.71,4100.79,120982.39,2439122.32,129807.11,300.00,9904.84,100.00,0.00,700.03,0.00,1700.15
343.458,76673.84,4701.03,115118.00,2298796.54,129300.86,200.00,10605.55,0.00,0.00,1900.18,100.00,1500.12
343.604,75666.71,3700.64,127153.54,2427186.38,131427.35,300.00,9904.84,0.00,0.00,1500.11,0.00,2400.30
343.750,85339.09,4801.08,136771.48,2402428.96,135478.95,0.00,8603.65,100.00,0.00,1100.06,0.00,2100.23
343.896,78889.87,5601.47,131809.56,2378915.87,137404.02,100.00,8303.40,0.00,100.00,1100.06,0.00,1700.15
344.042,79695.81,3400.54,133429.50,2439180.91,132440.10,0.00,9204.18,0.00,0.00,600.02,0.00,2100.23
344.188,81207.11,5201.27,130291.07,2416269.39,130617.19,0.00,7302.63,0.00,0.00,400.01,0.00,2100.23
344.334,80602.56,2900.39,122196.08,2522090.10,133959.41,100.00,10705.65,0.00,0.00,2100.22,0.00,1200.07
344.480,76472.40,4801.08,117139.82,2431838.92,134769.79,600.02,10505.44,100.00,0.00,900.04,0.00,1300.09
344.626,82013.23,5301.32,130695.99,2465558.84,140241.63,100.00,10605.55,0.00,0.00,1100.06,0.00,1600.13
344.772,75566.00,5201.27,125838.09,2399121.15,145310.67,200.00,9604.55,0.00,0.00,1000.05,0.00,2200.25
344.918,77580.33,4400.91,129380.09,2401977.79,131224.80,0.00,8203.32,100.00,100.00,900.04,0.00,2100.23
345.064,81912.47,7902.92,121791.52,2372810.01,127276.03,100.00,10805.76,100.00,0.00,300.00,0.00,2300.27
345.210,74760.36,5401.36,123915.77,2300650.83,124239.59,0.00,8603.65,0.00,0.00,600.02,0.00,1800.17
345.356,80199.54,4701.03,125635.72,2381346.54,132946.51,400.01,9104.09,0.00,100.00,700.03,0.00,2100.23
345.502,78285.45,2900.39,122196.08,2346315.29,136694.74,200.00,9404.36,0.00,0.00,400.01,0.00,1700.15
345.648,76270.97,4500.95,117139.82,2348094.39,129604.62,200.00,10405.34,0.00,0.00,600.02,0.00,1300.09
345.794,76573.10,2600.32,116128.86,2243960.79,136188.15,0.00,7702.93,0.00,0.00,400.01,0.00,1200.07
345.940,78587.65,3900.71,112389.10,2395947.12,143586.91,0.00,8803.82,0.00,0.00,900.04,0.00,1200.07
346.086,81408.64,4801.08,125231.00,2555125.06,139430.80,200.00,8603.65,0.00,0.00,1100.06,0.00,2600.35
346.232,81005.59,4701.03,130392.29,2509844.98,140444.34,100.00,10105.04,0.00,100.00,400.01,0.00,1600.13
346.378,82315.54,4300.86,129481.30,2513394.98,148048.99,0.00,9304.27,0.00,0.00,1000.05,0.00,1600.13
346.524,78184.72,5101.22,125635.72,2451016.66,148759.04,0.00,10105.04,0.00,0.00,400.01,0.00,900.04
346.670,87052.83,2600.32,132012.06,2471180.13,146831.86,0.00,10305.24,0.00,0.00,600.02,200.00,1600.13
346.816,82315.54,3300.51,125332.18,2513453.38,142877.21,100.00,10405.34,0.00,0.00,900.04,0.00,1800.17
346.962,83222.51,4701.03,135049.73,2480860.99,144398.06,100.00,8903.91,0.00,0.00,600.02,0.00,1700.15
347.108,75062.47,3900.71,118150.89,2422341.85,145006.46,0.00,9404.36,0.00,0.00,1700.15,0.00,1100.06
347.254,79595.06,4400.91,133227.02,2482072.13,146527.63,100.00,10004.94,0.00,100.00,800.03,0.00,2400.30
347.400,80804.08,4100.79,117443.13,2525690.10,139329.46,200.00,10305.24,0.00,0.00,1200.07,0.00,2300.27
347.546,79897.30,3300.51,125534.55,2517604.74,135073.73,0.00,9604.55,0.00,100.00,1100.06,0.00,1000.05
347.692,79998.05,3500.57,118353.12,2450966.66,145006.46,100.00,10605.55,0.00,0.00,1100.06,0.00,1700.15
347.838,81207.11,3700.64,119566.53,2587709.04,148556.18,200.00,9104.09,0.00,0.00,900.04,0.00,1200.07
347.984,80804.08,2800.37,122398.40,2430544.19,142877.21,100.00,7903.08,0.00,100.00,400.01,0.00,700.03
348.130,85137.49,3100.45,120780.09,2499353.96,142268.95,0.00,9204.18,0.00,0.00,300.00,0.00,1700.15
348.276,80703.32,3300.51,117240.93,2539271.74,132743.95,0.00,10405.34,0.00,0.00,1200.07,0.00,1600.13
348.422,85742.29,5601.47,122196.08,2591810.41,141255.25,0.00,9704.64,0.00,0.00,1100.06,0.00,1600.13
348.568,86044.70,4200.83,118959.82,2545160.41,134263.30,0.00,9404.36,0.00,0.00,500.01,100.00,1400.10
348.714,87960.19,4000.75,125838.09,2551466.66,138518.69,100.00,9904.84,100.00,0.00,900.04,0.00,900.04
348.861,89573.50,6201.80,124826.30,2515733.65,142573.10,100.00,8803.82,0.00,0.00,1000.05,0.00,1500.12
349.007,84835.10,5901.63,117038.72,2374923.30,134364.60,100.00,9804.74,0.00,0.00,600.02,0.00,2000.21
349.153,87657.73,7002.29,124118.09,2494960.41,138822.73,0.00,9204.18,0.00,0.00,700.03,0.00,1000.05
349.299,81005.59,4901.12,117038.72,2426985.99,135175.03,0.00,11406.42,0.00,0.00,400.01,0.00,1400.10
349.445,81307.86,4901.12,113702.93,2470887.75,127073.60,100.00,8303.40,0.00,0.00,500.01,0.00,1100.06
349.591,71840.45,4901.12,113500.81,2452737.36,147643.28,100.00,8603.65,100.00,100.00,500.01,0.00,1600.13
349.737,81005.59,4100.79,112793.37,2402821.54,126365.01,0.00,9504.45,0.00,0.00,900.04,0.00,1700.15
349.883,79192.09,3800.68,116533.24,2428180.33,131832.42,200.00,8903.91,0.00,0.00,700.03,0.00,1700.15
350.029,84431.94,4200.83,128064.35,2478363.53,140647.06,0.00,9804.74,0.00,0.00,300.00,0.00,1300.09
350.175,83020.95,3600.61,120881.23,2474588.14,139836.18,100.00,9704.64,0.00,0.00,800.03,0.00,1500.12
350.321,82113.98,6902.23,122803.02,2388387.94,131832.42,0.00,8803.82,100.00,0.00,900.04,0.00,1600.13
350.467,81307.86,7802.85,116229.95,2423536.19,130313.42,100.00,9204.18,0.00,0.00,500.01,0.00,2100.23
350.613,78486.91,4701.03,117544.23,2381480.13,132237.52,0.00,7803.00,0.00,0.00,900.04,100.00,1200.07
350.759,74760.36,75264.13,114814.75,2346306.89,131528.60,100.00,7602.85,100.00,0.00,1600.13,0.00,400.01
350.905,75968.84,9904.59,113905.06,2315944.78,125352.85,0.00,8703.73,0.00,0.00,1300.09,0.00,600.02
351.051,73753.41,5501.42,109256.81,2387786.58,138620.02,100.00,9404.36,0.00,0.00,1100.06,100.00,1700.15
351.197,78688.40,5901.63,114309.37,2366645.76,126365.01,0.00,10004.94,0.00,0.00,1200.07,0.00,2100.23
351.343,78285.45,5201.27,114915.84,2367648.10,126061.36,0.00,10505.44,0.00,0.00,900.04,0.00,1800.17
351.489,76875.27,4600.99,108852.71,2434235.99,125960.11,200.00,9604.55,0.00,0.00,2000.20,0.00,1500.12
351.635,83625.63,6401.92,120678.96,2415860.01,129604.62,0.00,10105.04,100.00,100.00,500.01,0.00,1500.12
351.781,80199.54,3700.64,115421.24,2439656.89,137910.67,0.00,10505.44,0.00,100.00,400.01,0.00,1400.10
351.927,80199.54,4000.75,122499.55,2403072.12,132237.52,200.00,7803.00,0.00,0.00,800.03,0.00,2000.21
352.073,77983.25,6401.92,108953.75,2370229.15,133047.79,0.00,7502.78,100.00,0.00,1500.11,0.00,600.02
352.219,73249.97,4300.86,112692.28,2355703.76,133554.21,100.00,9004.00,0.00,0.00,800.03,0.00,1400.10
352.365,85943.89,3600.61,114107.23,2401334.62,137910.67,0.00,9404.36,200.00,0.00,1100.06,0.00,2000.21
352.511,73652.72,2700.34,112995.46,2366654.15,132642.65,0.00,11906.99,0.00,0.00,600.02,0.00,1600.13
352.657,76975.99,5801.57,117139.82,2408041.85,138417.36,200.00,8803.82,0.00,0.00,700.03,0.00,1400.10
352.803,81005.59,3200.48,108751.69,2384645.95,127377.29,0.00,10605.55,0.00,0.00,1200.07,0.00,1300.09
352.949,80098.79,4500.95,109964.02,2317147.51,130414.68,100.00,8503.57,0.00,0.00,400.01,0.00,1100.06
353.095,77580.33,2900.39,110974.43,2383267.63,139430.80,100.00,8403.48,0.00,100.00,400.01,0.00,2400.30
353.241,74256.87,3100.45,113399.75,2324923.88,134263.30,0.00,7702.93,0.00,200.00,200.00,0.00,1500.12
353.387,78990.60,3900.71,107034.45,2380327.59,130920.96,0.00,9004.00,0.00,100.00,700.03,0.00,800.03
353.533,86145.52,3600.61,110469.22,2401234.43,140748.43,0.00,8803.82,0.00,0.00,700.03,0.00,1300.09
353.679,70229.82,4500.95,112389.10,2454825.64,130819.72,0.00,8003.16,0.00,0.00,100.00,0.00,2000.21
353.825,80804.08,2700.34,105014.52,2465817.83,131832.42,0.00,8203.32,0.00,0.00,0.00,0.00,1100.06
353.971,80300.30,2300.25,106125.43,2402453.96,132541.37,0.00,9304.27,0.00,0.00,600.02,0.00,1200.07
354.117,77983.25,2500.29,109256.81,2339733.26,137606.69,0.00,9104.09,0.00,0.00,300.00,0.00,1700.15
354.263,77681.06,3400.54,107741.52,2366194.78,138518.69,0.00,9404.36,0.00,0.00,100.00,0.00,1000.05
354.409,77580.33,3200.48,110570.24,2492997.52,133351.66,0.00,7803.00,0.00,0.00,400.01,0.00,2100.23
354.555,84129.57,3700.64,114713.67,2367372.51,138012.01,0.00,8403.48,0.00,0.00,300.00,0.00,1800.17
354.701,81811.69,2600.32,117139.82,2569257.87,134972.42,100.00,9404.36,0.00,0.00,300.00,0.00,1800.17
354.847,77378.88,2700.34,113096.54,2522115.10,123025.25,0.00,10004.94,0.00,0.00,400.01,0.00,1700.15
354.994,83121.72,2600.32,118454.24,2671010.80,144702.25,100.00,10305.24,0.00,0.00,200.00,0.00,1700.15
355.140,82315.54,2900.39,132012.06,2551775.64,147136.14,200.00,11506.53,100.00,0.00,400.01,0.00,1200.07
355.286,82718.62,3000.42,123005.31,2522825.06,141660.71,0.00,10305.24,0.00,0.00,300.00,0.00,1300.09
355.432,91893.05,2800.37,118656.48,2487534.82,133655.53,0.00,9904.84,0.00,100.00,600.02,0.00,1500.12
355.578,76975.99,2400.27,115320.14,2514363.73,137809.37,0.00,10505.44,0.00,0.00,0.00,0.00,600.02
355.724,79595.06,3600.61,117139.82,2431964.12,134060.71,200.00,9804.74,0.00,100.00,0.00,0.00,1600.13
355.870,84431.94,3700.64,121892.65,2519450.64,136086.82,0.00,9104.09,200.00,0.00,0.00,0.00,1500.12
356.016,83222.51,3400.54,114309.37,2458467.24,147541.82,0.00,9404.36,0.00,0.00,400.01,0.00,1700.15
356.162,82113.98,3300.51,120577.83,2398920.76,138924.08,0.00,8203.32,0.00,0.00,600.02,0.00,1600.13
356.308,87758.55,3500.57,121589.22,2462877.59,146121.96,100.00,9204.18,0.00,0.00,600.02,0.00,1600.13
356.454,84028.78,5301.32,122904.17,2498719.20,142268.95,0.00,8903.91,0.00,0.00,600.02,0.00,900.04
356.600,80501.81,2600.32,109155.79,2451593.02,132338.80,0.00,9704.64,0.00,0.00,1000.05,0.00,1100.06
356.746,79494.31,3100.45,117746.45,2474429.35,138924.08,100.00,10705.65,0.00,0.00,300.00,0.00,1800.17
356.892,78889.87,2500.29,115118.00,2516852.99,132541.37,0.00,8703.73,0.00,0.00,600.02,0.00,2000.21
357.038,81307.86,4300.86,109054.75,2403397.71,134769.79,0.00,11206.19,0.00,0.00,300.00,0.00,1400.10
357.184,78587.65,3400.54,101985.32,2326085.01,130920.96,0.00,8703.73,0.00,0.00,600.02,0.00,2000.21
357.330,75868.13,3100.45,111782.79,2360623.49,133554.21,0.00,10105.04,0.00,0.00,300.00,0.00,1400.10
357.476,76573.10,3600.61,110065.07,2373971.15,138518.69,0.00,8503.57,0.00,0.00,700.03,100.00,1600.13
357.622,80401.05,5401.36,104913.53,2333168.02,134871.11,0.00,8603.65,0.00,0.00,500.01,0.00,1300.09
357.768,75263.87,3200.48,111176.50,2312987.75,112405.72,200.00,8403.48,0.00,100.00,500.01,0.00,1300.09
357.914,79796.56,2900.39,114208.29,2371816.07,136796.06,0.00,6702.22,0.00,0.00,400.01,0.00,1100.06
358.060,81408.64,3300.51,101682.46,2372960.40,124441.97,0.00,9004.00,0.00,0.00,400.01,0.00,1300.09
358.206,78486.91,3500.57,107640.51,2363212.75,136086.82,0.00,9504.45,0.00,0.00,800.03,0.00,1500.12
358.352,74156.18,4801.08,110469.22,2384027.79,139025.42,100.00,8803.82,0.00,0.00,600.02,0.00,1400.10
358.498,87456.09,4500.95,114309.37,2428163.73,137910.67,100.00,7602.85,0.00,100.00,800.03,0.00,1100.06
358.644,79897.30,3600.61,102086.29,2429007.28,130009.65,200.00,8303.40,0.00,0.00,200.00,100.00,1900.19
358.790,77177.44,2900.39,102086.29,2368115.87,130009.65,0.00,5801.66,0.00,100.00,2200.25,0.00,1500.12
358.936,73249.97,3100.45,99057.93,2416962.55,136188.15,0.00,8003.16,100.00,0.00,500.01,0.00,900.04
359.082,76069.55,3400.54,101985.32,2354492.63,129705.85,100.00,10004.94,0.00,0.00,200.00,0.00,1600.13
359.228,74760.36,4100.79,102490.14,2361692.63,140444.34,0.00,7803.00,0.00,0.00,900.04,0.00,1100.06
359.374,74659.67,2600.32,107337.47,2357507.87,143384.15,0.00,9904.84,0.00,0.00,400.01,0.00,1800.17
359.520,66707.37,2000.19,97342.24,2305595.75,143688.30,100.00,10305.24,0.00,0.00,400.01,0.00,1000.05
359.666,72746.55,2900.39,100370.11,2345580.13,132946.51,0.00,8403.48,0.00,0.00,500.01,0.00,600.02
359.812,83625.63,3100.45,97140.42,2378406.50,127174.81,0.00,8303.40,0.00,0.00,600.02,0.00,1200.07
359.958,74357.56,3100.45,98957.00,2349171.93,139228.10,0.00,8303.40,0.00,200.00,700.03,0.00,1400.10
360.104,70833.77,2200.23,92600.30,2411976.03,138518.69,0.00,7702.93,0.00,0.00,400.01,0.00,1100.06
360.250,77479.61,1300.08,96635.86,2338538.92,131933.71,0.00,8903.91,0.00,0.00,900.04,0.00,1000.05
360.396,79695.81,2500.29,102591.10,2350416.46,134972.42,0.00,8403.48,0.00,100.00,300.00,0.00,1000.05
360.542,78990.60,2500.29,101379.60,2331631.11,128693.39,0.00,8303.40,0.00,0.00,400.01,0.00,1000.05
360.688,74055.49,4000.75,102086.29,2331154.93,132136.25,100.00,8903.91,0.00,0.00,1200.07,0.00,1100.06
360.834,75062.47,4400.91,100067.30,2368040.68,132034.99,0.00,8003.16,100.00,100.00,500.01,0.00,1300.09
360.980,79998.05,4901.12,98755.14,2413086.97,131123.51,200.00,8903.91,0.00,0.00,700.03,0.00,1500.12
361.127,79494.31,11005.67,97644.98,2292941.26,132136.25,200.00,10405.34,200.00,0.00,600.02,100.00,1400.10
361.273,77580.33,3800.68,92802.03,2312912.75,129604.62,100.00,7602.85,0.00,100.00,1300.09,0.00,1300.09
361.419,77580.33,6802.17,107034.45,2362168.80,137201.36,0.00,9204.18,0.00,200.00,800.03,0.00,1000.05
361.565,75364.58,4600.99,99663.53,2219587.55,131731.16,100.00,9204.18,0.00,0.00,1100.06,0.00,800.03
361.711,77378.88,3000.42,100572.01,2362160.40,128187.16,100.00,8003.16,0.00,0.00,1300.09,0.00,1700.15
361.857,75062.47,5401.36,92499.42,2411232.67,130212.15,0.00,8303.40,0.00,0.00,1000.05,0.00,1500.12
362.003,74961.76,5501.42,103903.73,2390526.23,128389.64,0.00,8403.48,0.00,0.00,500.01,0.00,1500.12
362.149,73954.79,2900.39,106630.43,2219712.94,133858.11,0.00,6702.22,0.00,0.00,300.00,0.00,1200.07
362.295,72645.88,2300.25,97241.33,2333184.82,135175.03,0.00,7702.93,0.00,0.00,1200.07,0.00,1200.07
362.441,76371.69,2100.21,102793.04,2317790.68,123126.41,0.00,7202.56,0.00,0.00,1000.05,0.00,1200.07
362.587,74961.76,3200.48,101177.69,2340409.82,128592.13,0.00,9804.74,0.00,0.00,800.03,0.00,900.04
362.733,74659.67,2500.29,106529.42,2369485.80,133351.66,100.00,11206.19,0.00,100.00,700.03,0.00,1600.13
362.879,77983.25,3500.57,97241.33,2289675.44,125656.47,0.00,9004.00,0.00,0.00,800.03,0.00,1000.05
363.025,76573.10,3600.61,104307.63,2312670.36,133351.66,0.00,8903.91,0.00,100.00,700.03,0.00,1400.10
363.171,80199.54,3400.54,100672.95,2458667.83,137910.67,100.00,8203.32,0.00,0.00,800.03,0.00,1200.07
363.317,78386.18,3100.45,104509.60,2327772.12,134972.42,0.00,9204.18,0.00,100.00,800.03,0.00,1200.07
363.463,76270.97,2900.39,101480.53,2334420.95,144398.06,0.00,8103.24,0.00,0.00,700.03,0.00,1900.19
363.609,76774.56,3900.71,100572.01,2333719.39,131528.60,100.00,9704.64,0.00,0.00,900.04,0.00,1300.09
363.755,85943.89,3100.45,108246.60,2409770.95,137910.67,200.00,8303.40,0.00,100.00,1000.05,0.00,2100.23
363.901,78587.65,4500.95,108246.60,2406688.73,126871.13,0.00,7903.08,0.00,0.00,600.02,0.00,1100.06
364.047,80602.56,3900.71,107034.45,2402019.58,136289.48,100.00,11005.97,100.00,0.00,1400.10,0.00,2100.23
364.193,75364.58,2800.37,104105.65,2362385.79,125555.25,0.00,7702.93,0.00,0.00,700.03,0.00,500.01
364.339,78083.98,3200.48,108448.64,2438195.17,132946.51,0.00,10205.14,0.00,0.00,300.00,100.00,1400.10
364.485,80098.79,3400.54,97039.50,2379609.23,131022.24,0.00,9104.09,0.00,0.00,400.01,0.00,1500.12
364.631,77278.16,3300.51,114309.37,2391319.78,135681.57,0.00,10205.14,0.00,0.00,500.01,0.00,1500.12
364.777,78990.60,4500.95,108953.75,2392271.93,130009.65,0.00,9904.84,0.00,0.00,1200.07,0.00,1300.09
364.923,80804.08,3500.57,106024.44,2330344.78,126061.36,0.00,8703.73,0.00,0.00,900.04,0.00,1400.10
365.069,79393.57,3000.42,99057.93,2414974.66,125555.25,0.00,8803.82,0.00,0.00,1400.10,0.00,1600.13
365.215,71236.43,3600.61,109155.79,2370888.92,126263.80,300.00,9404.36,0.00,0.00,400.01,0.00,1400.10
365.361,80904.83,4701.03,114309.37,2434636.97,136897.39,100.00,9304.27,0.00,0.00,800.03,100.00,1900.19
365.507,77983.25,3000.42,110065.07,2394502.20,134162.01,0.00,8803.82,0.00,0.00,500.01,0.00,1100.06
365.653,78386.18,3600.61,115421.24,2342247.51,134668.50,100.00,8803.82,0.00,0.00,800.03,0.00,2400.30
365.799,79695.81,4000.75,114107.23,2476885.02,135478.95,0.00,9804.74,0.00,200.00,700.03,0.00,1800.17
365.945,79897.30,4500.95,119869.92,2372066.65,124745.57,0.00,8303.40,0.00,0.00,300.00,0.00,1700.15
366.091,82214.75,3300.51,117948.67,2443348.88,135478.95,0.00,8503.57,0.00,100.00,700.03,0.00,2000.21
366.237,75263.87,3500.57,111782.79,2371649.08,122114.55,0.00,9404.36,0.00,0.00,600.02,0.00,1700.15
366.383,79393.57,3700.64,112389.10,2498418.42,129300.86,0.00,9004.00,0.00,0.00,400.01,0.00,1100.06
366.529,80300.30,4300.86,113905.06,2425991.85,135377.65,100.00,10004.94,0.00,0.00,500.01,0.00,1500.12
366.675,78990.60,3200.48,120375.56,2384386.97,127174.81,100.00,9304.27,0.00,0.00,1100.06,0.00,1400.10
366.821,79091.34,4701.03,125231.00,2355185.79,133047.79,0.00,9804.74,0.00,400.01,600.02,0.00,2500.32
366.967,81408.64,6101.74,125534.55,2412978.37,127377.29,0.00,10405.34,0.00,0.00,1000.05,0.00,1200.07
367.113,76069.55,5401.36,114309.37,2378481.50,131832.42,0.00,8203.32,0.00,0.00,900.04,0.00,1300.09
367.259,83625.63,6501.98,110772.33,2434135.80,121912.20,0.00,8203.32,0.00,0.00,1400.10,0.00,1700.15
367.406,81307.86,5901.63,116533.24,2420487.55,134769.79,0.00,9404.36,100.00,0.00,1200.07,100.00,1700.15
367.552,76673.84,4801.08,120274.44,2368692.24,129098.35,0.00,8203.32,0.00,0.00,800.03,0.00,1400.10
367.698,76371.69,5401.36,118858.68,2361993.22,133756.83,200.00,9504.45,100.00,0.00,600.02,0.00,1100.06
367.844,83020.95,5501.42,125332.18,2358059.23,130110.88,0.00,9204.18,0.00,0.00,1000.05,100.00,2200.25
367.990,76472.40,5701.52,112288.06,2398335.99,133756.83,0.00,11406.42,0.00,0.00,900.04,0.00,1600.13
368.136,84835.10,3600.61,109660.93,2331923.49,130718.47,100.00,9204.18,0.00,0.00,300.00,0.00,1600.13
368.282,78285.45,18315.68,116533.24,2424229.55,123328.80,0.00,8203.32,0.00,0.00,800.03,0.00,1300.09
368.428,77278.16,5401.36,118353.12,2298679.54,127174.81,100.00,7202.56,0.00,100.00,500.01,0.00,1900.19
368.574,75566.00,15110.68,120375.56,2338129.54,130414.68,0.00,10705.65,0.00,0.00,700.03,0.00,1200.07
368.720,84734.31,3100.45,112591.23,2337227.40,124239.59,0.00,8303.40,0.00,100.00,800.03,0.00,2300.27
368.866,75868.13,3900.71,113601.88,2291713.53,123834.77,0.00,9104.09,400.01,0.00,300.00,0.00,2100.23
369.012,83121.72,4901.12,118049.77,2508099.27,131528.60,0.00,9504.45,0.00,0.00,800.03,0.00,1600.13
369.158,76371.69,4300.86,122196.08,2294987.75,122013.38,200.00,8203.32,0.00,0.00,1500.11,0.00,1100.06
369.304,81408.64,10805.46,122499.55,2415333.84,365839.24,100.00,11206.19,0.00,0.00,700.03,0.00,1500.12
369.450,74458.26,5501.42,124421.60,2351761.19,123328.80,0.00,9604.55,100.00,0.00,0.00,0.00,1300.09
369.596,77076.71,3900.71,116432.13,2495185.99,128187.16,0.00,7502.78,0.00,100.00,500.01,0.00,1200.07
369.742,73350.65,4600.99,127760.73,2370922.32,132034.99,0.00,9504.45,100.00,0.00,900.04,0.00,1400.10
369.888,74055.49,5901.63,117038.72,2353841.07,131731.16,100.00,7602.85,0.00,100.00,900.04,0.00,1200.07
370.034,73854.10,5401.36,120780.09,2441352.59,127377.29,0.00,9804.74,100.00,0.00,1500.11,0.00,1600.13
370.180,85439.88,5401.36,121791.52,2450757.67,129402.11,0.00,8003.16,0.00,0.00,1000.05,0.00,1600.13
370.326,81509.40,43287.50,125736.89,2479457.67,130718.47,0.00,8903.91,0.00,0.00,600.02,0.00,1200.07
370.472,78184.72,5401.36,116634.34,2493214.70,128794.61,0.00,10105.04,0.00,100.00,700.03,0.00,1400.10
370.618,76170.27,5001.17,120072.16,2517404.16,128997.12,200.00,8803.82,0.00,0.00,200.00,100.00,1600.13
370.764,79292.83,3700.64,124219.27,2472976.03,135175.03,0.00,8403.48,0.00,100.00,500.01,0.00,1800.17
370.910,83424.07,5501.42,117342.04,2457774.08,128288.41,0.00,8503.57,0.00,100.00,1100.06,0.00,1400.10
371.056,74558.97,3000.42,118150.89,2463771.34,130515.92,0.00,10205.14,0.00,100.00,700.03,100.00,1000.05
371.202,78184.72,3300.51,140621.04,2505710.41,136694.74,200.00,9304.27,0.00,0.00,800.03,0.00,1100.06
371.348,71941.13,3400.54,126242.81,2424413.34,127579.74,0.00,8103.24,0.00,0.00,700.03,100.00,2100.23
371.494,76472.40,2700.34,124927.48,2394594.00,130515.92,100.00,8703.73,0.00,0.00,1100.06,0.00,1600.13
371.640,80703.32,2900.39,112490.16,2439631.89,134263.30,0.00,6502.09,0.00,300.00,900.04,0.00,1700.15
371.786,80199.54,4100.79,123511.11,2422300.05,136998.72,100.00,8503.57,100.00,100.00,300.00,0.00,1600.13
371.932,72947.91,4801.08,114814.75,2497817.05,134263.30,0.00,8503.57,0.00,0.00,1500.11,0.00,1900.19
372.078,76371.69,4300.86,121083.52,2444359.62,129098.35,0.00,8403.48,0.00,0.00,1000.05,0.00,1700.15
372.224,81710.91,2900.39,112288.06,2429207.67,139228.10,100.00,8103.24,0.00,0.00,1100.06,0.00,1600.13
372.370,79393.57,4000.75,125332.18,2463537.36,127984.70,100.00,7803.00,0.00,100.00,1000.05,0.00,1500.12
372.516,75767.41,4500.95,119566.53,2379943.41,127073.60,0.00,7803.00,0.00,0.00,1000.05,0.00,1400.10
372.662,77580.33,3500.57,116634.34,2385130.33,126162.59,0.00,7302.63,0.00,0.00,1100.06,0.00,1300.09
372.808,74659.67,3400.54,108549.66,2392848.30,133351.66,0.00,7702.93,100.00,0.00,600.02,0.00,2300.27
372.954,76371.69,5401.36,119667.65,2407607.48,134769.79,100.00,6902.35,0.00,0.00,1100.06,0.00,1000.05
373.100,80199.54,6201.80,124118.09,2418867.05,122418.11,0.00,7602.85,0.00,0.00,1100.06,0.00,1400.10
373.246,71941.13,6501.98,109863.00,2329843.61,131933.71,0.00,7302.63,200.00,0.00,1100.06,0.00,1200.07
373.392,77278.16,7202.43,114309.37,2419284.62,122519.28,100.00,8103.24,0.00,0.00,1100.06,0.00,1500.12
373.539,71035.10,6401.92,111681.74,2415074.86,121406.31,0.00,9704.64,0.00,0.00,300.00,0.00,1400.10
373.685,77479.61,8003.00,113399.75,2399739.31,118371.54,0.00,9304.27,0.00,100.00,1000.05,0.00,1500.12
373.831,74357.56,4300.86,111075.47,2411942.63,125858.90,0.00,9704.64,0.00,0.00,1100.06,0.00,1300.09
373.977,74961.76,6802.17,122904.17,2347292.44,134871.11,100.00,8103.24,0.00,0.00,1000.05,0.00,1700.15
374.123,72343.82,5501.42,117139.82,2330762.36,113315.54,0.00,7002.42,100.00,0.00,1000.05,0.00,1300.09
374.269,77378.88,5901.63,124421.60,2444593.41,133351.66,0.00,7502.78,0.00,100.00,2100.22,0.00,1500.12
374.415,80904.83,5801.57,110974.43,2497817.05,125858.90,0.00,7702.93,100.00,0.00,900.04,0.00,1200.07
374.561,74558.97,4600.99,114612.58,2387385.60,117966.98,0.00,9004.00,0.00,100.00,1300.09,0.00,900.04
374.707,72343.82,4801.08,110671.29,2336642.83,123834.77,0.00,8503.57,0.00,0.00,700.03,0.00,1500.12
374.853,72947.91,5701.52,113197.59,2359002.98,136998.72,0.00,8103.24,0.00,0.00,800.03,0.00,1700.15
374.999,73854.10,5001.17,117038.72,2498401.81,129705.85,0.00,10105.04,0.00,0.00,1100.06,0.00,1200.07
375.145,79796.56,3800.68,108751.69,2392564.31,126061.36,0.00,7803.00,0.00,0.00,1300.09,0.00,1400.10
375.291,78386.18,7102.36,111681.74,2397968.61,138721.39,0.00,7202.56,0.00,0.00,600.02,0.00,1200.07
375.437,74156.18,6702.10,111176.50,2390776.81,131731.16,100.00,7002.42,0.00,0.00,1300.09,0.00,1000.05
375.583,75465.29,9504.23,118555.35,2376543.80,125858.90,0.00,7002.42,0.00,0.00,800.03,0.00,1600.13
375.729,75868.13,11506.19,113601.88,2384737.75,128187.16,0.00,7903.08,0.00,100.00,1000.05,0.00,600.02
375.875,72444.51,10405.06,105620.45,2357140.29,130110.88,0.00,8303.40,0.00,100.00,600.02,0.00,900.04
376.021,77681.06,6902.23,108751.69,2537108.26,131528.60,0.00,9004.00,0.00,0.00,700.03,0.00,1100.06
376.167,72746.55,5001.17,109964.02,2415634.62,135985.50,0.00,8603.65,0.00,0.00,900.04,100.00,900.04
376.313,77177.44,5901.63,112389.10,2467012.16,125960.11,0.00,8603.65,200.00,100.00,1300.09,100.00,500.01
376.459,80703.32,4300.86,114511.51,2546371.54,142674.47,0.00,8403.48,0.00,0.00,900.04,0.00,1200.07
376.605,79998.05,5201.27,114814.75,2442714.12,131427.35,200.00,7903.08,0.00,100.00,1000.05,0.00,1000.05
376.751,71236.43,5401.36,115926.67,2451960.60,131022.24,0.00,7002.42,0.00,0.00,900.04,0.00,1900.19
376.897,76774.56,4801.08,114814.75,2414431.69,126668.69,0.00,7702.93,0.00,0.00,900.04,0.00,900.04
377.043,76875.27,5501.42,116432.13,2463721.15,130819.72,0.00,6802.28,0.00,0.00,300.00,0.00,900.04
377.189,73249.97,5501.42,112389.10,2405293.80,145716.32,100.00,8203.32,100.00,0.00,1100.06,0.00,2100.23
377.335,76774.56,5201.27,108448.64,2451651.42,126567.46,0.00,9104.09,0.00,0.00,700.03,0.00,1300.09
377.481,76573.10,4200.83,111782.79,2440559.04,132642.65,0.00,9104.09,0.00,0.00,1200.07,0.00,1400.10
377.627,78386.18,4400.91,104408.61,2501918.22,134364.60,0.00,7903.08,0.00,0.00,1200.07,0.00,800.03
377.773,75163.17,3700.64,112995.46,2489455.92,134972.42,0.00,8403.48,100.00,100.00,2600.34,0.00,1100.06
377.919,70934.44,6902.23,106832.45,2473585.80,130718.47,0.00,10605.55,0.00,0.00,600.02,0.00,1700.15
378.065,69625.89,4200.83,107539.50,2334479.35,131933.71,0.00,7702.93,100.00,0.00,700.03,100.00,1400.10
378.211,74659.67,3000.42,104105.65,2391219.58,132136.25,0.00,8003.16,0.00,0.00,400.01,0.00,1000.05
378.357,70833.77,3400.54,104812.54,2333877.98,128794.61,100.00,8703.73,0.00,0.00,800.03,0.00,1200.07
378.503,73149.29,3500.57,104610.57,2371131.11,132034.99,300.00,6101.84,0.00,0.00,600.02,0.00,1500.12
378.649,69525.23,21321.25,108751.69,2337845.56,116652.22,0.00,8703.73,0.00,0.00,700.03,0.00,700.03
378.795,74357.56,4701.03,112490.16,2336818.22,130414.68,100.00,7702.93,0.00,100.00,800.03,0.00,1000.05
378.941,73048.60,2600.32,115320.14,2333769.39,128794.61,0.00,7202.56,0.00,0.00,700.03,0.00,1700.15
379.087,68216.84,4400.91,110772.33,2362619.78,119787.65,0.00,7102.49,0.00,0.00,800.03,0.00,1600.13
379.233,70833.77,7102.36,105418.47,2312920.95,133452.93,100.00,10004.94,0.00,100.00,600.02,0.00,1800.17
379.379,70229.82,6101.74,118757.57,2424972.91,126162.59,0.00,7202.56,100.00,0.00,800.03,0.00,1600.13
379.525,69927.85,15911.84,109863.00,2347643.22,128085.93,0.00,8603.65,100.00,100.00,1000.05,0.00,1400.10
379.672,70531.78,3400.54,105014.52,2353131.11,132642.65,0.00,8403.48,0.00,0.00,600.02,0.00,1400.10
379.818,69827.19,3700.64,114006.14,2455109.63,140342.98,0.00,9104.09,0.00,0.00,600.02,0.00,1800.17
379.964,76472.40,3300.51,116432.13,2297752.40,135884.19,200.00,8903.91,0.00,0.00,300.00,0.00,1800.17
380.110,80401.05,6001.68,115825.59,2419351.42,135073.73,200.00,8203.32,0.00,0.00,800.03,100.00,1100.06
380.256,77076.71,5201.27,117544.23,2412352.01,133756.83,0.00,8403.48,0.00,0.00,400.01,100.00,700.03
380.402,75868.13,3400.54,125939.25,2500748.88,136289.48,300.00,8103.24,0.00,0.00,700.03,0.00,1300.09
380.548,79091.34,3500.57,118049.77,2499161.77,134972.42,100.00,9104.09,0.00,0.00,1100.06,0.00,1000.05
380.694,73048.60,4801.08,128874.01,2598241.85,134972.42,100.00,7202.56,0.00,0.00,800.03,0.00,1600.13
380.840,74760.36,7102.36,117342.04,2578754.94,132338.80,300.00,9004.00,0.00,0.00,500.01,0.00,1800.17
380.986,77983.25,5401.36,126445.19,2551984.43,140545.69,0.00,8803.82,0.00,0.00,800.03,0.00,1600.13
381.132,75465.29,8403.30,111782.79,2528880.92,130515.92,100.00,10205.14,0.00,0.00,400.01,0.00,1000.05
381.278,71639.12,10004.68,126344.02,2443165.09,137201.36,100.00,9804.74,0.00,0.00,700.03,0.00,1200.07
381.424,76472.40,7302.49,131607.10,2457774.08,137404.02,100.00,9404.36,100.00,0.00,600.02,0.00,1600.13
381.570,81610.16,6001.68,127153.54,2629163.73,134567.20,300.00,9704.64,0.00,100.00,500.01,0.00,1800.17
381.716,77781.80,4901.12,127659.55,2606795.18,140241.63,0.00,8703.73,100.00,0.00,1600.13,0.00,1000.05
381.862,79292.83,4600.99,123207.63,2471556.11,125150.42,100.00,8803.82,0.00,0.00,600.02,0.00,600.02
382.008,76673.84,6802.17,134644.66,2607170.96,141457.97,200.00,8703.73,0.00,0.00,400.01,0.00,2200.25
382.154,74861.07,5401.36,130088.61,2457715.68,139734.84,0.00,12307.47,100.00,0.00,800.03,0.00,1700.15
382.300,80300.30,5601.47,146195.24,2501057.87,149570.60,0.00,7602.85,0.00,0.00,500.01,0.00,1600.13
382.446,80602.56,5801.57,128570.38,2532213.53,137201.36,0.00,9804.74,100.00,200.00,800.03,0.00,1900.19
382.592,83625.63,4300.86,125939.25,2436700.05,131731.16,100.00,8803.82,0.00,0.00,400.01,0.00,2200.25
382.738,74558.97,4500.95,132214.53,2521814.51,132338.80,300.00,6902.35,0.00,0.00,300.00,0.00,2200.25
382.884,78789.13,4500.95,132417.03,2496864.90,138518.69,100.00,9204.18,0.00,0.00,900.04,0.00,2400.30
383.030,75163.17,4500.95,134948.48,2540140.29,131832.42,0.00,9004.00,0.00,0.00,600.02,0.00,1400.10
383.176,75163.17,3900.71,142647.71,2535980.72,138012.01,200.00,9004.00,0.00,0.00,1600.13,0.00,1000.05
383.322,70531.78,5001.17,129582.52,2470169.59,137302.69,100.00,9304.27,0.00,0.00,600.02,100.00,2300.27
383.468,81408.64,6501.98,139911.80,2503964.70,137809.37,200.00,11106.08,200.00,0.00,900.04,0.00,1300.09
383.614,72243.15,5301.32,128975.23,2480668.81,137302.69,0.00,9404.36,0.00,0.00,500.01,0.00,1300.09
383.760,79796.56,7702.78,126748.77,2512584.63,129098.35,400.01,8703.73,0.00,0.00,300.00,0.00,1800.17
383.906,80904.83,8103.07,132012.06,2560763.14,140849.77,400.01,8503.57,0.00,0.00,800.03,0.00,900.04
384.052,83827.20,9504.23,131505.85,2462744.00,136694.74,200.00,9604.55,0.00,0.00,800.03,0.00,1700.15
384.198,79494.31,8503.38,129380.09,2627167.44,137505.35,100.00,9804.74,0.00,0.00,200.00,0.00,1700.15
384.344,76472.40,12006.74,126040.46,2461925.45,129402.11,600.02,10004.94,0.00,0.00,700.03,0.00,1300.09
384.490,71840.45,15310.96,137176.61,2511507.09,132743.95,400.01,8803.82,100.00,0.00,400.01,0.00,1800.17
384.636,78083.98,13108.04,134138.32,2535253.96,143384.15,100.00,8603.65,0.00,0.00,700.03,0.00,1300.09
384.782,78889.87,15411.11,150251.07,2503162.75,136492.11,100.00,9204.18,0.00,0.00,300.00,0.00,1300.09
384.928,75968.84,17213.85,132518.26,2538252.60,129402.11,100.00,7903.08,0.00,0.00,600.02,0.00,1900.19
385.074,73249.97,15911.84,127963.15,2462510.02,138924.08,100.00,10205.14,0.00,0.00,500.01,0.00,1700.15
385.220,75263.87,35157.74,134948.48,2545870.37,132338.80,200.00,10905.87,100.00,0.00,700.03,0.00,1400.10
385.366,74861.07,15310.96,145282.89,2507965.68,141762.08,0.00,7803.00,0.00,0.00,1400.10,0.00,1700.15
385.512,75868.13,20018.74,141026.33,2566209.24,141052.49,300.00,9904.84,0.00,100.00,1300.09,0.00,1100.06
385.658,79192.09,19918.55,144269.28,2504983.65,135175.03,300.00,9104.09,100.00,0.00,1300.09,0.00,1100.06
385.804,72847.22,18916.73,138189.58,2514998.69,130819.72,300.00,9004.00,0.00,0.00,1300.09,0.00,1700.15
385.951,73854.10,16612.91,143458.45,2522165.29,126567.46,500.01,9204.18,0.00,0.00,600.02,0.00,1900.19
386.097,77378.88,17814.84,137277.90,2473502.20,138822.73,0.00,11106.08,100.00,0.00,1500.11,0.00,1100.06
386.243,78486.91,13108.04,142343.68,2458868.22,130819.72,0.00,10405.34,0.00,0.00,500.01,0.00,1700.15
386.389,73854.10,11606.30,141431.64,2511473.69,134263.30,200.00,8903.91,0.00,0.00,1000.05,0.00,2100.23
386.535,79595.06,11105.77,145789.76,2533257.67,136289.48,300.00,10405.34,0.00,0.00,1100.06,0.00,1100.06
386.681,77882.53,9003.79,144066.56,2446547.91,133047.79,400.01,11106.08,0.00,0.00,1700.15,0.00,2000.21
386.827,82517.09,8403.30,142546.37,2556887.56,130313.42,500.01,9104.09,200.00,0.00,1500.11,0.00,900.04
386.973,77177.44,10104.78,136265.04,2515123.88,133351.66,300.00,9704.64,100.00,0.00,1100.06,0.00,1700.15
387.119,74861.07,9003.79,134948.48,2491652.79,126972.37,400.01,10205.14,0.00,100.00,300.00,0.00,1700.15
387.264,76170.27,9003.79,136062.47,2478898.10,132642.65,200.00,10105.04,100.00,0.00,600.02,0.00,1000.05
387.411,74458.26,12607.43,146904.90,2459979.16,135580.26,600.02,12007.11,0.00,0.00,1100.06,0.00,1700.15
387.557,75868.13,20720.07,139709.20,2340952.79,130819.72,0.00,10105.04,0.00,200.00,800.03,0.00,1500.12
387.703,80602.56,28738.60,137176.61,2397425.64,125757.69,300.00,9904.84,200.00,200.00,700.03,0.00,1500.12
387.849,73954.79,41681.14,149845.39,2456245.56,133554.21,200.00,10405.34,300.00,0.00,600.02,0.00,1900.19
387.995,75062.47,62180.40,138797.39,2433927.01,131123.51,200.00,10705.65,400.01,200.00,500.01,0.00,2300.27
388.141,75364.58,69726.76,145485.65,2378657.08,123227.62,400.01,8903.91,200.00,400.01,800.03,0.00,2200.25
388.287,73451.34,79192.38,135859.93,2367556.30,126365.01,200.00,9704.64,100.00,400.01,500.01,0.00,1900.19
388.433,76875.27,92397.76,131202.15,2341737.94,131731.16,100.00,8803.82,300.00,100.00,1000.05,0.00,2000.21
388.579,77479.61,96735.91,151366.65,2389799.47,136086.82,100.00,8603.65,400.01,300.00,1400.10,0.00,1700.15
388.725,78587.65,101580.56,143154.42,2351711.19,130515.92,500.01,9204.18,500.01,500.01,1000.05,0.00,1600.13
388.871,80804.08,102792.07,147209.06,2350466.46,131933.71,400.01,8203.32,200.00,300.00,800.03,0.00,2000.21
389.017,78083.98,94617.07,142647.71,2430669.39,133959.41,600.02,9304.27,200.00,600.02,500.01,0.00,2600.35
389.163,79494.31,94011.76,146499.37,2494450.84,132237.52,300.00,9804.74,500.01,400.01,1600.13,200.00,2300.27
389.309,78386.18,76170.52,147513.20,2456754.94,133452.93,200.00,10004.94,100.00,400.01,600.02,0.00,2200.25
389.455,70431.14,69122.85,150352.46,2501375.25,132642.65,100.00,11906.99,200.00,400.01,1100.06,0.00,2200.25
389.601,79595.06,46902.71,159483.66,2628244.98,135276.35,500.01,11506.53,200.00,0.00,1700.15,0.00,2700.38
389.747,74055.49,29741.34,156946.45,2452027.40,130212.15,100.00,7803.00,100.00,100.00,300.00,0.00,2300.27
389.893,71337.10,22724.14,144978.80,2403147.12,129300.86,0.00,8603.65,100.00,0.00,800.03,0.00,1400.10
390.039,74558.97,18916.73,148831.34,2533316.07,119079.57,100.00,9604.55,0.00,0.00,500.01,100.00,1200.07
390.185,79897.30,13909.05,148222.94,2524103.18,127883.45,300.00,11806.87,0.00,200.00,1300.09,0.00,1900.19
390.331,75062.47,13608.66,150960.97,2364248.49,135478.95,200.00,9904.84,0.00,0.00,800.03,0.00,2200.25
390.477,76573.10,10104.78,142242.32,2474278.96,133756.83,100.00,11106.08,100.00,200.00,700.03,0.00,1500.12
390.623,78083.98,10405.06,148831.34,2332366.26,126769.91,0.00,9404.36,100.00,0.00,400.01,100.00,1200.07
390.769,71739.78,9304.05,142546.37,2355052.20,128288.41,100.00,9604.55,0.00,100.00,600.02,0.00,1000.05
390.915,67009.25,9203.96,139101.31,2391520.17,127680.97,200.00,11406.42,0.00,0.00,1200.07,0.00,2000.21
391.061,75666.71,10104.78,149034.13,2369869.97,125858.90,200.00,10705.65,100.00,100.00,600.02,0.00,2000.21
391.207,70934.44,7602.70,135252.27,2442313.14,123632.39,300.00,9204.18,0.00,0.00,500.01,0.00,1600.13
391.353,75868.13,9604.31,144978.80,2483467.05,124239.59,400.01,8303.40,0.00,0.00,500.01,0.00,1100.06
391.499,73249.97,9304.05,140317.08,2374940.09,128997.12,400.01,10004.94,100.00,0.00,1000.05,0.00,1700.15
391.645,71840.45,6802.17,145181.56,2323061.18,126466.24,500.01,10105.04,100.00,0.00,500.01,0.00,1000.05
391.791,67814.30,9404.14,144877.43,2348745.95,134060.71,200.00,9704.64,0.00,0.00,400.01,0.00,1600.13
391.937,72847.22,6001.68,147716.01,2367455.91,122316.92,300.00,8503.57,0.00,0.00,700.03,0.00,2600.35
392.084,70833.77,6001.68,151772.34,2389014.31,130920.96,100.00,10105.04,0.00,100.00,700.03,0.00,800.03
392.230,76975.99,6501.98,155322.94,2444677.01,130920.96,200.00,9204.18,0.00,0.00,300.00,0.00,1900.19
392.376,70129.15,5101.22,147918.78,2427679.16,131022.24,600.02,10405.34,0.00,0.00,300.00,0.00,1100.06
392.522,76371.69,4600.99,140925.03,2369803.18,132237.52,100.00,9404.36,0.00,0.00,100.00,0.00,2000.21
392.668,73652.72,5601.47,139607.86,2451284.04,134972.42,0.00,10905.87,0.00,0.00,300.00,0.00,2600.35
392.814,77479.61,4600.99,136670.18,2286008.45,129604.62,300.00,9304.27,0.00,0.00,300.00,100.00,1600.13
392.960,72847.22,5101.22,143458.45,2376694.19,124239.59,200.00,9204.18,0.00,0.00,1000.05,0.00,1000.05
393.106,69726.53,6201.80,138999.99,2394752.79,127276.03,300.00,7903.08,0.00,0.00,800.03,0.00,1300.09
393.252,69927.85,6201.80,132113.28,2410380.72,126263.80,0.00,9004.00,0.00,0.00,600.02,0.00,2000.21
393.398,73048.60,7702.78,136568.89,2454792.05,127984.70,500.01,9404.36,0.00,0.00,300.00,0.00,1600.13
393.544,64493.86,6001.68,139506.55,2455811.19,132845.22,200.00,11005.97,0.00,0.00,900.04,0.00,1400.10
393.690,71236.43,6401.92,133024.51,2424187.75,131427.35,400.01,8403.48,0.00,0.00,400.01,0.00,1600.13
393.836,72645.88,4901.12,141634.32,2435823.10,139633.50,400.01,11106.08,0.00,0.00,300.00,0.00,600.02
393.982,71739.78,4801.08,135252.27,2359896.73,134668.50,400.01,9804.74,0.00,100.00,200.00,0.00,1300.09
394.128,70129.15,4000.75,121690.36,2442989.70,130212.15,300.00,9604.55,0.00,0.00,800.03,0.00,1100.06
394.274,75364.58,5201.27,135150.98,2425616.07,126466.24,400.01,9104.09,0.00,0.00,700.03,0.00,1800.17
394.420,68418.13,4400.91,131202.15,2436633.26,136188.15,500.01,9904.84,0.00,0.00,600.02,0.00,900.04
394.566,82113.98,5201.27,135353.54,2511340.10,137100.03,100.00,11506.53,100.00,0.00,300.00,0.00,1600.13
394.712,77983.25,5101.22,129886.18,2479182.09,136796.06,100.00,10505.44,0.00,0.00,300.00,0.00,800.03
394.858,70733.11,5101.22,138594.78,2489380.72,138924.08,0.00,8503.57,0.00,0.00,200.00,0.00,1700.15
395.004,80300.30,7402.56,138898.70,2535988.92,134263.30,200.00,8903.91,0.00,100.00,500.01,0.00,2200.25
395.150,69021.98,7002.29,143154.42,2367213.72,122418.11,400.01,9804.74,100.00,0.00,600.02,0.00,1100.06
395.296,72645.88,5801.57,132315.77,2490566.85,134972.42,0.00,11506.53,0.00,0.00,1100.06,0.00,1600.13
395.442,72545.19,6501.98,135454.82,2462744.00,134871.11,0.00,9604.55,0.00,0.00,800.03,100.00,1300.09
395.588,75465.29,6301.86,135556.09,2483174.66,145310.67,300.00,11306.30,0.00,0.00,600.02,0.00,1600.13
395.734,70833.77,6201.80,135859.93,2411115.68,136796.06,300.00,9604.55,0.00,0.00,500.01,0.00,1700.15
395.880,73552.03,4600.99,138797.39,2413521.34,137201.36,0.00,9504.45,0.00,0.00,400.01,0.00,1300.09
396.026,74861.07,3900.71,127052.36,2458175.05,133351.66,200.00,8003.16,0.00,0.00,100.00,0.00,1500.12
396.172,87657.73,5301.32,129076.44,2603621.15,132642.65,300.00,8203.32,0.00,0.00,800.03,0.00,900.04
396.318,73249.97,6101.74,135049.73,2565256.89,128389.64,200.00,10405.34,0.00,0.00,700.03,100.00,900.04
396.464,76371.69,5201.27,134037.06,2533867.44,135782.89,100.00,9704.64,0.00,0.00,400.01,0.00,1500.12
396.610,72746.55,6001.68,125736.89,2406730.52,139228.10,100.00,9404.36,0.00,0.00,400.01,0.00,1600.13
396.756,77681.06,5501.42,135353.54,2541702.21,149976.38,600.02,7502.78,0.00,0.00,700.03,0.00,1000.05
396.902,76573.10,8003.00,127659.55,2570669.59,143688.30,300.00,11606.64,100.00,100.00,1100.06,0.00,1500.12
397.048,78486.91,4801.08,138999.99,2665314.32,137606.69,500.01,9704.64,100.00,0.00,500.01,0.00,1500.12
397.194,75566.00,6101.74,147209.06,2519200.06,134972.42,300.00,9104.09,0.00,0.00,500.01,0.00,1700.15
397.340,72847.22,23225.21,131404.62,2559468.61,136390.77,200.00,7903.08,0.00,0.00,100.00,0.00,1100.06
397.486,75465.29,5001.17,139202.62,2431596.54,124441.97,0.00,10105.04,0.00,0.00,400.01,0.00,1100.06
397.632,77681.06,4600.99,128975.23,2395186.97,133149.09,400.01,8003.16,0.00,100.00,600.02,100.00,1200.07
397.778,73249.97,4100.79,135049.73,2450741.07,133858.11,300.00,9804.74,100.00,0.00,600.02,0.00,1400.10
397.924,74760.36,3900.71,122600.71,2550907.09,131022.24,500.01,9904.84,0.00,0.00,1300.09,0.00,1400.10
398.070,85137.49,4500.95,131404.62,2508107.67,137100.03,200.00,9304.27,0.00,0.00,700.03,0.00,1800.17
398.217,81005.59,7402.56,135353.54,2455911.38,144499.47,100.00,9304.27,0.00,0.00,600.02,100.00,1000.05
398.363,76875.27,7702.78,129683.74,2596512.95,137201.36,200.00,10105.04,0.00,0.00,400.01,0.00,1400.10
398.509,80300.30,9604.31,132113.28,2496313.53,132338.80,200.00,10505.44,0.00,0.00,500.01,0.00,1200.07
398.655,77378.88,6301.86,134948.48,2448452.40,138822.73,200.00,9504.45,100.00,0.00,1000.05,0.00,1800.17
398.801,85238.29,6201.80,135556.09,2545928.77,142471.70,300.00,7803.00,0.00,0.00,1100.06,0.00,1000.05
398.947,78486.91,8103.07,124219.27,2550806.70,140951.14,600.02,8803.82,0.00,0.00,1000.05,0.00,1100.06
399.093,83323.29,8703.54,126141.65,2480885.99,143688.30,0.00,10605.55,0.00,0.00,1300.09,0.00,1700.15
399.239,80098.79,10605.26,125534.55,2484886.97,130819.72,200.00,9004.00,0.00,100.00,1700.15,0.00,2000.21
399.385,79595.06,14910.40,132619.51,2492329.35,133655.53,200.00,7903.08,0.00,100.00,1200.07,100.00,1700.15
399.531,81005.59,18415.86,130797.21,2534786.19,136492.11,300.00,8503.57,0.00,0.00,700.03,0.00,1100.06
399.677,78184.72,7902.92,135859.93,2525088.73,141559.35,500.01,9404.36,0.00,0.00,1300.09,0.00,900.04
399.823,80300.30,7502.63,130392.29,2518774.08,139329.46,200.00,9704.64,0.00,100.00,500.01,0.00,2400.30
399.969,70531.78,4801.08,124623.94,2486398.88,132743.95,0.00,10505.44,0.00,0.00,600.02,0.00,1600.13
400.115,75062.47,5501.42,124421.60,2416411.38,135276.35,500.01,8303.40,0.00,100.00,800.03,0.00,1500.12
400.261,74659.67,4400.91,124826.30,2547415.49,133655.53,200.00,8003.16,0.00,0.00,600.02,0.00,2100.23
400.407,76774.56,5901.63,121285.78,2515316.07,128288.41,100.00,9404.36,100.00,0.00,300.00,0.00,1000.05
400.553,78486.91,5301.32,136163.78,2447283.06,136086.82,0.00,9804.74,0.00,100.00,500.01,0.00,1600.13
400.699,78789.13,4500.95,121589.22,2416803.96,129098.35,200.00,8203.32,0.00,700.02,300.00,0.00,1500.12
400.845,77076.71,5301.32,128975.23,2452010.60,135985.50,300.00,8203.32,0.00,0.00,500.01,0.00,1500.12
400.991,79494.31,6101.74,127963.15,2471121.73,126162.59,200.00,8503.57,0.00,0.00,1300.09,0.00,1600.13
401.137,83726.43,4901.12,133632.03,2466853.57,132136.25,200.00,8003.16,0.00,0.00,400.01,0.00,1300.09
401.283,71639.12,5001.17,126647.59,2522140.29,130920.96,300.00,9004.00,0.00,0.00,800.03,0.00,1200.07
401.429,79192.09,5501.42,129278.87,2507673.30,133655.53,200.00,9504.45,0.00,0.00,1200.07,0.00,1400.10
401.575,76069.55,5201.27,127861.93,2489497.71,125757.69,0.00,8303.40,0.00,100.00,800.03,0.00,2200.25
401.721,74760.36,5901.63,133024.51,2521814.51,145310.67,200.00,7402.70,0.00,0.00,1300.09,0.00,1200.07
401.867,78486.91,4801.08,126951.17,2472224.27,133858.11,100.00,8903.91,0.00,0.00,1900.18,0.00,1600.13
402.013,77781.80,6001.68,135252.27,2455602.40,134871.11,300.00,8903.91,0.00,0.00,500.01,0.00,2000.21
402.159,71135.77,6501.98,135961.20,2492905.72,133959.41,400.01,8703.73,0.00,100.00,900.04,200.00,1000.05
402.305,76975.99,8003.00,128671.58,2531077.60,119787.65,100.00,9204.18,0.00,0.00,900.04,0.00,1300.09
402.451,83625.63,4901.12,127963.15,2466510.99,129908.38,200.00,8703.73,0.00,0.00,400.01,0.00,1600.13
402.597,79192.09,7002.29,129886.18,2509803.18,134668.50,400.01,9904.84,0.00,0.00,2700.37,0.00,1600.13
402.743,75465.29,5901.63,136670.18,2554582.28,136694.74,100.00,11206.19,0.00,0.00,500.01,0.00,2000.21
402.889,76975.99,5401.36,136062.47,2524662.75,135884.19,100.00,7702.93,0.00,100.00,400.01,0.00,1800.17
403.035,77479.61,7302.49,130291.07,2411992.83,118877.26,300.00,8203.32,0.00,0.00,800.03,0.00,1200.07
403.181,77378.88,6401.92,128469.17,2531762.56,123632.39,700.02,9004.00,100.00,0.00,500.01,0.00,1300.09
403.327,78486.91,6301.86,129784.95,2491193.42,129300.86,200.00,9104.09,0.00,0.00,1000.05,0.00,1500.12
403.473,74357.56,7202.43,135657.38,2515148.88,129300.86,400.01,8003.16,0.00,0.00,100.00,0.00,1200.07
403.619,78688.40,5801.57,136366.31,2457765.68,122013.38,100.00,10105.04,0.00,0.00,800.03,0.00,1700.15
403.765,79091.34,5501.42,135252.27,2474287.36,133250.37,0.00,10405.34,0.00,0.00,500.01,0.00,1200.07
403.911,81207.11,5301.32,132113.28,2443808.26,127276.03,900.04,10405.34,100.00,0.00,500.01,0.00,1500.12
404.057,79897.30,4000.75,134340.88,2433417.44,128187.16,200.00,9304.27,0.00,0.00,500.01,0.00,2000.21
404.203,79292.83,5301.32,135859.93,2453539.31,133250.37,300.00,10405.34,0.00,0.00,300.00,0.00,1900.19
404.349,79695.81,5101.22,130392.29,2468156.50,122822.85,100.00,10205.14,0.00,0.00,600.02,0.00,1700.15
404.496,74861.07,4500.95,142850.38,2445069.59,128187.16,200.00,10405.34,100.00,0.00,600.02,0.00,2300.27
404.642,78486.91,6301.86,129481.30,2421823.88,122519.28,400.01,8803.82,0.00,0.00,1000.05,0.00,1100.06
404.788,79393.57,3800.68,140823.68,2512334.04,135478.95,200.00,9204.18,0.00,0.00,300.00,100.00,2000.21
404.934,81811.69,4300.86,134847.17,2534794.59,128288.41,100.00,9304.27,100.00,0.00,600.02,0.00,2300.27
405.080,79897.30,3000.42,133935.79,2498986.38,126061.36,100.00,11606.64,0.00,0.00,900.04,0.00,1700.15
405.226,81005.59,4701.03,140621.04,2503379.94,123733.57,300.00,10405.34,0.00,0.00,1200.07,0.00,1100.06
405.372,80300.30,5201.27,138999.99,2507289.12,122013.38,700.02,11106.08,0.00,0.00,1500.11,0.00,1000.05
405.518,79192.09,5701.52,131708.33,2528154.16,128389.64,0.00,9904.84,0.00,0.00,700.03,0.00,1700.15
405.664,72545.19,5301.32,140215.75,2479215.49,130414.68,200.00,10004.94,0.00,0.00,1200.07,0.00,1300.09
405.810,78688.40,5701.52,142039.68,2385873.69,129604.62,300.00,10905.87,0.00,0.00,1100.06,0.00,2200.25
405.956,73753.41,5301.32,137075.33,2460338.34,125454.07,100.00,11606.64,0.00,0.00,900.04,0.00,1000.05
406.102,81207.11,5501.42,135556.09,2511941.46,128389.64,300.00,9304.27,100.00,0.00,1100.06,100.00,1100.06
406.248,77479.61,6602.04,139607.86,2574186.00,129705.85,400.01,8503.57,200.00,0.00,1300.09,0.00,1400.10
406.394,90178.55,5301.32,129481.30,2440199.86,128085.93,200.00,11606.64,100.00,0.00,1300.09,0.00,1500.12
406.540,84331.14,6602.04,127963.15,2502185.60,130212.15,200.00,8403.48,0.00,0.00,1300.09,0.00,1700.15
406.686,84028.78,8403.30,142951.72,2494860.21,128693.39,0.00,9804.74,0.00,0.00,900.04,0.00,1700.15
406.832,72746.55,6602.04,128064.35,2419660.60,136593.44,400.01,9004.00,0.00,0.00,600.02,0.00,2000.21
406.978,82315.54,6702.10,120678.96,2491026.23,128693.39,100.00,11506.53,0.00,0.00,1200.07,0.00,900.04
407.124,79897.30,5501.42,149338.36,2542537.56,134769.79,100.00,12507.71,0.00,0.00,700.03,0.00,1000.05
407.270,85439.88,4100.79,140114.44,2567152.99,127276.03,300.00,9904.84,0.00,0.00,400.01,0.00,1600.13
407.416,75263.87,5201.27,124118.09,2542529.16,129300.86,400.01,9704.64,0.00,0.00,1100.06,100.00,1700.15
407.562,76774.56,4200.83,135556.09,2476459.04,125454.07,100.00,10605.55,0.00,100.00,1600.13,0.00,2500.32
407.708,80199.54,5401.36,127659.55,2412802.98,125960.11,0.00,8703.73,100.00,100.00,700.03,0.00,2100.23
407.854,75364.58,3400.54,130291.07,2389599.08,129402.11,300.00,10805.76,100.00,0.00,500.01,0.00,2000.21
408.000,76875.27,4300.86,130088.61,2410631.30,132237.52,300.00,9404.36,0.00,0.00,600.02,0.00,1200.07
408.146,76975.99,3800.68,128367.95,2515148.88,131731.16,100.00,10605.55,0.00,0.00,1000.05,0.00,1700.15
408.292,76975.99,4100.79,127355.95,2538194.20,134465.91,0.00,9204.18,0.00,0.00,500.01,0.00,2100.23
408.438,83726.43,3100.45,128975.23,2608131.50,131731.16,200.00,10004.94,0.00,0.00,700.03,0.00,1500.12
408.584,74055.49,4500.95,128064.35,2379341.85,127073.60,0.00,9904.84,100.00,0.00,900.04,0.00,1800.17
408.730,77378.88,5201.27,132822.00,2376401.81,134060.71,200.00,9804.74,0.00,200.00,1100.06,0.00,1800.17
408.876,69323.93,4200.83,133429.50,2376326.62,134060.71,100.00,7903.08,0.00,0.00,300.00,0.00,900.04
409.022,76371.69,5001.17,129076.44,2414924.47,129705.85,200.00,8603.65,0.00,0.00,900.04,0.00,1300.09
409.168,75566.00,4000.75,121690.36,2403932.28,129807.11,0.00,10205.14,0.00,0.00,100.00,0.00,1400.10
409.314,75163.17,6501.98,124522.78,2521630.72,128389.64,200.00,11005.97,0.00,0.00,1300.09,0.00,1900.19
409.460,78990.60,5701.52,122701.86,2421857.28,134465.91,200.00,11306.30,0.00,100.00,900.04,0.00,1300.09
409.606,75163.17,5301.32,120173.29,2423344.19,130617.19,300.00,9404.36,0.00,0.00,1200.07,0.00,900.04
409.752,72847.22,3700.64,131202.15,2479056.89,137404.02,200.00,8903.91,0.00,0.00,1400.10,0.00,2000.21
409.898,75767.41,3700.64,122499.55,2423502.79,135175.03,600.02,9104.09,0.00,100.00,1000.05,0.00,1500.12
410.044,74357.56,5501.42,117342.04,2370730.33,126972.37,100.00,9104.09,0.00,100.00,2000.20,0.00,1400.10
410.190,77378.88,6602.04,131404.62,2466769.98,134162.01,0.00,8903.91,0.00,0.00,1300.09,0.00,600.02
410.336,80199.54,4400.91,124118.09,2515332.67,133858.11,100.00,10305.24,300.00,0.00,800.03,0.00,1000.05
410.482,71639.12,4200.83,122398.40,2375449.47,129402.11,500.01,11005.97,0.00,100.00,1300.09,0.00,1100.06
410.629,77479.61,9003.79,124421.60,2431354.35,126668.69,300.00,9904.84,0.00,0.00,1200.07,0.00,1100.06
410.775,72545.19,3500.57,120476.70,2377946.93,140849.77,0.00,9004.00,0.00,100.00,500.01,0.00,900.04
410.921,78083.98,4701.03,134239.58,2480100.84,140140.27,300.00,8803.82,0.00,100.00,800.03,0.00,1500.12
411.067,73854.10,4000.75,121184.65,2441143.80,134567.20,100.00,10004.94,0.00,0.00,500.01,0.00,900.04
411.213,76371.69,6802.17,133328.27,2420086.58,136188.15,100.00,10305.24,0.00,0.00,1300.09,0.00,1900.19
411.359,74256.87,3700.64,125231.00,2388053.76,128895.86,100.00,8603.65,0.00,0.00,1800.17,0.00,1700.15
411.505,74861.07,5601.47,137986.97,2371390.09,127174.81,100.00,10405.34,200.00,100.00,1200.07,0.00,1300.09
411.651,73350.65,5101.22,128671.58,2385255.72,124441.97,200.00,9804.74,200.00,0.00,700.03,0.00,1000.05
411.797,76573.10,3600.61,118858.68,2414857.67,130414.68,400.01,10305.24,0.00,100.00,1300.09,0.00,2200.25
411.943,75263.87,4000.75,124725.11,2454441.27,126365.01,100.00,9604.55,0.00,0.00,1200.07,0.00,2000.21
412.089,73753.41,4500.95,137885.66,2362661.58,128693.39,200.00,8103.24,0.00,0.00,500.01,0.00,1200.07
412.235,76975.99,4600.99,136670.18,2442480.13,132642.65,400.01,9104.09,0.00,100.00,900.04,0.00,1500.12
412.381,73854.10,3900.71,128469.17,2364423.88,127984.70,200.00,11206.19,200.00,100.00,1400.10,0.00,1300.09
412.527,76270.97,4701.03,125939.25,2414440.09,127579.74,200.00,8103.24,0.00,0.00,800.03,0.00,2200.25
412.673,77177.44,4200.83,127861.93,2504941.85,124948.00,300.00,10205.14,1200.07,100.00,600.02,0.00,800.03
412.819,69525.23,3600.61,122297.24,2348704.15,124644.38,0.00,9904.84,0.00,0.00,200.00,0.00,1300.09
412.965,72142.48,4500.95,125332.18,2287328.18,126769.91,200.00,8003.16,0.00,0.00,700.03,0.00,1300.09
413.111,75566.00,3600.61,121184.65,2320020.75,122721.66,200.00,9704.64,200.00,0.00,500.01,0.00,1800.17
413.256,74861.07,5401.36,118656.48,2403673.49,125960.11,0.00,9304.27,200.00,0.00,700.03,0.00,1400.10
413.402,75465.29,3400.54,130797.21,2376735.80,126162.59,700.02,8703.73,0.00,0.00,500.01,0.00,1100.06
413.548,75566.00,4000.75,117645.35,2443181.89,133554.21,0.00,9504.45,0.00,0.00,700.03,0.00,1500.12
413.694,72243.15,5501.42,128469.17,2460881.31,123531.18,300.00,11406.42,0.00,0.00,300.00,0.00,1100.06
413.840,75767.41,8303.23,120072.16,2341904.94,120698.12,200.00,9404.36,0.00,0.00,1000.05,0.00,1100.06
413.986,76371.69,4801.08,126951.17,2359236.97,127782.21,300.00,8403.48,0.00,0.00,300.00,0.00,2000.21
414.132,79796.56,3700.64,127355.95,2365367.83,133149.09,100.00,12507.71,0.00,100.00,1000.05,0.00,1500.12
414.278,77681.06,8103.07,123814.60,2490282.87,130110.88,200.00,10205.14,0.00,100.00,600.02,0.00,1800.17
414.424,76774.56,6902.23,127861.93,2409369.98,126668.69,100.00,8103.24,0.00,0.00,900.04,0.00,1100.06
414.570,71035.10,4600.99,116432.13,2395220.37,129199.61,200.00,9404.36,100.00,0.00,300.00,0.00,1400.10
414.716,78789.13,5201.27,120577.83,2363597.12,127782.21,400.01,11306.30,100.00,0.00,800.03,0.00,1300.09
414.862,76472.40,5501.42,120173.29,2398077.01,131832.42,100.00,10805.76,0.00,0.00,1000.05,0.00,800.03
415.008,73451.34,4801.08,136062.47,2461248.88,152614.43,500.01,9004.00,0.00,0.00,1600.13,0.00,1700.15
415.154,69625.89,7202.43,123005.31,2320530.33,132237.52,500.01,8403.48,0.00,100.00,1000.05,0.00,800.03
415.300,78587.65,4901.12,122297.24,2486206.70,137910.67,100.00,8903.91,0.00,0.00,400.01,0.00,1700.15
415.446,84230.35,3900.71,125939.25,2429917.63,137809.37,0.00,9604.55,100.00,0.00,700.03,100.00,800.03
415.592,76774.56,3700.64,120274.44,2458433.84,129604.62,100.00,10505.44,0.00,0.00,500.01,100.00,1000.05
415.738,74458.26,3200.48,118251.98,2446973.88,123227.62,300.00,9204.18,0.00,0.00,800.03,0.00,1600.13
415.884,73048.60,4200.83,130493.53,2471313.92,132440.10,300.00,9604.55,0.00,200.00,1100.06,100.00,1700.15
416.030,72947.91,5101.22,122297.24,2389557.28,123733.57,500.01,9704.64,100.00,0.00,1200.07,0.00,1000.05
416.176,69726.53,13208.16,126951.17,2363187.75,125555.25,100.00,8703.73,0.00,0.00,1200.07,0.00,1300.09
416.322,77378.88,7102.36,122701.86,2382323.88,125454.07,200.00,9304.27,0.00,0.00,1100.06,0.00,1500.12
416.468,69424.59,9504.23,120072.16,2344686.38,127984.70,400.01,10805.76,0.00,100.00,600.02,0.00,1400.10
416.614,81610.16,5701.52,130088.61,2412326.81,126365.01,400.01,10705.65,0.00,0.00,600.02,0.00,1700.15
416.761,78386.18,5101.22,123713.44,2464213.92,127478.51,100.00,8403.48,0.00,100.00,1600.13,0.00,1000.05
416.907,71035.10,6101.74,126344.02,2461532.87,128693.39,600.02,8203.32,0.00,0.00,900.04,0.00,1000.05
417.053,74256.87,4901.12,131809.56,2354066.65,125656.47,0.00,11706.76,0.00,0.00,900.04,0.00,1400.10
417.199,78083.98,4600.99,127861.93,2431020.17,128592.13,600.02,10105.04,0.00,0.00,1400.10,0.00,1200.07
417.345,72343.82,4000.75,134239.58,2370387.75,126567.46,0.00,7803.00,0.00,100.00,1300.09,100.00,1100.06
417.491,73652.72,4300.86,122803.02,2290151.42,121305.13,600.02,8503.57,0.00,0.00,700.03,0.00,1300.09
417.637,79091.34,3200.48,122904.17,2433743.22,118776.13,600.02,8503.57,0.00,0.00,600.02,0.00,1700.15
417.783,80098.79,3800.68,117847.56,2423193.80,116348.86,400.01,10405.34,0.00,0.00,600.02,0.00,1200.07
417.929,76573.10,4500.95,124219.27,2501918.22,128490.87,600.02,11206.19,0.00,100.00,900.04,0.00,1200.07
418.075,82416.31,3900.71,117948.67,2428280.52,124745.57,0.00,11806.87,100.00,0.00,300.00,0.00,1600.13
418.221,81912.47,7902.92,131202.15,2478204.74,133655.53,100.00,11005.97,0.00,0.00,700.03,0.00,1100.06
418.367,78789.13,3000.42,133328.27,2416670.37,134567.20,100.00,9004.00,0.00,100.00,700.03,0.00,1400.10
418.513,79091.34,4100.79,135252.27,2492279.16,130110.88,300.00,8903.91,0.00,0.00,1100.06,0.00,2000.21
418.659,78386.18,4701.03,128874.01,2546196.15,130313.42,200.00,7202.56,0.00,0.00,600.02,0.00,1600.13
418.805,75666.71,3900.71,131910.82,2609067.05,122114.55,200.00,9304.27,0.00,100.00,1000.05,0.00,1100.06
418.951,78990.60,4901.12,132315.77,2527210.21,132743.95,100.00,8703.73,0.00,0.00,500.01,0.00,1400.10
419.097,77781.80,4500.95,134847.17,2549169.59,129300.86,400.01,8203.32,0.00,0.00,1500.11,0.00,1300.09
419.243,79695.81,4100.79,130898.45,2533349.47,130920.96,100.00,10205.14,0.00,0.00,1400.10,0.00,800.03
419.389,78789.13,4300.86,143458.45,2586631.70,134465.91,100.00,8803.82,0.00,0.00,600.02,0.00,1600.13
419.535,82718.62,3600.61,127861.93,2529114.70,119989.97,200.00,9204.18,0.00,0.00,900.04,0.00,3000.47
419.681,74055.49,2300.25,136163.78,2554640.68,130009.65,200.00,10705.65,41886.46,0.00,500.01,0.00,700.03
419.827,75465.29,2700.34,122398.40,2521012.56,121912.20,100.00,7803.00,0.00,0.00,500.01,100.00,2000.21
419.973,82819.40,3100.45,131303.36,2493122.91,122215.74,0.00,10405.34,0.00,100.00,900.04,0.00,1200.07
420.119,77479.61,3200.48,135150.98,2605383.46,126668.69,100.00,10905.87,100.00,0.00,200.00,0.00,2100.23
420.265,80501.81,3200.48,123308.78,2459285.99,123632.39,0.00,8303.40,0.00,0.00,1000.05,0.00,1100.06
420.411,79695.81,2300.25,150453.86,2536565.29,130718.47,0.00,10605.55,0.00,100.00,1100.06,0.00,800.03
420.557,82517.09,2200.23,131505.85,2505952.60,128085.93,0.00,8903.91,0.00,0.00,1000.05,0.00,2000.21
420.703,81710.91,8203.15,131404.62,2535003.38,123834.77,200.00,9504.45,100.00,100.00,1300.09,0.00,2100.23
420.849,77580.33,4400.91,137277.90,2565992.05,124846.80,100.00,11106.08,100.00,0.00,1000.05,0.00,1800.17
420.995,78486.91,2600.32,130291.07,2543999.28,130718.47,100.00,7502.78,0.00,200.00,400.01,0.00,2000.21
421.141,77580.33,3200.48,136265.04,2575288.53,129402.11,200.00,9604.55,100.00,0.00,400.01,0.00,2400.30
421.287,81005.59,2700.34,137581.79,2587575.45,137302.69,100.00,9004.00,0.00,0.00,600.02,0.00,1600.13
421.433,77177.44,4801.08,133024.51,2547900.06,133959.41,200.00,9304.27,100.00,100.00,1100.06,0.00,1300.09
421.579,78486.91,2900.39,137784.38,2601892.05,129199.61,300.00,7602.85,0.00,0.00,1400.10,0.00,1900.19
421.725,81509.40,3500.57,129582.52,2673015.49,133756.83,100.00,8203.32,0.00,0.00,1200.07,0.00,1500.12
421.871,80703.32,3900.71,126141.65,2622147.52,130212.15,200.00,7903.08,0.00,0.00,1400.10,0.00,1100.06
422.017,77278.16,3100.45,129886.18,2651774.47,131629.87,0.00,9004.00,100.00,3000.44,1700.15,0.00,21824.58
422.163,865498.95,20720.07,134745.91,2624937.17,1422198.27,100.00,11406.42,1500.11,0.00,29941694.42,100.00,1600.13
422.309,71899.15,2800.37,162529.14,2747939.51,344198.52,400.01,10805.76,0.00,0.00,3897706.34,0.00,2300.27
422.455,78083.98,4600.99,131505.85,2467454.94,2336790.87,100.00,8803.82,0.00,0.00,11646.55,900.04,1200.07
422.601,74861.07,3200.48,129683.74,2729321.35,126373.46,500.01,9504.45,0.00,0.00,500.01,1500.12,1200.07
422.747,80602.56,2300.25,130189.85,2523025.64,463216.37,0.00,9704.64,0.00,100.00,500.01,0.00,1000.05
422.893,84935.90,2500.29,131202.15,2566301.03,143891.12,200.00,11506.53,200.00,0.00,200.00,100.00,1100.06
423.040,82617.85,3300.51,131809.56,2535136.97,317691.34,100.00,10405.34,0.00,0.00,500.01,0.00,1400.10
423.186,81005.59,4801.08,132923.26,2518105.92,135985.50,300.00,9204.18,0.00,0.00,400.01,0.00,800.03
423.332,74357.56,3100.45,127457.14,2498852.79,132541.37,300.00,11906.99,0.00,0.00,400.01,0.00,1200.07
423.478,81408.64,3500.57,135252.27,2466360.60,137302.69,200.00,9904.84,0.00,100.00,500.01,0.00,900.04
423.624,79494.31,4100.79,130797.21,2546446.54,131528.60,0.00,10605.55,0.00,0.00,500.01,0.00,1200.07
423.770,81811.69,3800.68,136670.18,2531628.96,129199.61,100.00,9304.27,100.00,0.00,700.03,0.00,1800.17
423.916,77580.33,3900.71,134543.39,2522758.26,132642.65,300.00,10605.55,0.00,0.00,700.03,0.00,900.04
424.062,80904.83,3600.61,116735.43,2567670.96,134871.11,0.00,7702.93,0.00,0.00,300.00,0.00,1200.07
424.208,79695.81,4000.75,130189.85,2535588.14,127883.45,0.00,7702.93,0.00,0.00,600.02,0.00,1300.09
424.354,85238.29,2600.32,135657.38,2504081.50,129300.86,100.00,10004.94,100.00,0.00,400.01,0.00,1600.13
424.500,84230.35,3300.51,139709.20,2496823.10,135985.50,300.00,10405.34,0.00,0.00,400.01,0.00,1400.10
424.646,79494.31,2600.32,129278.87,2558533.07,143789.71,200.00,10405.34,0.00,0.00,300.00,0.00,1500.12
424.792,81912.47,2400.27,138189.58,2576023.69,126466.24,0.00,8603.65,0.00,100.00,800.03,0.00,1000.05
424.938,77076.71,3700.64,127457.14,2456671.54,122924.05,700.02,7402.70,0.00,0.00,300.00,0.00,1500.12
425.084,78285.45,2700.34,126849.95,2568431.11,124037.16,200.00,8803.82,0.00,0.00,400.01,0.00,1200.07
425.230,83827.20,3200.48,136467.62,2663760.80,135681.57,200.00,9104.09,0.00,0.00,300.00,0.00,1000.05
425.376,76472.40,3400.54,129987.42,2398302.59,127478.51,300.00,9404.36,0.00,0.00,700.03,0.00,1000.05
425.522,81509.40,2600.32,136163.78,2506829.55,129199.61,200.00,11506.53,0.00,0.00,1000.05,100.00,1400.10
425.668,77580.33,4300.86,128772.79,2499763.14,130819.72,0.00,10205.14,0.00,0.00,400.01,0.00,1200.07
425.814,77882.53,1400.09,135758.65,2613686.19,124441.97,100.00,7903.08,0.00,0.00,700.03,0.00,1700.15
425.960,76573.10,2800.37,134745.91,2584869.20,128490.87,200.00,8603.65,0.00,0.00,1000.05,0.00,1200.07
426.106,75666.71,2800.37,132923.26,2618104.75,134465.91,200.00,8403.48,0.00,0.00,1000.05,0.00,1000.05
426.252,84129.57,5001.17,136366.31,2587517.05,121203.98,200.00,9804.74,0.00,100.00,400.01,0.00,2000.21
426.398,80602.56,3700.64,137379.19,2548476.42,133250.37,0.00,10705.65,0.00,0.00,500.01,0.00,1200.07
426.544,81811.69,4000.75,126849.95,2486674.47,143080.00,500.01,10705.65,0.00,100.00,1300.09,0.00,700.03
426.690,79192.09,3300.51,131100.91,2466193.61,130313.42,0.00,8903.91,0.00,0.00,400.01,0.00,900.04
426.836,87254.45,3300.51,139607.86,2474187.16,132946.51,300.00,9004.00,0.00,100.00,400.01,0.00,1200.07
426.982,78285.45,3300.51,138392.17,2510187.36,127984.70,200.00,9404.36,0.00,0.00,200.00,100.00,1200.07
427.128,75465.29,4200.83,127355.95,2495169.20,131224.80,0.00,10305.24,0.00,0.00,1100.06,0.00,2100.23
427.274,79192.09,3900.71,123612.27,2562584.04,138822.73,300.00,9204.18,0.00,0.00,500.01,0.00,2500.32
427.420,85439.88,4300.86,132923.26,2531511.97,141052.49,300.00,10105.04,0.00,0.00,700.03,0.00,2000.21
427.566,73249.97,3500.57,127457.14,2396498.49,128997.12,0.00,9804.74,0.00,0.00,600.02,0.00,1700.15
427.712,78990.60,2800.37,132923.26,2504549.27,127680.97,0.00,10305.24,0.00,0.00,800.03,0.00,1700.15
427.858,83323.29,3000.42,130392.29,2443816.66,132743.95,200.00,10305.24,0.00,0.00,500.01,0.00,1800.17
428.004,86044.70,2400.27,137986.97,2514689.51,126162.59,100.00,9004.00,0.00,0.00,400.01,0.00,1700.15
428.150,78688.40,2200.23,132315.77,2486106.50,125251.63,300.00,9304.27,0.00,0.00,400.01,0.00,700.03
428.296,77278.16,3200.48,134543.39,2464598.30,129705.85,400.01,8203.32,0.00,0.00,800.03,0.00,2000.21
428.442,79796.56,3000.42,127052.36,2505075.64,126972.37,0.00,7502.78,0.00,0.00,500.01,0.00,1100.06
428.588,77278.16,2600.32,131202.15,2433308.84,134567.20,100.00,12107.23,100.00,100.00,700.03,0.00,800.03
428.734,70833.77,3000.42,126141.65,2488420.17,135478.95,100.00,9504.45,0.00,0.00,700.03,0.00,1500.12
428.880,83020.95,2600.32,127760.73,2586598.30,135377.65,200.00,10305.24,100.00,0.00,400.01,0.00,1000.05
429.026,81610.16,2100.21,129886.18,2521613.92,120192.28,200.00,8503.57,0.00,0.00,900.04,0.00,2000.21
429.173,71538.44,2900.39,126647.59,2442714.12,133351.66,200.00,10105.04,0.00,0.00,1000.05,0.00,1900.19
429.319,86044.70,2700.34,120881.23,2415141.66,130617.19,300.00,11106.08,0.00,0.00,800.03,0.00,1600.13
429.465,78789.13,3300.51,135657.38,2503705.72,133149.09,0.00,9204.18,0.00,0.00,500.01,0.00,1100.06
429.611,75566.00,2800.37,133227.02,2371657.47,121507.49,300.00,9704.64,100.00,0.00,900.04,0.00,1100.06
429.757,81811.69,3900.71,126849.95,2451342.44,131326.06,100.00,9204.18,0.00,0.00,1100.06,0.00,1600.13
429.903,79494.31,3600.61,131303.36,2371507.08,122316.92,200.00,9704.64,100.00,0.00,800.03,0.00,2500.32
430.049,75263.87,3300.51,121791.52,2429441.66,124543.19,0.00,9004.00,0.00,0.00,1200.07,0.00,900.04
430.195,74055.49,3500.57,119869.92,2421723.69,134668.50,100.00,9604.55,300.00,0.00,500.01,0.00,1000.05
430.341,83424.07,2600.32,134037.06,2393483.06,126162.59,100.00,8903.91,0.00,0.00,600.02,0.00,2200.25
430.487,80804.08,3700.64,128165.54,2593873.50,134567.20,100.00,8603.65,0.00,0.00,1000.05,0.00,900.04
430.633,79393.57,2300.25,126040.46,2368683.84,129705.85,200.00,10405.34,0.00,100.00,500.01,0.00,1300.09
430.779,75263.87,2600.32,127963.15,2383359.62,127377.29,0.00,10805.76,0.00,0.00,400.01,0.00,1000.05
430.925,76573.10,3600.61,126445.19,2511515.49,123328.80,0.00,10605.55,0.00,0.00,900.04,0.00,1300.09
431.071,85641.49,3800.68,120274.44,2447667.24,128997.12,100.00,9504.45,0.00,0.00,400.01,0.00,1300.09
431.217,79998.05,2400.27,124219.27,2471890.09,124745.57,300.00,8603.65,0.00,100.00,600.02,0.00,1300.09
431.363,76673.84,3200.48,125534.55,2484010.02,125858.90,300.00,10205.14,0.00,0.00,800.03,0.00,1200.07
431.509,74458.26,3900.71,127254.74,2402679.55,128895.86,200.00,12407.59,0.00,0.00,1000.05,0.00,2600.35
431.655,75465.29,4000.75,118150.89,2395036.77,126466.24,100.00,8203.32,0.00,0.00,600.02,0.00,900.04
431.801,77278.16,2300.25,114915.84,2415601.03,123632.39,0.00,9304.27,0.00,0.00,300.00,0.00,1300.09
431.947,74558.97,3000.42,119869.92,2454541.46,122215.74,100.00,8503.57,0.00,0.00,300.00,0.00,1600.13
432.093,75364.58,2600.32,130493.53,2486950.06,119585.34,400.01,8503.57,200.00,0.00,800.03,0.00,1500.12
432.239,77479.61,2500.29,120577.83,2406438.14,120293.47,100.00,10105.04,0.00,0.00,800.03,0.00,1000.05
432.385,67311.13,3800.68,120375.56,2393917.44,130515.92,100.00,9104.09,0.00,0.00,500.01,0.00,1000.05
432.531,78990.60,3100.45,116027.79,2405769.98,124846.80,0.00,9704.64,0.00,0.00,300.00,0.00,1500.12
432.677,75666.71,2500.29,131708.33,2421690.29,132237.52,100.00,7903.08,100.00,100.00,400.01,0.00,1700.15
432.823,75364.58,3600.61,128772.79,2429399.86,130819.72,0.00,9504.45,0.00,0.00,900.04,0.00,1500.12
432.969,75767.41,7502.63,120780.09,2376827.79,129098.35,200.00,8703.73,0.00,0.00,800.03,0.00,1600.13
433.115,68317.48,3700.64,120881.23,2426610.02,118169.27,0.00,9904.84,0.00,0.00,200.00,0.00,1900.19
433.261,81106.34,5401.36,138189.58,2398277.59,128794.61,400.01,10105.04,0.00,0.00,600.02,0.00,1600.13
433.407,80098.79,4100.79,125635.72,2413863.73,138518.69,100.00,9504.45,0.00,0.00,1500.11,0.00,1300.09
433.553,71337.10,3600.61,142445.01,2522499.28,130212.15,0.00,11506.53,0.00,0.00,1200.07,0.00,1600.13
433.699,79796.56,5701.52,125231.00,2349739.90,127276.03,100.00,7702.93,100.00,0.00,1300.09,0.00,1200.07
433.845,76673.84,6101.74,126849.95,2385481.11,132743.95,100.00,10004.94,0.00,0.00,1100.06,0.00,1300.09
433.991,81005.59,7502.63,122904.17,2419184.43,131933.71,200.00,8603.65,0.00,0.00,1000.05,0.00,1900.19
434.137,79695.81,9203.96,119465.42,2353247.90,138214.69,100.00,8603.65,0.00,0.00,1200.07,0.00,2200.25
434.283,70330.48,7502.63,119869.92,2349789.90,124239.59,0.00,11206.19,100.00,0.00,1100.06,0.00,1200.07
434.429,74055.49,6201.80,113905.06,2443490.87,122316.92,200.00,10905.87,0.00,100.00,600.02,0.00,1500.12
434.575,72746.55,7102.36,125231.00,2374722.90,129402.11,200.00,10705.65,0.00,200.00,400.01,0.00,1000.05
434.721,74055.49,5501.42,131809.56,2433567.83,132338.80,100.00,10705.65,0.00,0.00,800.03,0.00,1200.07
434.867,80602.56,4300.86,122094.94,2493807.67,136492.11,200.00,9704.64,0.00,0.00,500.01,0.00,1000.05
435.013,66204.27,5501.42,122094.94,2307199.47,123935.96,300.00,10905.87,100.00,0.00,700.03,0.00,1200.07
435.159,84532.73,3600.61,118656.48,2378164.12,131427.35,200.00,9804.74,100.00,0.00,800.03,0.00,1500.12
435.306,76774.56,3700.64,116735.43,2465375.06,129402.11,0.00,12307.47,100.00,100.00,1500.11,0.00,900.04
435.452,73854.10,3000.42,118555.35,2364524.27,130313.42,0.00,10805.76,0.00,0.00,1600.13,0.00,800.03
435.598,67914.94,3000.42,120173.29,2346916.65,125858.90,0.00,8103.24,0.00,0.00,800.03,0.00,1500.12
435.744,72343.82,2800.37,111378.60,2321181.89,129199.61,0.00,9804.74,0.00,0.00,800.03,0.00,1600.13
435.890,77580.33,3900.71,116027.79,2379759.62,127680.97,0.00,11506.53,0.00,100.00,1100.06,0.00,1800.17
436.036,79393.57,3300.51,114511.51,2436666.66,127680.97,100.00,7903.08,0.00,0.00,800.03,0.00,1300.09
436.182,72746.55,8103.07,125028.64,2422425.25,122316.92,0.00,7602.85,0.00,100.00,800.03,0.00,800.03
436.328,69726.53,3100.45,113500.81,2401852.59,128895.86,0.00,11206.19,0.00,100.00,1300.09,0.00,1600.13
436.474,71840.45,2800.37,118251.98,2384553.96,133858.11,200.00,8903.91,0.00,0.00,900.04,0.00,2200.25
436.620,71639.12,3200.48,121488.08,2488637.36,137100.03,0.00,10105.04,0.00,0.00,700.03,0.00,900.04
436.766,70028.50,3000.42,123612.27,2384336.77,126162.59,100.00,9704.64,0.00,0.00,1100.06,0.00,1700.15
436.912,69021.98,2500.29,112490.16,2253708.45,125251.63,100.00,8003.16,0.00,0.00,500.01,0.00,1300.09
437.058,76975.99,1600.12,109054.75,2382925.25,127174.81,0.00,9804.74,0.00,200.00,700.03,0.00,1500.12
437.204,72343.82,4000.75,117139.82,2378013.92,132642.65,100.00,10105.04,100.00,0.00,900.04,100.00,1400.10
437.350,73249.97,4100.79,113905.06,2445971.73,128187.16,100.00,9604.55,100.00,0.00,1200.07,0.00,1600.13
437.496,70833.77,3800.68,122196.08,2318091.26,132440.10,100.00,8103.24,0.00,0.00,800.03,0.00,1500.12
437.642,68820.70,1500.11,117443.13,2391002.40,126668.69,100.00,7803.00,100.00,0.00,1000.05,0.00,1300.09
437.788,76069.55,2700.34,127457.14,2410622.91,133351.66,100.00,10305.24,0.00,100.00,700.03,0.00,1600.13
437.934,72645.88,2800.37,119869.92,2365994.19,129098.35,200.00,10605.55,0.00,0.00,800.03,0.00,1000.05
438.080,71337.10,2200.23,126748.77,2361333.45,126668.69,0.00,9704.64,0.00,0.00,800.03,0.00,1800.17
438.226,70833.77,3400.54,113905.06,2417555.72,125757.69,100.00,9304.27,0.00,0.00,700.03,100.00,1200.07
438.372,74055.49,3300.51,114309.37,2370320.95,123632.39,100.00,7702.93,0.00,0.00,500.01,0.00,1200.07
438.518,69323.93,2600.32,109964.02,2394994.98,138113.36,0.00,7803.00,0.00,0.00,700.03,0.00,1200.07
438.664,69323.93,2900.39,116937.64,2320363.33,124340.76,100.00,9304.27,0.00,0.00,1800.17,0.00,900.04
438.810,74055.49,3900.71,121285.78,2328624.08,127984.70,0.00,9104.09,0.00,0.00,1100.06,0.00,1400.10
438.956,70330.48,3500.57,119971.05,2377320.56,121608.67,100.00,8503.57,0.00,0.00,1800.17,0.00,1500.12
439.102,71739.78,3000.42,118858.68,2421848.88,130414.68,100.00,9004.00,0.00,200.00,800.03,0.00,1500.12
439.248,71941.13,2800.37,112894.41,2323036.18,116146.60,100.00,7402.70,0.00,0.00,900.04,0.00,700.03
439.394,70129.15,2100.21,120881.23,2268601.42,131933.71,100.00,11306.30,0.00,0.00,700.03,0.00,1100.06
439.540,68619.40,2200.23,119060.92,2275008.06,122822.85,200.00,9204.18,0.00,0.00,100.00,0.00,1400.10
439.686,70531.78,2100.21,114511.51,2353607.08,127377.29,200.00,9104.09,0.00,0.00,1000.05,0.00,1100.06
439.832,68720.05,4000.75,114410.45,2249289.89,123733.57,0.00,9904.84,0.00,0.00,100.00,0.00,1700.15
439.978,69223.27,3200.48,128772.79,2356321.73,129807.11,300.00,10105.04,0.00,0.00,800.03,0.00,1800.17
440.124,73350.65,2300.25,123713.44,2427111.19,118371.54,0.00,8503.57,0.00,100.00,500.01,0.00,1200.07
440.270,69122.63,2800.37,129076.44,2351878.18,123025.25,200.00,10004.94,0.00,0.00,500.01,0.00,1000.05
440.416,74458.26,3400.54,120274.44,2419384.82,120596.96,0.00,9804.74,0.00,0.00,400.01,0.00,1300.09
440.562,68116.21,1800.15,118150.89,2367188.72,120192.28,0.00,11005.97,0.00,0.00,400.01,0.00,1700.15
440.708,74760.36,2700.34,123308.78,2356605.72,131427.35,200.00,9504.45,100.00,0.00,600.02,0.00,1500.12
440.854,67814.30,2700.34,119869.92,2355795.56,125150.42,200.00,10605.55,0.00,0.00,400.01,0.00,900.04
441.000,70632.45,5101.22,120375.56,2331221.93,127377.29,200.00,8903.91,0.00,0.00,500.01,0.00,700.03
441.146,75263.87,3600.61,125129.81,2276903.96,122721.66,200.00,10004.94,0.00,0.00,900.04,0.00,1100.06
441.292,73350.65,4100.79,122297.24,2357232.28,125555.25,0.00,9704.64,100.00,0.00,800.03,0.00,1700.15
441.438,79192.09,3500.57,134948.48,2400357.48,123632.39,100.00,9704.64,0.00,0.00,500.01,0.00,1400.10
441.585,79192.09,3700.64,129987.42,2295655.91,123328.80,100.00,10105.04,0.00,0.00,600.02,0.00,1000.05
441.731,72243.15,2900.39,123612.27,2404901.23,129908.38,200.00,9404.36,0.00,0.00,500.01,0.00,400.01
441.877,73149.29,1700.14,123511.11,2298378.96,127680.97,0.00,10004.94,0.00,0.00,1000.05,0.00,1800.17
442.023,70028.50,3400.54,128064.35,2309329.35,125251.63,200.00,8803.82,0.00,0.00,1100.06,0.00,1000.05
442.169,81912.47,2500.29,122297.24,2396999.66,128592.13,100.00,8203.32,0.00,100.00,1000.05,0.00,2000.21
442.315,73854.10,3000.42,127963.15,2336576.03,125960.11,0.00,8703.73,0.00,0.00,600.02,0.00,1000.05
442.461,71135.77,3500.57,130695.99,2398903.96,117663.56,100.00,8503.57,0.00,0.00,600.02,0.00,1100.06
442.607,71739.78,3600.61,124118.09,2333076.22,120799.28,100.00,9004.00,0.00,0.00,1600.13,0.00,900.04
442.753,70028.50,2800.37,134138.32,2255779.93,123227.62,0.00,8303.40,0.00,100.00,1200.07,0.00,1400.10
442.899,63487.86,2700.34,129784.95,2256197.71,127073.60,300.00,9004.00,0.00,0.00,1600.13,0.00,1800.17
443.045,68921.35,3600.61,136062.47,2349998.88,118472.71,300.00,10004.94,0.00,0.00,700.03,0.00,1200.07
443.191,71739.78,3000.42,126445.19,2267348.49,119383.05,300.00,9904.84,0.00,0.00,800.03,0.00,1500.12
443.337,65298.73,3900.71,131607.10,2313129.74,117966.98,200.00,10004.94,0.00,100.00,800.03,0.00,1300.09
443.483,77278.16,5901.63,120274.44,2318032.86,124745.57,200.00,8203.32,0.00,0.00,1500.11,0.00,1200.07
443.629,74861.07,4701.03,130392.29,2275216.85,123632.39,100.00,7702.93,400.01,0.00,900.04,0.00,2100.23
443.775,74961.76,3700.64,130088.61,2357984.04,130819.72,200.00,9604.55,0.00,100.00,1000.05,0.00,1700.15
443.921,65097.50,3900.71,136163.78,2316830.13,134668.50,0.00,9404.36,0.00,100.00,600.02,0.00,1100.06
444.067,71840.45,2100.21,134239.58,2287645.56,131933.71,100.00,9604.55,100.00,100.00,1700.15,0.00,1400.10
444.213,75263.87,2300.25,125028.64,2369661.19,118371.54,100.00,9804.74,0.00,0.00,2400.29,0.00,1200.07
444.359,68317.48,1800.15,130695.99,2399321.73,115843.23,0.00,10205.14,100.00,0.00,1700.15,0.00,1000.05
444.505,70733.11,4500.95,134239.58,2251244.39,125454.07,300.00,7803.00,0.00,0.00,900.04,0.00,1400.10
444.651,64493.86,3200.48,132012.06,2312469.97,124745.57,200.00,9004.00,0.00,0.00,600.02,0.00,500.01
444.797,71739.78,2900.39,130695.99,2364415.68,124340.76,0.00,7803.00,100.00,0.00,800.03,0.00,1900.19
444.943,68921.35,4000.75,127052.36,2344235.40,118674.98,0.00,8403.48,0.00,0.00,700.03,100.00,800.03
445.089,63186.08,2900.39,121184.65,2223922.71,129199.61,100.00,9904.84,0.00,0.00,1000.05,0.00,1600.13
445.235,66908.62,1700.14,122803.02,2236293.02,121305.13,0.00,8003.16,0.00,0.00,1300.09,0.00,1300.09
445.381,67914.94,3100.45,126951.17,2201754.54,118776.13,100.00,7502.78,0.00,0.00,900.04,0.00,900.04
445.527,67411.76,2800.37,128570.38,2378105.72,129908.38,200.00,9104.09,0.00,0.00,2100.22,0.00,1200.07
445.673,66606.75,2400.27,128570.38,2345930.91,134162.01,200.00,7803.00,0.00,0.00,1400.10,0.00,1200.07
445.819,82315.54,2800.37,130594.77,2396406.50,117056.75,0.00,8503.57,0.00,0.00,1100.06,100.00,900.04
445.965,73552.03,3600.61,123308.78,2238773.88,117056.75,0.00,7602.85,0.00,0.00,800.03,0.00,800.03
446.111,66606.75,3000.42,126445.19,2357040.09,117865.82,0.00,7702.93,100.00,100.00,1100.06,0.00,600.02
446.257,68116.21,2800.37,124522.78,2338797.71,123834.77,300.00,8503.57,0.00,0.00,1200.07,0.00,1000.05
446.403,73854.10,3500.57,130291.07,2397133.26,132642.65,100.00,8503.57,0.00,0.00,700.03,0.00,600.02
446.549,70733.11,4500.95,127457.14,2380519.58,130212.15,0.00,7702.93,0.00,0.00,900.04,0.00,1400.10
446.695,69122.63,2800.37,123005.31,2357725.05,135681.57,0.00,9704.64,0.00,300.00,400.01,0.00,1300.09
446.841,71639.12,3400.54,134948.48,2408376.03,129705.85,0.00,7002.42,0.00,0.00,1000.05,0.00,800.03
446.987,75566.00,4701.03,122499.55,2392221.93,127782.21,100.00,9304.27,0.00,0.00,900.04,0.00,1200.07
447.133,75364.58,2800.37,136467.62,2486281.89,126263.80,100.00,8503.57,0.00,0.00,500.01,0.00,1100.06
447.279,72847.22,3000.42,123308.78,2419777.40,133959.41,100.00,10105.04,0.00,0.00,800.03,0.00,900.04
447.424,75666.71,5301.32,133024.51,2438395.76,131933.71,100.00,9004.00,0.00,0.00,1000.05,0.00,1000.05
447.571,71941.13,3000.42,123612.27,2408660.01,133351.66,0.00,9204.18,0.00,0.00,1100.06,0.00,1300.09
447.718,75566.00,2600.32,125129.81,2429959.43,130110.88,100.00,8003.16,0.00,100.00,1200.07,0.00,800.03
447.864,72243.15,4100.79,133530.78,2401217.63,125960.11,0.00,9804.74,0.00,0.00,900.04,0.00,1500.12
448.010,73048.60,3900.71,127861.93,2418624.86,133149.09,100.00,10405.34,0.00,0.00,700.03,0.00,1200.07
448.156,73753.41,3700.64,123308.78,2423369.19,129402.11,0.00,9004.00,100.00,0.00,1300.09,0.00,1200.07
448.302,73854.10,4400.91,127153.54,2526024.28,126162.59,100.00,8503.57,0.00,0.00,500.01,0.00,600.02
448.448,69625.89,2900.39,132113.28,2533190.88,127478.51,0.00,9504.45,0.00,0.00,1100.06,0.00,800.03
448.594,78587.65,4600.99,123612.27,2515750.45,136492.11,100.00,8703.73,0.00,100.00,900.04,0.00,900.04
448.740,73249.97,2800.37,127558.33,2490934.43,130110.88,100.00,10205.14,0.00,0.00,1300.09,0.00,700.03
448.886,75566.00,2300.25,119768.80,2464372.71,135377.65,0.00,10805.76,0.00,0.00,900.04,0.00,1200.07
449.032,73954.79,2500.29,123713.44,2360840.68,124948.00,0.00,9304.27,0.00,0.00,1900.18,0.00,1500.12
449.178,72947.91,3800.68,122499.55,2413421.15,131224.80,100.00,9704.64,100.00,0.00,700.03,0.00,1400.10
449.324,79494.31,2800.37,116836.53,2407582.48,131123.51,0.00,7602.85,100.00,0.00,800.03,0.00,1300.09
449.470,67009.25,3500.57,124118.09,2492203.96,131629.87,0.00,8903.91,0.00,0.00,900.04,0.00,1700.15
449.616,70330.48,2300.25,123308.78,2479516.27,131832.42,100.00,8903.91,100.00,0.00,1400.10,0.00,1300.09
449.762,76270.97,4901.12,127254.74,2419443.41,131326.06,0.00,8203.32,0.00,0.00,4200.90,0.00,1900.19
449.908,79897.30,2500.29,122904.17,2517362.36,135580.26,0.00,8703.73,0.00,0.00,1500.11,0.00,500.01
450.054,72645.88,2600.32,123713.44,2479115.29,133149.09,0.00,9904.84,0.00,0.00,800.03,0.00,600.02
450.200,76170.27,6401.92,114814.75,2547607.67,130212.15,0.00,10004.94,0.00,0.00,1400.10,0.00,1900.19
450.346,74760.36,3400.54,115421.24,2561514.90,126567.46,100.00,8903.91,0.00,0.00,1800.17,0.00,600.02
450.492,74156.18,4300.86,121791.52,2448285.41,126668.69,0.00,9704.64,0.00,0.00,3700.70,0.00,1100.06
450.638,74256.87,2800.37,121386.94,2422283.26,128895.86,100.00,8103.24,0.00,100.00,700.03,0.00,1100.06
450.784,76573.10,2700.34,113298.66,2399864.51,131123.51,200.00,9604.55,100.00,0.00,500.01,0.00,1200.07
450.930,78587.65,4200.83,124522.78,2332157.28,119383.05,200.00,8203.32,100.00,0.00,1100.06,0.00,1200.07
451.076,77882.53,4300.86,117240.93,2545962.17,131528.60,0.00,8803.82,0.00,0.00,1200.07,0.00,1800.17
451.222,70330.48,1800.15,127659.55,2427562.16,127174.81,0.00,7502.78,0.00,100.00,800.03,0.00,1400.10
451.368,76573.10,2800.37,124826.30,2443992.05,122316.92,0.00,9204.18,0.00,100.00,1300.09,0.00,600.02
451.514,73652.72,2500.29,119869.92,2409729.16,137100.03,100.00,9204.18,100.00,0.00,400.01,0.00,1000.05
451.660,73149.29,2600.32,109054.75,2401568.61,121811.04,100.00,7903.08,0.00,0.00,600.02,0.00,900.04
451.806,72444.51,3300.51,128266.76,2387911.77,135175.03,100.00,7102.49,0.00,100.00,500.01,0.00,900.04
451.952,72645.88,2800.37,127558.33,2374422.12,124543.19,0.00,8303.40,0.00,0.00,1100.06,0.00,900.04
452.098,76573.10,2600.32,121690.36,2295672.71,132136.25,0.00,8103.24,0.00,0.00,700.03,0.00,1900.19
452.244,67613.03,4100.79,122094.94,2297744.19,132743.95,400.01,8803.82,0.00,0.00,300.00,0.00,900.04
452.390,70934.44,3400.54,122803.02,2427963.14,126972.37,0.00,8203.32,0.00,200.00,900.04,0.00,900.04
452.536,69927.85,5601.47,120375.56,2439381.30,129300.86,0.00,9204.18,100.00,100.00,500.01,0.00,1100.06
452.682,69525.23,5101.22,129380.09,2329108.65,123733.57,200.00,7502.78,0.00,0.00,1000.05,0.00,1000.05
452.828,71538.44,5101.22,125129.81,2349213.72,127579.74,0.00,7502.78,0.00,0.00,1200.07,0.00,800.03
452.974,70431.14,5601.47,122701.86,2416645.17,130212.15,100.00,7402.70,200.00,100.00,1700.15,0.00,1000.05
453.120,70733.11,5201.27,121083.52,2292214.50,124745.57,100.00,8003.16,0.00,200.00,1600.13,300.00,1100.06
453.266,69021.98,3500.57,116533.24,2319628.18,118371.54,200.00,5901.72,0.00,0.00,900.04,0.00,700.03
453.412,74760.36,3200.48,119364.30,2366420.17,126263.80,100.00,7602.85,0.00,0.00,1300.09,0.00,1200.07
453.558,72243.15,4600.99,111479.64,2264400.05,116449.98,100.00,8003.16,100.00,0.00,900.04,0.00,800.03
453.704,86447.94,3100.45,116937.64,2336308.65,117663.56,100.00,7402.70,0.00,0.00,1500.11,0.00,900.04
453.851,71236.43,4000.75,111883.85,2218376.42,115337.65,0.00,9104.09,0.00,0.00,400.01,0.00,1300.09
453.997,68015.57,3500.57,122600.71,2240920.56,118877.26,0.00,9304.27,0.00,0.00,500.01,0.00,2200.25
454.143,70330.48,3200.48,119364.30,2251219.39,118068.13,0.00,7302.63,0.00,100.00,1700.15,0.00,1000.05
454.289,69021.98,3500.57,118150.89,2300057.86,123328.80,100.00,6702.22,0.00,0.00,900.04,0.00,1200.07
454.435,73249.97,3000.42,106731.42,2310974.86,112203.57,0.00,6502.09,0.00,0.00,500.01,0.00,800.03
454.581,68116.21,3100.45,121285.78,2235616.46,122013.38,100.00,7202.56,0.00,100.00,500.01,100.00,1200.07
454.727,72243.15,5801.57,120072.16,2304593.41,117562.42,0.00,8003.16,0.00,200.00,800.03,0.00,1400.10
454.873,73954.79,2600.32,123511.11,2229410.40,121709.85,0.00,6402.02,0.00,0.00,500.01,0.00,1500.12
455.019,71739.78,3200.48,123207.63,2225493.02,117157.88,0.00,8703.73,0.00,0.00,800.03,100.00,800.03
455.165,73652.72,5301.32,115623.40,2243008.64,118169.27,0.00,8603.65,0.00,0.00,1300.09,0.00,900.04
455.311,65902.40,4801.08,118858.68,2161243.80,115236.53,100.00,7702.93,0.00,100.00,1100.06,0.00,1100.06
455.457,68317.48,4901.12,123005.31,2273537.94,110990.63,100.00,7302.63,100.00,100.00,1100.06,0.00,1100.06
455.603,72746.55,7402.56,135150.98,2346022.90,120596.96,100.00,7502.78,100.00,300.00,900.04,0.00,900.04
455.749,73249.97,7802.85,121993.80,2257083.06,122114.55,200.00,8703.73,100.00,100.00,1000.05,0.00,1000.05
455.895,67009.25,5601.47,113905.06,2210366.26,120091.13,200.00,8003.16,0.00,0.00,1600.13,100.00,1200.07
456.041,67814.30,6902.23,119869.92,2202990.67,119180.74,0.00,8403.48,0.00,0.00,1000.05,0.00,1100.06
456.187,72947.91,7002.29,130999.67,2238907.47,116348.86,0.00,7903.08,100.00,100.00,1400.10,0.00,1400.10
456.333,76170.27,3200.48,132417.03,2319436.18,116652.22,0.00,10105.04,0.00,0.00,1400.10,0.00,1200.07
456.479,77983.25,4600.99,130695.99,2324255.72,117764.68,0.00,10605.55,0.00,0.00,900.04,0.00,1300.09
456.625,70632.45,3500.57,131607.10,2297050.83,119281.90,0.00,9304.27,0.00,0.00,1500.11,0.00,800.03
456.771,75062.47,3100.45,130291.07,2218885.99,115944.38,0.00,7903.08,100.00,100.00,1000.05,0.00,1800.17
456.917,67512.40,3700.64,131505.85,2217775.05,114326.54,0.00,7102.49,0.00,100.00,1200.07,0.00,1300.09
457.063,71437.77,3800.68,133024.51,2191154.93,116348.86,0.00,8503.57,0.00,0.00,1100.06,0.00,1700.15
457.209,73451.34,3500.57,133632.03,2230329.15,122013.38,0.00,6402.02,0.00,0.00,600.02,0.00,1100.06
457.355,73854.10,3000.42,134543.39,2255612.94,114629.87,0.00,8903.91,0.00,100.00,900.04,100.00,2000.21
457.501,75566.00,4200.83,135556.09,2320630.52,116955.62,0.00,10105.04,0.00,0.00,400.01,0.00,1900.19
457.647,73350.65,4100.79,128064.35,2306998.88,123025.25,0.00,6802.28,0.00,0.00,1400.10,0.00,1900.19
457.793,77882.53,3500.57,138797.39,2311517.83,120091.13,0.00,7302.63,0.00,200.00,900.04,0.00,2100.23
457.939,71739.78,5001.17,134847.17,2323102.98,123429.98,0.00,11806.87,100.00,100.00,1300.09,0.00,1400.10
458.085,69122.63,3000.42,130594.77,2302630.52,123429.98,0.00,8803.82,0.00,0.00,600.02,0.00,1800.17
458.231,67613.03,4100.79,138189.58,2230170.56,113315.54,0.00,9204.18,0.00,0.00,400.01,0.00,1900.19
458.377,70229.82,3100.45,130797.21,2234597.51,119180.74,0.00,7102.49,0.00,0.00,1100.06,0.00,1600.13
458.523,75263.87,6101.74,129582.52,2394435.21,243218.24,100.00,9304.27,300.00,8803.83,800.03,100.00,48722.33
458.669,238837.11,91086.58,208110.97,2868611.39,3574789.92,1700.14,71853.79,11206.20,23828.02,47012.38,6402.11,39882.00
458.815,526024.33,97845.95,371769.08,2795642.05,7333951.73,1400.09,23427.05,8803.83,22825.71,37322425.83,2400.30,278757.40
458.961,801396.31,163948.16,242424.47,3008811.98,12168215.12,0.00,438066.46,21522.85,8503.57,35424.48,2800.40,4901.24
459.107,394873.37,217797.25,1150181.67,2659258.65,1560628.36,300.00,10004.94,4400.96,53139.13,188391.80,1900.19,6602.25
459.253,114408.62,16412.59,144198.86,2632671.93,1853375.24,200.00,8203.32,3200.51,15511.88,5428528.64,0.00,2300.27
459.399,107537.89,18315.68,142749.03,2649268.81,201621.60,0.00,27537.36,0.00,1600.13,6754.34,900.04,2100.23
459.545,79998.05,4073148.53,133125.75,2635311.39,511822.62,200.00,7202.56,200.00,100.00,4200.90,0.00,1300.09
459.691,99258.43,15547.24,117746.45,2586046.93,245572.71,300.00,10205.14,0.00,0.00,1100.06,500.01,1500.12
459.837,76774.56,3100.45,131809.56,2515884.04,135580.26,0.00,8803.82,1100.06,0.00,800.03,0.00,1600.13
459.983,87153.63,2100.21,151062.39,2544174.67,147237.59,0.00,7702.93,200.00,0.00,1100.06,0.00,1000.05
460.130,77882.53,5501.42,129886.18,2545744.98,138620.02,200.00,8503.57,0.00,0.00,700.03,0.00,2000.21
460.276,83827.20,5301.32,127963.15,2645685.41,140038.92,0.00,6902.35,0.00,200.00,900.04,0.00,1600.13
460.422,78285.45,6702.10,125231.00,2608799.86,143485.53,200.00,7302.63,0.00,0.00,700.03,0.00,14110.28
460.568,75263.87,6802.17,115219.08,2539538.92,143181.39,0.00,9604.55,0.00,0.00,600.02,0.00,700.03
460.714,75465.29,5201.27,120274.44,2541902.79,145209.29,100.00,10905.87,0.00,0.00,500.01,100.00,1400.10
460.860,72243.15,3800.68,110469.22,2469467.83,146730.45,100.00,8903.91,0.00,0.00,1000.05,0.00,1300.09
461.006,77177.44,5101.22,117139.82,2510103.96,146324.80,0.00,9204.18,0.00,0.00,900.04,0.00,700.03
461.152,73451.34,4000.75,113096.54,2458433.84,149266.24,0.00,8203.32,100.00,0.00,500.01,0.00,1100.06
461.298,72444.51,4400.91,116937.64,2502252.40,146020.56,0.00,8403.48,0.00,0.00,700.03,0.00,2200.25
461.444,78486.91,3900.71,120072.16,2539305.13,143282.75,0.00,10405.34,0.00,100.00,600.02,100.00,1700.15
461.590,82517.09,5001.17,105216.49,2598024.67,138518.69,0.00,8203.32,0.00,100.00,700.03,0.00,1100.06
461.736,77278.16,4400.91,108044.56,2640590.29,151701.19,300.00,9404.36,400.01,0.00,1000.05,0.00,800.03
461.882,80401.05,4500.95,108852.71,2596354.16,147643.28,100.00,10605.55,0.00,0.00,900.04,0.00,1600.13
462.028,75364.58,4100.79,103095.93,2557630.92,153730.74,0.00,8103.24,0.00,0.00,1300.09,0.00,1400.10
462.174,72746.55,3400.54,99663.53,2548075.45,145513.49,0.00,7903.08,0.00,0.00,1100.06,0.00,1300.09
462.320,74659.67,2300.25,105418.47,2516986.58,156471.27,0.00,10605.55,0.00,0.00,900.04,0.00,1800.17
462.466,77076.71,2600.32,102894.01,2496864.90,159212.49,100.00,130535.20,0.00,0.00,900.04,0.00,1900.19
462.612,71639.12,2600.32,94113.45,2530376.03,146629.03,0.00,7702.93,0.00,0.00,800.03,0.00,1700.15
462.758,76270.97,2000.19,104812.54,2563435.99,148759.04,0.00,10605.55,0.00,0.00,700.03,0.00,1000.05
462.904,77983.25,3300.51,96837.69,2572665.88,154441.18,0.00,8403.48,0.00,0.00,600.02,0.00,1600.13
463.050,70129.15,3500.57,92701.16,2653837.75,162360.72,0.00,9004.00,0.00,0.00,1000.05,0.00,1300.09
463.196,70431.14,3000.42,103903.73,2527911.97,156166.73,0.00,8503.57,100.00,0.00,700.03,0.00,1300.09
463.342,71639.12,2400.27,101985.32,2422500.44,148353.30,200.00,9004.00,0.00,0.00,900.04,0.00,600.02
463.488,75062.47,3400.54,98452.36,2574294.59,147237.59,0.00,9904.84,0.00,0.00,600.02,0.00,1500.12
463.634,73249.97,3200.48,93709.91,2500105.72,141762.08,0.00,8303.40,0.00,0.00,300.00,0.00,800.03
463.780,70531.78,4100.79,98755.14,2564037.56,148353.30,0.00,8703.73,0.00,0.00,500.01,0.00,900.04
463.926,70833.77,2600.32,99966.35,2530601.42,149367.69,0.00,10105.04,0.00,0.00,900.04,0.00,1300.09
464.072,73954.79,2900.39,96333.15,2571889.12,160126.41,0.00,9404.36,0.00,0.00,600.02,0.00,600.02
464.218,73753.41,3000.42,95223.23,2494592.83,153324.82,200.00,10004.94,0.00,0.00,500.01,0.00,1100.06
464.364,74156.18,2300.25,93709.91,2483625.84,144296.66,0.00,8003.16,0.00,0.00,600.02,100.00,600.02
464.510,72041.80,3800.68,96232.24,2535938.92,158095.62,0.00,7903.08,0.00,0.00,500.01,0.00,1400.10
464.656,78486.91,2200.23,98856.08,2711738.73,152107.08,100.00,9304.27,0.00,0.00,800.03,0.00,1300.09
464.802,71941.13,3800.68,92499.42,2550932.09,151904.14,100.00,9004.00,0.00,0.00,500.01,0.00,800.03
464.948,71840.45,3500.57,103802.75,2530284.04,156369.74,0.00,9004.00,0.00,0.00,700.03,0.00,1200.07
465.094,72343.82,1700.14,101682.46,2570059.82,155050.16,0.00,10105.04,0.00,0.00,600.02,0.00,1000.05
465.240,71840.45,2400.27,99663.53,2534059.63,160329.51,0.00,9604.55,0.00,0.00,500.01,0.00,1600.13
465.386,67109.88,2600.32,101379.60,2457623.69,151802.66,0.00,9204.18,0.00,0.00,800.03,0.00,1300.09
465.532,76975.99,3400.54,100067.30,2556311.19,153527.79,100.00,9504.45,0.00,0.00,300.00,0.00,1100.06
465.678,74256.87,1300.08,94920.55,2494918.61,148759.04,0.00,9404.36,0.00,0.00,400.01,0.00,700.03
465.824,76170.27,2300.25,101884.37,2480117.63,143485.53,0.00,10905.87,0.00,0.00,600.02,0.00,800.03
465.970,77479.61,3200.48,101581.50,2626006.31,156877.32,0.00,12007.11,0.00,0.00,400.01,0.00,1900.19
466.116,72947.91,2600.32,95828.63,2495929.35,156674.30,0.00,9804.74,0.00,0.00,600.02,0.00,1300.09
466.263,74256.87,4200.83,102288.20,2568831.89,149164.81,100.00,9904.84,0.00,0.00,1000.05,0.00,1100.06
466.409,71941.13,3300.51,100370.11,2521914.70,156471.27,100.00,11506.53,0.00,300.00,400.01,0.00,1600.13
466.555,73854.10,2300.25,104206.64,2502728.38,156369.74,200.00,9704.64,100.00,0.00,700.03,0.00,1900.19
466.701,73652.72,3300.51,103701.75,2454032.09,154745.69,100.00,11206.19,0.00,0.00,200.00,0.00,1400.10
466.847,77983.25,2900.39,106630.43,2541643.81,147744.72,100.00,11306.30,0.00,0.00,700.03,0.00,1500.12
466.993,78990.60,2900.39,99259.79,2525247.32,154745.69,200.00,8903.91,0.00,0.00,900.04,0.00,2200.25
467.139,75968.84,3400.54,103802.75,2530225.64,156572.78,0.00,10805.76,0.00,0.00,600.02,0.00,1200.07
467.285,78688.40,4000.75,110166.10,2550998.89,152918.86,100.00,9104.09,0.00,0.00,400.01,0.00,900.04
467.431,73350.65,2600.32,108246.60,2427378.57,147541.82,0.00,9704.64,0.00,0.00,500.01,0.00,1100.06
467.577,73954.79,2000.19,108953.75,2608306.89,147846.12,100.00,8503.57,0.00,0.00,1300.09,0.00,1200.07
467.723,83524.85,2500.29,108145.58,2559076.03,150483.65,0.00,8903.91,0.00,0.00,700.03,0.00,900.04
467.869,77177.44,2100.21,110065.07,2549846.15,155760.71,300.00,11005.97,0.00,0.00,400.01,0.00,1800.17
468.015,79897.30,4000.75,105721.45,2501935.02,144600.85,200.00,9604.55,0.00,0.00,1200.07,0.00,1300.09
468.161,76270.97,3100.45,119465.42,2672840.10,145817.70,200.00,9104.09,0.00,0.00,1100.06,0.00,1000.05
468.307,77882.53,2500.29,106731.42,2562032.87,150585.10,0.00,11306.30,0.00,300.00,1300.09,0.00,1300.09
468.453,73048.60,3800.68,122196.08,2602501.82,147643.28,100.00,10805.76,0.00,100.00,1400.10,0.00,2400.30
468.599,78587.65,2600.32,120982.39,2612600.25,156065.23,100.00,10705.65,100.00,0.00,1800.17,0.00,1200.07
468.745,76673.84,3500.57,116634.34,2654363.93,154339.68,100.00,9804.74,0.00,0.00,600.02,0.00,1500.12
468.891,76975.99,3500.57,117645.35,2565524.28,155354.67,0.00,9204.18,0.00,0.00,800.03,100.00,2200.25
469.037,74659.67,2900.39,117240.93,2625413.34,150990.96,0.00,8403.48,0.00,0.00,1100.06,0.00,1600.13
469.183,85843.10,3100.45,129177.65,2596571.35,150889.49,0.00,8503.57,0.00,0.00,500.01,0.00,1700.15
469.329,75566.00,3900.71,128367.95,2592912.95,159821.77,100.00,9604.55,0.00,0.00,1700.15,0.00,1000.05
469.475,75767.41,4100.79,118251.98,2587324.86,152715.93,100.00,7803.00,0.00,300.00,900.04,0.00,1900.19
469.621,78386.18,3700.64,127153.54,2519759.63,152918.86,300.00,10004.94,100.00,0.00,1000.05,0.00,1600.13
469.767,77378.88,2900.39,121993.80,2656861.39,152817.41,200.00,10004.94,0.00,0.00,1600.13,0.00,800.03
469.913,72947.91,3600.61,122904.17,2614671.74,144803.68,0.00,10305.24,100.00,0.00,1500.11,0.00,1700.15
470.059,84633.50,5001.17,116634.34,2612650.45,151092.42,100.00,9804.74,0.00,0.00,1200.07,0.00,1000.05
470.205,76975.99,4500.95,131505.85,2576842.25,146121.96,0.00,10305.24,0.00,0.00,900.04,0.00,1100.06
470.351,73753.41,1700.14,127052.36,2562149.86,147541.82,100.00,10405.34,100.00,0.00,600.02,0.00,1100.06
470.497,79393.57,3300.51,120881.23,2455326.62,147643.28,500.01,12908.21,200.00,0.00,600.02,0.00,1500.12
470.643,78889.87,2800.37,126849.95,2559510.21,147643.28,0.00,11005.97,0.00,0.00,800.03,0.00,1700.15
470.789,82617.85,2800.37,131404.62,2633089.51,146121.96,100.00,11106.08,0.00,0.00,600.02,0.00,2100.23
470.935,85238.29,3300.51,129987.42,2621044.79,147440.40,200.00,10105.04,0.00,0.00,1000.05,100.00,2200.25
471.081,73652.72,2500.29,125635.72,2634584.63,144905.07,0.00,10805.76,0.00,100.00,600.02,0.00,1800.17
471.227,79796.56,2500.29,127861.93,2596963.93,143891.12,0.00,9404.36,0.00,0.00,1100.06,0.00,1300.09
471.373,75767.41,3800.68,122094.94,2656151.43,152411.48,100.00,11306.30,0.00,0.00,1300.09,0.00,1400.10
471.519,79494.31,3100.45,128772.79,2555517.64,152411.48,300.00,11406.42,0.00,0.00,1100.06,0.00,1700.15
471.665,85137.49,3800.68,146803.54,2616400.84,148759.04,100.00,9104.09,0.00,0.00,1400.10,0.00,1500.12
471.811,79695.81,3100.45,126546.37,2640481.70,153426.30,100.00,10205.14,0.00,100.00,400.01,0.00,1800.17
471.957,76069.55,3500.57,131404.62,2574219.39,139633.50,300.00,9804.74,100.00,0.00,700.03,0.00,1000.05
472.103,78789.13,2400.27,128165.54,2602535.21,150990.96,200.00,10305.24,0.00,0.00,1900.18,0.00,2000.21
472.249,75364.58,3000.42,129177.65,2563895.57,153730.74,0.00,8903.91,0.00,0.00,500.01,0.00,1300.09
472.396,80904.83,3000.42,131202.15,2628269.98,144905.07,200.00,10205.14,100.00,0.00,1000.05,0.00,1500.12
472.542,81307.86,2700.34,140317.08,2602393.22,149469.12,200.00,10004.94,0.00,100.00,1100.06,200.00,1200.07
472.688,74055.49,2500.29,142647.71,2567119.59,153426.30,0.00,10305.24,0.00,0.00,900.04,0.00,1500.12
472.834,76170.27,5301.32,135961.20,2543857.28,148759.04,300.00,11206.19,0.00,0.00,1700.15,0.00,1100.06
472.980,79292.83,2800.37,140621.04,2696060.80,150382.18,200.00,12107.23,0.00,0.00,2000.20,0.00,1500.12
473.126,85843.10,2800.37,138189.58,2617486.58,152310.03,100.00,9504.45,0.00,0.00,900.04,0.00,1200.07
473.272,84532.73,2700.34,145080.18,2652108.65,150585.10,400.01,8403.48,0.00,0.00,1500.11,0.00,1100.06
473.418,74861.07,3700.64,133125.75,2558508.06,147643.28,300.00,11906.99,0.00,0.00,600.02,0.00,1600.13
473.564,78789.13,4801.08,136670.18,2549628.96,145412.08,100.00,9204.18,0.00,0.00,600.02,0.00,1600.13
473.710,76673.84,3300.51,137683.07,2506604.16,150686.56,100.00,9204.18,0.00,200.00,800.03,0.00,1800.17
473.856,80401.05,3400.54,133328.27,2669941.66,151599.71,0.00,11206.19,0.00,0.00,2000.20,0.00,2000.21
474.002,85439.88,13108.04,129076.44,2637441.27,150179.29,300.00,11406.42,200.00,0.00,2200.25,0.00,1900.19
474.148,74357.56,4000.75,142242.32,2658999.67,151295.33,0.00,9504.45,100.00,0.00,1300.09,0.00,900.04
474.294,76069.55,2300.25,148222.94,2596304.16,158603.28,200.00,11506.53,0.00,100.00,1200.07,0.00,800.03
474.440,73149.29,3700.64,138594.78,2644491.07,147643.28,300.00,9404.36,0.00,0.00,1000.05,0.00,1500.12
474.586,73552.03,4300.86,141229.02,2574728.96,158704.81,200.00,11906.99,0.00,0.00,1700.15,0.00,1000.05
474.732,78184.72,3900.71,138493.46,2535588.14,146020.56,400.01,10505.44,0.00,0.00,1200.07,0.00,1800.17
474.878,83424.07,3800.68,144674.73,2581235.80,148860.49,200.00,10905.87,0.00,0.00,700.03,0.00,1500.12
475.024,77479.61,3500.57,141533.00,2598425.64,141660.71,0.00,10004.94,0.00,0.00,1100.06,0.00,700.03
475.170,82315.54,5701.52,136062.47,2574528.57,155354.67,0.00,9304.27,100.00,0.00,1000.05,0.00,1600.13
475.316,78688.40,7802.85,146296.65,2640941.07,150585.10,0.00,10505.44,0.00,0.00,200.00,0.00,1100.06
475.462,75263.87,2000.19,145789.76,2571479.74,135276.35,200.00,11005.97,0.00,100.00,1100.06,0.00,2100.23
475.608,81912.47,3500.57,140621.04,2567470.37,153426.30,100.00,9804.74,0.00,0.00,400.01,0.00,1800.17
475.754,82315.54,3200.48,137277.90,2579815.88,152614.43,200.00,9504.45,0.00,100.00,600.02,0.00,2000.21
475.900,82013.23,2600.32,146702.14,2590206.50,142877.21,0.00,9604.55,0.00,0.00,400.01,0.00,1500.12
476.046,80804.08,2000.19,144370.65,2617787.36,141255.25,300.00,9904.84,0.00,0.00,700.03,0.00,1800.17
476.192,83524.85,3900.71,140621.04,2640606.89,148961.94,200.00,8103.24,0.00,0.00,1200.07,0.00,1400.10
476.338,84028.78,3900.71,145384.27,2649611.19,146121.96,200.00,8703.73,0.00,100.00,1000.05,0.00,2000.21
476.484,81509.40,2900.39,147209.06,2652785.22,154035.21,0.00,11306.30,0.00,0.00,1300.09,0.00,2400.30
476.630,84835.10,2300.25,141330.33,2652634.82,144702.25,200.00,10805.76,0.00,0.00,700.03,0.00,800.03
476.776,79595.06,3400.54,142039.68,2582705.92,146831.86,100.00,10405.34,0.00,0.00,800.03,0.00,1200.07
476.922,75566.00,3800.68,134948.48,2590532.28,145817.70,0.00,10305.24,0.00,0.00,1200.07,0.00,1300.09
477.068,81912.47,4701.03,137277.90,2582872.91,139126.76,400.01,10004.94,0.00,0.00,800.03,0.00,2000.21
477.214,84431.94,2900.39,140519.72,2586932.28,153121.84,0.00,9904.84,0.00,0.00,600.02,0.00,1200.07
477.360,78386.18,3200.48,136568.89,2630993.03,139126.76,0.00,11506.53,0.00,0.00,1400.10,0.00,1200.07
477.506,77781.80,2600.32,138898.70,2732537.17,151904.14,100.00,9804.74,0.00,0.00,1100.06,0.00,1500.12
477.652,79192.09,3300.51,150758.12,2640598.69,149266.24,100.00,9604.55,0.00,0.00,600.02,0.00,1300.09
477.798,79393.57,3000.42,147716.01,2632028.77,154339.68,100.00,9604.55,0.00,100.00,1200.07,0.00,1100.06
477.944,86347.12,3000.42,143154.42,2670342.64,150990.96,200.00,9104.09,0.00,100.00,1200.07,0.00,2000.21
478.090,81207.11,3800.68,143661.15,2669382.09,143282.75,300.00,10405.34,0.00,0.00,900.04,0.00,1900.19
478.236,77580.33,2300.25,144167.94,2586080.33,143181.39,100.00,9504.45,100.00,0.00,1000.05,0.00,1700.15
478.382,76573.10,3000.42,142647.71,2656301.82,145209.29,200.00,9004.00,0.00,0.00,800.03,0.00,1200.07
478.528,77781.80,3600.61,146499.37,2693304.36,151193.85,500.01,9004.00,0.00,0.00,900.04,0.00,1700.15
478.675,78486.91,3900.71,154511.27,2627501.62,146933.29,0.00,10105.04,0.00,100.00,200.00,0.00,2000.21
478.821,79897.30,3800.68,147006.28,2638777.79,139329.46,100.00,10405.34,0.00,0.00,900.04,0.00,1700.15
478.967,77278.16,2100.21,138696.08,2578328.96,146831.86,0.00,10205.14,0.00,0.00,600.02,0.00,1500.12
479.113,77580.33,3300.51,133429.50,2690405.92,143485.53,200.00,12207.35,0.00,0.00,600.02,0.00,1300.09
479.259,81811.69,3600.61,142647.71,2739686.98,142268.95,100.00,10605.55,0.00,0.00,1200.07,0.00,1500.12
479.405,83524.85,3200.48,128772.79,2579080.72,141153.86,0.00,9604.55,0.00,0.00,500.01,0.00,2100.23
479.551,74861.07,2600.32,134442.12,2650797.32,146629.03,0.00,9204.18,0.00,0.00,1000.05,0.00,1200.07
479.697,80401.05,3600.61,138189.58,2626891.86,137910.67,100.00,9904.84,0.00,0.00,200.00,0.00,1900.19
479.843,75767.41,2500.29,141735.65,2586389.32,146223.36,200.00,9004.00,0.00,0.00,600.02,0.00,1800.17
479.989,78789.13,2700.34,137784.38,2654163.54,150077.85,100.00,10505.44,0.00,100.00,500.01,0.00,1000.05
480.135,79192.09,3400.54,129784.95,2598367.25,149367.69,100.00,8903.91,0.00,0.00,900.04,100.00,1400.10
480.281,78285.45,3000.42,136670.18,2662507.87,136188.15,200.00,10605.55,0.00,0.00,1200.07,200.00,1200.07
480.427,78990.60,2900.39,134644.66,2642411.19,147034.71,0.00,10605.55,0.00,0.00,500.01,0.00,1400.10
480.573,79695.81,4400.91,137784.38,2588110.02,146121.96,100.00,10405.34,100.00,0.00,800.03,0.00,1000.05
480.719,77882.53,4701.03,144370.65,2645802.40,156572.78,0.00,11506.53,100.00,0.00,1300.09,0.00,1700.15
480.865,76875.27,5801.57,129784.95,2587057.68,156166.73,400.01,8403.48,0.00,0.00,1000.05,0.00,1200.07
481.011,79393.57,6201.80,141431.64,2633665.88,144195.27,400.01,8903.91,0.00,0.00,800.03,0.00,2100.23
481.157,79292.83,5601.47,136872.76,2729246.15,151295.33,100.00,10305.24,0.00,100.00,700.03,100.00,1100.06
481.303,86044.70,8203.15,132214.53,2637023.69,150077.85,0.00,10205.14,100.00,0.00,1300.09,0.00,2400.30
481.449,79595.06,6602.04,137885.66,2676690.68,142674.47,300.00,7402.70,0.00,0.00,1200.07,0.00,800.03
481.595,77681.06,12206.97,134948.48,2627618.42,143586.91,200.00,9904.84,0.00,0.00,1400.10,0.00,1600.13
481.741,86044.70,5101.22,133328.27,2544918.03,138113.36,400.01,9304.27,0.00,0.00,1100.06,0.00,1200.07
481.887,3494603.98,7802.85,147107.68,2555885.21,156166.73,100.00,11206.19,0.00,0.00,1200.07,0.00,2000.21
482.033,74676.08,6702.10,124421.60,2670818.81,147034.71,200.00,8803.82,100.00,0.00,1400.10,0.00,1900.19
482.179,83827.20,3600.61,138290.88,2656368.61,143586.91,100.00,12107.23,0.00,0.00,1200.07,0.00,1300.09
482.325,82819.40,7702.78,135758.65,2722597.33,150382.18,200.00,10705.65,0.00,0.00,1800.17,100.00,1200.07
482.471,77983.25,4500.95,140621.04,2632195.76,147744.72,200.00,10205.14,0.00,0.00,1900.18,0.00,1700.15
482.617,82113.98,3600.61,227092.41,2694741.08,151701.19,200.00,11706.76,0.00,0.00,2000.20,200.00,1500.12
482.763,82315.54,7302.49,133834.55,2623149.67,142978.60,0.00,9204.18,0.00,0.00,800.03,0.00,1100.06
482.909,80904.83,4801.08,136771.48,2548935.80,143891.12,200.00,11306.30,0.00,0.00,1500.11,0.00,2000.21
483.055,81811.69,3200.48,130392.29,2645092.44,147846.12,300.00,9504.45,0.00,0.00,1300.09,0.00,1200.07
483.201,82819.40,3600.61,139101.31,2614947.32,143992.50,100.00,8903.91,0.00,0.00,800.03,0.00,1500.12
483.347,77882.53,4400.91,139607.86,2616375.64,145107.88,0.00,10004.94,0.00,0.00,1500.11,0.00,1400.10
483.493,76673.84,4200.83,136265.04,2576967.44,151295.33,100.00,9604.55,0.00,0.00,1800.17,0.00,1400.10
483.639,81710.91,5201.27,131607.10,2580417.25,143384.15,200.00,8803.82,0.00,100.00,1900.18,100.00,1900.19
483.785,85943.89,4100.79,130392.29,2640122.52,150483.65,200.00,11306.30,0.00,0.00,1600.13,0.00,1900.19
483.931,86044.70,4300.86,137885.66,2625304.75,142674.47,200.00,9504.45,0.00,0.00,1000.05,0.00,1100.06
484.077,84028.78,3400.54,142850.38,2502452.79,142674.47,100.00,8903.91,0.00,0.00,900.04,0.00,1500.12
484.223,85641.49,2600.32,136872.76,2516928.18,138822.73,200.00,7002.42,0.00,0.00,900.04,0.00,1200.07
484.369,83222.51,335381.97,137277.90,2637148.89,143891.12,200.00,10105.04,0.00,100.00,1200.07,0.00,1400.10
484.515,85137.49,3500.57,128975.23,2497349.27,140444.34,500.01,10905.87,0.00,0.00,1300.09,0.00,1700.15
484.661,79897.30,2900.39,123409.94,2613193.22,137910.67,200.00,10105.04,300.00,0.00,800.03,0.00,1600.13
484.808,83827.20,3700.64,145080.18,2538828.96,139025.42,300.00,8803.82,0.00,0.00,700.03,0.00,1500.12
484.954,84532.73,4000.75,142039.68,2515917.44,143485.53,300.00,10905.87,100.00,0.00,400.01,0.00,1300.09
485.100,77882.53,3500.57,131100.91,2469726.81,141863.46,0.00,11606.64,0.00,0.00,500.01,0.00,1200.07
485.246,83020.95,3300.51,139303.92,2570302.01,137809.37,0.00,8303.40,0.00,0.00,800.03,0.00,1400.10
485.392,81509.40,3900.71,132113.28,2647030.14,135782.89,100.00,8203.32,0.00,0.00,700.03,0.00,1800.17
485.538,78386.18,3600.61,129784.95,2530016.85,135478.95,100.00,9804.74,0.00,0.00,800.03,0.00,1300.09
485.684,81509.40,2900.39,132720.75,2625597.13,140038.92,100.00,9704.64,0.00,100.00,900.04,0.00,1900.19
485.830,81408.64,10905.56,126344.02,2494885.21,137201.36,200.00,8703.73,0.00,0.00,500.01,100.00,1600.13
485.976,83323.29,3900.71,137176.61,2524086.38,142573.10,0.00,10905.87,0.00,0.00,900.04,100.00,2400.30
486.122,182442.81,4901.12,138696.08,2580124.86,138113.36,300.00,8603.65,100.00,0.00,1900.18,0.00,1700.15
486.268,84331.14,10204.87,128469.17,2512217.24,142573.10,0.00,7302.63,0.00,0.00,1900.18,0.00,2500.32
486.414,78889.87,6301.86,124522.78,2515082.09,138721.39,0.00,10805.76,0.00,100.00,1400.10,0.00,1600.13
486.560,76472.40,5501.42,123308.78,2686688.93,141660.71,300.00,9904.84,0.00,0.00,2800.40,0.00,1600.13
486.706,82013.23,6802.17,131404.62,2577410.21,137404.02,200.00,9804.74,100.00,200.00,1500.11,0.00,700.03
486.852,78285.45,4200.83,132923.26,2556929.35,144600.85,400.01,10105.04,0.00,0.00,1200.07,100.00,1300.09
486.998,80199.54,5601.47,125736.89,2598033.07,141356.61,300.00,6402.02,0.00,0.00,1000.05,0.00,1300.09
487.144,85339.09,3400.54,126040.46,2563486.19,139937.55,100.00,7402.70,0.00,0.00,700.03,0.00,1900.19
487.290,84835.10,5201.27,122701.86,2624486.19,138012.01,100.00,8203.32,0.00,0.00,500.01,0.00,1200.07
487.436,85843.10,3700.64,130695.99,2632838.93,134162.01,100.00,9004.00,0.00,100.00,600.02,0.00,1800.17
487.582,79292.83,6902.23,129076.44,2543706.89,135073.73,100.00,9604.55,100.00,0.00,1300.09,0.00,1400.10
487.728,74357.56,4000.75,123207.63,2571688.53,133351.66,100.00,11406.42,0.00,0.00,900.04,0.00,1400.10
487.874,82214.75,4701.03,129177.65,2515616.66,147136.14,0.00,9304.27,0.00,0.00,900.04,0.00,1500.12
488.020,86447.94,1800.15,127861.93,2516326.62,143789.71,0.00,7102.49,0.00,100.00,1000.05,0.00,1400.10
488.166,81106.34,3800.68,122398.40,2539864.71,135175.03,200.00,8703.73,0.00,100.00,700.03,0.00,1500.12
488.312,83524.85,2600.32,116937.64,2427879.55,140849.77,200.00,9304.27,0.00,200.00,1100.06,100.00,1700.15
488.458,80703.32,3700.64,129177.65,2585011.19,140748.43,200.00,8503.57,0.00,0.00,900.04,0.00,1100.06
488.604,77681.06,3100.45,129886.18,2756200.45,136796.06,0.00,8503.57,0.00,0.00,700.03,0.00,1000.05
488.750,83928.00,5201.27,127254.74,2517070.17,139430.80,500.01,7402.70,0.00,0.00,2200.25,0.00,1600.13
488.896,81005.59,2700.34,123106.48,2558391.07,141457.97,300.00,9904.84,0.00,0.00,1000.05,0.00,1900.19
489.042,89976.86,4701.03,127153.54,2572991.66,139025.42,0.00,9104.09,0.00,0.00,1700.15,100.00,800.03
489.188,78889.87,6902.23,123106.48,2557998.49,148454.74,0.00,9404.36,0.00,0.00,1400.10,0.00,1500.12
489.334,78889.87,7202.43,115320.14,2569508.46,150280.75,0.00,8003.16,0.00,200.00,2900.43,0.00,1200.07
489.480,82416.31,15010.54,121488.08,2572457.09,135377.65,400.01,15912.48,0.00,0.00,1800.17,0.00,1100.06
489.626,80804.08,52327.81,127052.36,2687315.49,135580.26,100.00,10705.65,100.00,0.00,2900.43,0.00,1600.13
489.772,82214.75,6702.10,124320.45,2607814.12,134465.91,0.00,7502.78,0.00,100.00,1300.09,0.00,1100.06
489.918,77479.61,9404.14,121993.80,2540683.26,151295.33,100.00,9304.27,0.00,0.00,2500.32,0.00,1500.12
490.064,80098.79,5101.22,125838.09,2526993.22,139633.50,0.00,8103.24,300.00,0.00,2000.20,0.00,1800.17
490.210,82315.54,5301.32,122094.94,2594257.68,143891.12,300.00,9604.55,0.00,0.00,1000.05,0.00,1000.05
490.356,74055.49,4100.79,121488.08,2528154.16,151599.71,0.00,8203.32,0.00,100.00,1000.05,0.00,1800.17
490.502,81408.64,5401.36,105418.47,2574637.17,138012.01,100.00,11005.97,0.00,0.00,900.04,0.00,1300.09
490.648,77983.25,4100.79,125231.00,2506445.37,135478.95,100.00,9504.45,0.00,0.00,1500.11,0.00,1700.15
490.794,84734.31,4200.83,123308.78,2604782.09,149976.38,100.00,10105.04,400.01,100.00,1400.10,0.00,1600.13
490.941,86347.12,4901.12,121791.52,2478238.34,136897.39,0.00,8603.65,100.00,0.00,2400.29,0.00,1200.07
491.087,83928.00,4000.75,121386.94,2570076.42,146223.36,500.01,9304.27,0.00,0.00,1700.15,0.00,1000.05
491.233,81207.11,5601.47,118959.82,2457882.67,140849.77,0.00,9204.18,0.00,100.00,5201.38,0.00,1500.12
491.379,81509.40,2800.37,123612.27,2394493.80,144702.25,100.00,9004.00,0.00,0.00,2100.22,0.00,900.04
491.525,82819.40,5401.36,117746.45,2544107.87,131224.80,200.00,10505.44,0.00,100.00,900.04,0.00,1500.12
491.671,85943.89,4100.79,121083.52,2548818.81,142877.21,0.00,8103.24,0.00,0.00,2000.20,0.00,1500.12
491.817,80300.30,4600.99,114309.37,2545452.60,143688.30,0.00,6902.35,100.00,0.00,5401.49,0.00,1300.09
491.963,82214.75,4600.99,116937.64,2483383.45,134769.79,0.00,7803.00,0.00,0.00,1200.07,100.00,500.01
492.109,82718.62,8103.07,130797.21,2500406.31,139329.46,200.00,11106.08,0.00,0.00,900.04,0.00,900.04
492.255,79695.81,6401.92,116836.53,2556895.96,147339.02,0.00,8503.57,0.00,0.00,1200.07,0.00,1500.12
492.401,81005.59,3500.57,127963.15,2483909.82,141052.49,100.00,7803.00,0.00,0.00,1800.17,0.00,1400.10
492.547,81408.64,10505.16,121083.52,2573133.65,133959.41,200.00,8303.40,100.00,0.00,800.03,0.00,1600.13
492.693,82819.40,8303.23,115724.51,2597790.88,134871.11,200.00,6902.35,0.00,0.00,1600.13,0.00,1200.07
492.839,80501.81,20419.49,116229.95,2513160.99,136188.15,0.00,7002.42,0.00,0.00,1500.11,100.00,1000.05
492.985,79091.34,6401.92,123814.60,2541577.01,134567.20,100.00,11106.08,0.00,0.00,1700.15,0.00,1400.10
493.131,79897.30,4300.86,122701.86,2637499.67,138316.02,200.00,9704.64,0.00,0.00,1300.09,0.00,1300.09
493.277,91287.92,5301.32,124623.94,2509519.20,137809.37,100.00,6602.15,0.00,0.00,1300.09,0.00,1700.15
493.423,77983.25,4500.95,123207.63,2573116.85,131629.87,0.00,10405.34,0.00,0.00,1600.13,0.00,1500.12
493.569,86447.94,6902.23,128266.76,2558992.44,127174.81,200.00,9204.18,0.00,0.00,900.04,0.00,1700.15
493.715,85238.29,5001.17,120678.96,2585737.95,137100.03,100.00,8303.40,0.00,200.00,1600.13,0.00,1000.05
493.861,80804.08,4600.99,137176.61,2576508.07,141255.25,100.00,9604.55,100.00,0.00,700.03,0.00,800.03
494.007,83020.95,5201.27,119465.42,2486315.29,131832.42,200.00,9504.45,0.00,100.00,900.04,0.00,1200.07
494.153,88867.65,5901.63,126748.77,2699335.02,135377.65,0.00,11005.97,0.00,0.00,1300.09,0.00,1700.15
494.299,83827.20,5701.52,114511.51,2564805.92,147541.82,0.00,7302.63,100.00,0.00,1400.10,0.00,1700.15
494.445,81307.86,5301.32,128165.54,2578679.75,141762.08,100.00,7803.00,0.00,0.00,1700.15,100.00,1300.09
494.591,84431.94,3600.61,125231.00,2630759.04,132946.51,100.00,8603.65,0.00,100.00,1500.11,0.00,600.02
494.737,82013.23,3800.68,127457.14,2605500.45,135478.95,100.00,9404.36,0.00,0.00,2000.20,100.00,600.02
494.883,81509.40,5101.22,132012.06,2671795.96,141356.61,200.00,10705.65,0.00,0.00,1800.17,0.00,1400.10
495.029,82819.40,4901.12,123511.11,2639955.53,138518.69,0.00,10805.76,0.00,0.00,2300.27,0.00,1500.12
495.175,81912.47,5501.42,128266.76,2603520.76,143282.75,100.00,9204.18,0.00,0.00,1500.11,0.00,1500.12
495.321,84734.31,4400.91,140925.03,2571972.52,141052.49,0.00,10505.44,0.00,0.00,1000.05,0.00,1200.07
495.467,85943.89,4701.03,135049.73,2580901.62,135681.57,300.00,10004.94,0.00,100.00,1500.11,0.00,700.03
495.613,76774.56,4801.08,134644.66,2554390.10,133858.11,100.00,8803.82,0.00,0.00,1700.15,0.00,1500.12
495.759,85843.10,4400.91,130392.29,2610428.57,129908.38,200.00,8803.82,0.00,0.00,1300.09,0.00,1800.17
495.905,80300.30,3600.61,131809.56,2615231.31,137404.02,100.00,8303.40,100.00,0.00,1200.07,0.00,1400.10
496.051,81307.86,3700.64,130797.21,2547833.26,136390.77,100.00,8603.65,0.00,0.00,1400.10,0.00,900.04
496.197,81106.34,3800.68,134239.58,2642519.79,143485.53,100.00,9404.36,200.00,0.00,1000.05,0.00,2000.21
496.343,83020.95,3500.57,137379.19,2613761.19,151904.14,100.00,8003.16,0.00,100.00,1300.09,0.00,700.03
496.489,81408.64,2600.32,131404.62,2657763.54,134263.30,0.00,10705.65,100.00,0.00,600.02,0.00,2000.21
496.635,90380.25,2700.34,132214.53,2533692.05,137100.03,100.00,10205.14,0.00,100.00,1100.06,0.00,1600.13
496.781,77378.88,3200.48,126647.59,2610846.15,137100.03,100.00,10205.14,0.00,100.00,1400.10,0.00,800.03
496.927,75566.00,3300.51,136771.48,2547240.10,132237.52,0.00,11005.97,100.00,100.00,600.02,0.00,1400.10
497.073,82416.31,4901.12,140317.08,2610311.58,141356.61,100.00,10004.94,0.00,100.00,900.04,0.00,1200.07
497.220,80804.08,5001.17,128367.95,2490358.06,140241.63,100.00,9104.09,100.00,0.00,1400.10,0.00,1500.12
497.366,81811.69,6001.68,131607.10,2585604.16,144499.47,100.00,8103.24,0.00,0.00,1000.05,0.00,2000.21
497.512,81811.69,6001.68,133429.50,2492203.96,139329.46,200.00,8303.40,0.00,0.00,1500.11,100.00,1300.09
497.658,81610.16,4801.08,131708.33,2527569.39,129807.11,300.00,8403.48,100.00,200.00,1300.09,0.00,1000.05
497.804,84835.10,4500.95,126344.02,2619975.64,131528.60,300.00,11106.08,0.00,0.00,900.04,0.00,2300.27
497.950,77479.61,11406.09,139202.62,2572640.88,136188.15,0.00,8803.82,0.00,0.00,500.01,0.00,1400.10
498.096,79897.30,3400.54,133733.30,2552126.42,128997.12,400.01,7803.00,100.00,0.00,1200.07,0.00,1500.12
498.242,79292.83,2800.37,138290.88,2529966.66,143080.00,0.00,10905.87,0.00,100.00,900.04,0.00,1300.09
498.388,84129.57,3600.61,133429.50,2552694.39,132946.51,0.00,8103.24,0.00,100.00,900.04,0.00,1700.15
498.534,82718.62,4300.86,140013.14,2626131.70,136796.06,200.00,8903.91,0.00,0.00,900.04,0.00,1200.07
498.680,79292.83,3200.48,138999.99,2473577.40,130313.42,100.00,10105.04,0.00,0.00,1000.05,0.00,800.03
498.826,75163.17,4300.86,137581.79,2568882.09,136390.77,200.00,8103.24,0.00,0.00,1000.05,0.00,1600.13
498.972,83424.07,5801.57,135556.09,2582881.31,137302.69,200.00,10905.87,0.00,0.00,1000.05,0.00,2000.21
499.118,82718.62,4701.03,136163.78,2518490.10,137606.69,100.00,10505.44,0.00,0.00,800.03,0.00,1900.19
499.264,75566.00,6702.10,132012.06,2525122.13,135073.73,100.00,10505.44,100.00,0.00,1100.06,0.00,2100.23
499.410,77983.25,4400.91,146702.14,2584343.03,136998.72,200.00,9904.84,0.00,100.00,1100.06,0.00,900.04
499.556,76170.27,3500.57,128266.76,2488127.79,138822.73,200.00,9804.74,0.00,0.00,1800.17,0.00,1300.09
499.702,80300.30,4901.12,132720.75,2548777.01,130313.42,200.00,10004.94,0.00,100.00,900.04,0.00,1800.17
499.848,76875.27,6001.68,122904.17,2622306.11,137505.35,200.00,8203.32,0.00,0.00,1200.07,0.00,1200.07
499.994,76472.40,4801.08,132012.06,2618814.71,141255.25,200.00,9204.18,0.00,0.00,2100.22,0.00,2500.32
500.140,80501.81,5401.36,135556.09,2552886.58,135985.50,100.00,8203.32,0.00,0.00,1600.13,0.00,1500.12
500.286,82617.85,5901.63,138290.88,2617094.00,139734.84,100.00,7803.00,100.00,0.00,1100.06,0.00,2700.38
500.432,78789.13,5401.36,144573.36,2587776.03,150483.65,100.00,9704.64,100.00,100.00,1700.15,200.00,1800.17
500.578,85943.89,10104.78,129076.44,2543506.50,145614.91,100.00,9204.18,0.00,200.00,1200.07,0.00,2300.27
500.724,87758.55,5101.22,141229.02,2610628.96,136998.72,0.00,11106.08,0.00,0.00,1600.13,0.00,1500.12
500.870,83625.63,6301.86,135758.65,2655332.87,139633.50,300.00,9404.36,0.00,0.00,1600.13,0.00,1400.10
501.016,73249.97,4400.91,135859.93,2685753.38,139025.42,0.00,10105.04,0.00,0.00,1300.09,100.00,1300.09
501.162,82214.75,3700.64,134745.91,2564947.91,148150.43,0.00,10405.34,0.00,500.01,1200.07,0.00,1000.05
501.308,79897.30,4701.03,135353.54,2530317.44,129705.85,100.00,8803.82,0.00,0.00,800.03,0.00,2000.21
501.454,85641.49,3500.57,138594.78,2567545.57,141153.86,100.00,8403.48,200.00,0.00,1200.07,0.00,1900.19
501.600,81005.59,3200.48,143661.15,2567787.95,137100.03,200.00,9804.74,0.00,0.00,1000.05,0.00,1500.12
501.746,84935.90,3700.64,132012.06,2595418.61,142775.86,100.00,10004.94,0.00,100.00,1400.10,0.00,1900.19
501.892,81106.34,4701.03,138696.08,2712833.07,147339.02,300.00,9004.00,0.00,0.00,1000.05,0.00,1500.12
502.038,80098.79,5201.27,140114.44,2580809.82,134871.11,300.00,8703.73,0.00,0.00,1000.05,0.00,1900.19
502.184,78486.91,6301.86,142343.68,2662775.06,135884.19,100.00,10505.44,200.00,100.00,2200.25,0.00,1300.09
502.330,80602.56,4600.99,138797.39,2626023.11,142775.86,100.00,10805.76,0.00,0.00,400.01,0.00,800.03
502.476,81912.47,5001.17,141229.02,2626390.68,133554.21,100.00,8803.82,100.00,0.00,1100.06,0.00,1500.12
502.622,83827.20,4200.83,132113.28,2551750.64,138316.02,400.01,8603.65,0.00,0.00,1700.15,0.00,1100.06
502.768,85137.49,3200.48,137176.61,2544968.22,139937.55,0.00,9104.09,0.00,0.00,1700.15,0.00,1100.06
502.914,79091.34,9704.41,131607.10,2683748.89,131022.24,100.00,9404.36,100.00,300.00,1700.15,100.00,1200.07
503.060,76371.69,4901.12,127153.54,2539254.94,132338.80,100.00,10405.34,0.00,0.00,900.04,0.00,1200.07
503.206,77882.53,5901.63,138594.78,2530150.45,136492.11,0.00,9004.00,0.00,100.00,2000.20,0.00,1400.10
503.353,79897.30,4801.08,130594.77,2600522.13,131123.51,100.00,11906.99,0.00,0.00,2400.29,0.00,1500.12
503.499,83928.00,4901.12,140925.03,2444459.82,169879.73,0.00,7602.85,1200.07,0.00,2900.43,0.00,1300.09
503.645,84734.31,28137.00,143661.15,2579272.91,136390.77,0.00,9404.36,200.00,0.00,2600.34,0.00,1900.19
503.791,85238.29,6301.86,138797.39,2620076.04,135884.19,100.00,8003.16,100.00,0.00,2300.27,0.00,1300.09
503.937,80904.83,5801.57,136265.04,2604105.53,126365.01,100.00,9004.00,300.00,0.00,1500.11,0.00,1400.10
504.083,79695.81,5801.57,138797.39,2566643.61,128997.12,100.00,9704.64,0.00,0.00,2500.32,0.00,1500.12
504.229,75666.71,4801.08,136568.89,2491727.99,133655.53,100.00,8203.32,0.00,0.00,2000.20,0.00,1000.05
504.375,82718.62,5101.22,137986.97,2550255.53,122620.46,100.00,9104.09,0.00,0.00,1600.13,100.00,1500.12
504.521,76975.99,3300.51,140823.68,2456212.16,127478.51,0.00,8503.57,0.00,0.00,700.03,0.00,1900.19
504.667,77378.88,4200.83,137581.79,2516193.02,134871.11,200.00,10905.87,0.00,0.00,900.04,0.00,1000.05
504.813,74760.36,6101.74,135556.09,2541142.63,131731.16,100.00,8303.40,0.00,0.00,800.03,0.00,1300.09
504.959,81710.91,4901.12,128469.17,2610303.18,127174.81,100.00,7602.85,0.00,0.00,900.04,0.00,1700.15
505.105,77177.44,3900.71,124623.94,2495344.59,127984.70,100.00,8203.32,0.00,0.00,1000.05,0.00,500.01
505.251,81005.59,2700.34,136163.78,2515925.84,143992.50,400.01,9804.74,0.00,100.00,600.02,0.00,1300.09
505.397,81610.16,4000.75,132720.75,2520853.96,129807.11,0.00,10305.24,0.00,0.00,1100.06,0.00,2400.30
505.543,86952.01,4901.12,136062.47,2595544.00,135276.35,100.00,6902.35,0.00,0.00,1700.15,0.00,2000.21
505.689,78889.87,3100.45,129784.95,2547448.89,127478.51,100.00,7903.08,0.00,0.00,1300.09,0.00,1800.17
505.835,85742.29,5201.27,145080.18,2686964.71,131224.80,400.01,10505.44,0.00,0.00,800.03,0.00,1900.19
505.981,84431.94,3300.51,136670.18,2606410.80,138518.69,300.00,8303.40,100.00,0.00,1200.07,0.00,900.04
506.127,81912.47,3500.57,140114.44,2638727.60,139430.80,0.00,9804.74,0.00,0.00,400.01,0.00,900.04
506.273,80098.79,6802.17,135150.98,2574545.17,140849.77,200.00,9904.84,0.00,0.00,1000.05,0.00,1400.10
506.419,87960.19,3500.57,137986.97,2623742.83,141255.25,400.01,8103.24,100.00,0.00,800.03,0.00,1400.10
506.565,76774.56,3800.68,136670.18,2485488.34,129503.36,200.00,9304.27,0.00,0.00,400.01,0.00,2000.21
506.711,79998.05,2300.25,133328.27,2520628.38,133452.93,100.00,11606.64,0.00,0.00,1000.05,0.00,1500.12
506.857,93406.09,3200.48,138696.08,2741491.27,134972.42,0.00,10905.87,0.00,100.00,700.03,0.00,1300.09
507.003,81106.34,4100.79,135454.82,2527485.99,140647.06,0.00,7702.93,0.00,0.00,800.03,0.00,1600.13
507.149,87052.83,3600.61,138088.27,2644766.66,139937.55,100.00,9304.27,0.00,0.00,800.03,0.00,1400.10
507.295,83121.72,4400.91,129380.09,2599244.20,133047.79,0.00,7702.93,0.00,0.00,500.01,0.00,2100.23
507.441,78889.87,3800.68,120375.56,2592428.38,134263.30,300.00,8003.16,0.00,0.00,600.02,0.00,2200.25
507.587,82214.75,3800.68,137581.79,2513177.79,136796.06,100.00,8903.91,0.00,0.00,1200.07,0.00,1700.15
507.733,89270.98,3100.45,137885.66,2652868.81,137100.03,0.00,9604.55,0.00,200.00,1100.06,0.00,1900.19
507.879,86851.19,3600.61,124826.30,2648466.86,132136.25,0.00,7402.70,200.00,100.00,700.03,0.00,1700.15
508.025,82416.31,3700.64,125332.18,2642502.99,141153.86,200.00,8003.16,0.00,100.00,600.02,0.00,1200.07
508.171,85540.69,4701.03,136366.31,2740706.12,147034.71,100.00,9704.64,0.00,0.00,1500.11,100.00,1400.10
508.317,87355.26,3100.45,134239.58,2695075.06,136998.72,100.00,9404.36,100.00,200.00,1000.05,0.00,1200.07
508.463,85540.69,4200.83,141735.65,2687749.86,150280.75,100.00,9204.18,100.00,0.00,1200.07,0.00,2300.27
508.609,85641.49,4500.95,133834.55,2601983.85,148860.49,0.00,8903.91,0.00,0.00,1500.11,0.00,1500.12
508.755,90178.55,3400.54,128671.58,2642695.18,129807.11,0.00,10004.94,0.00,0.00,1000.05,0.00,1400.10
508.901,87153.63,2800.37,138493.46,2620527.01,135276.35,0.00,9104.09,100.00,0.00,1700.15,0.00,1500.12
509.047,97240.02,3100.45,135758.65,2633507.09,132136.25,100.00,11806.87,0.00,0.00,1100.06,0.00,2500.32
509.193,84431.94,3600.61,128874.01,2744590.10,128288.41,100.00,6602.15,0.00,0.00,1000.05,0.00,1800.17
509.339,93103.46,2900.39,127963.15,2654079.94,131326.06,100.00,9704.64,0.00,0.00,1100.06,0.00,1400.10
509.486,91388.76,4300.86,133632.03,2634576.23,129300.86,200.00,8003.16,0.00,0.00,900.04,0.00,2100.23
509.632,80098.79,3400.54,137277.90,2582471.93,138620.02,0.00,8803.82,0.00,100.00,2200.25,0.00,2400.30
509.778,97542.76,5401.36,130695.99,2548568.22,132034.99,0.00,9304.27,0.00,0.00,300.00,0.00,1400.10
509.924,90884.49,3300.51,128367.95,2653804.36,136694.74,0.00,8903.91,300.00,0.00,200.00,0.00,1400.10
510.070,80098.79,4901.12,134138.32,2592186.19,139228.10,0.00,8303.40,0.00,0.00,800.03,0.00,1400.10
510.216,90077.71,3600.61,126647.59,2555116.85,137505.35,200.00,7903.08,0.00,0.00,900.04,0.00,1300.09
510.362,85238.29,4000.75,132012.06,2486323.69,134972.42,200.00,10705.65,100.00,0.00,1100.06,0.00,2100.23
510.508,86851.19,3800.68,121386.94,2585286.78,130414.68,100.00,11206.19,0.00,0.00,1400.10,0.00,1700.15
510.654,83323.29,4901.12,124725.11,2551349.67,139633.50,100.00,10105.04,100.00,100.00,500.01,0.00,1300.09
510.800,82416.31,3500.57,122803.02,2591651.62,146730.45,0.00,10305.24,0.00,200.00,600.02,0.00,2500.32
510.946,89775.19,3900.71,128874.01,2527544.39,129604.62,0.00,9304.27,0.00,0.00,1000.05,0.00,1300.09
511.092,88766.82,3400.54,133125.75,2596713.34,133959.41,100.00,10405.34,0.00,0.00,500.01,0.00,1900.19
511.238,78990.60,4400.91,120476.70,2532814.90,132743.95,100.00,8903.91,0.00,0.00,200.00,0.00,1900.19
511.384,86851.19,4000.75,117240.93,2482322.71,128187.16,0.00,8503.57,0.00,0.00,1100.06,0.00,1800.17
511.530,81307.86,2300.25,130797.21,2552368.81,141052.49,200.00,7803.00,0.00,0.00,800.03,0.00,1500.12
511.676,86145.52,4300.86,133024.51,2547599.28,134162.01,100.00,9004.00,0.00,100.00,1000.05,0.00,1600.13
511.822,87657.73,4901.12,138189.58,2562350.25,133959.41,0.00,10205.14,0.00,0.00,500.01,0.00,1000.05
511.968,89573.50,6602.04,138594.78,2602936.19,128389.64,0.00,10105.04,0.00,200.00,700.03,0.00,1900.19
512.114,89270.98,5101.22,127254.74,2473427.01,124745.57,100.00,8703.73,0.00,100.00,900.04,0.00,1600.13
512.260,89472.66,6501.98,126951.17,2604706.89,146223.36,100.00,9304.27,100.00,100.00,1600.13,0.00,1500.12
512.406,88565.15,6401.92,134442.12,2671094.40,136897.39,200.00,8403.48,100.00,0.00,1200.07,0.00,1700.15
512.552,89876.03,14109.31,129481.30,2629439.32,144702.25,0.00,8503.57,0.00,0.00,1700.15,0.00,1200.07
512.698,98350.11,8703.54,137581.79,2601666.46,136492.11,0.00,8103.24,0.00,100.00,1700.15,0.00,1600.13
512.844,86246.33,7302.49,138392.17,2582806.11,131224.80,100.00,7803.00,0.00,100.00,700.03,0.00,1900.19
512.990,84734.31,7002.29,145688.37,2595711.00,147541.82,0.00,10105.04,0.00,100.00,600.02,0.00,2100.23
513.136,95928.26,7102.36,135353.54,2660027.01,137606.69,0.00,8803.82,0.00,0.00,1100.06,0.00,900.04
513.282,88061.02,6401.92,132619.51,2649786.58,132440.10,100.00,7302.63,0.00,100.00,1800.17,0.00,1700.15
513.428,92195.63,7302.49,121083.52,2653453.38,145716.32,100.00,9804.74,0.00,0.00,1900.18,0.00,1600.13
513.574,86447.94,7002.29,124219.27,2591676.62,138012.01,0.00,9104.09,0.00,0.00,800.03,0.00,1600.13
513.720,81509.40,4801.08,137075.33,2602326.43,143789.71,200.00,8703.73,100.00,100.00,800.03,0.00,1500.12
513.866,87758.55,3700.64,137277.90,2601015.10,143080.00,0.00,9704.64,0.00,0.00,300.00,0.00,1800.17
514.012,85742.29,5001.17,137176.61,2591885.41,134263.30,100.00,7202.56,0.00,0.00,1000.05,0.00,1400.10
514.158,88363.51,4500.95,127457.14,2667519.40,135884.19,0.00,9104.09,0.00,0.00,700.03,0.00,2100.23
514.304,83323.29,4300.86,134644.66,2672881.90,134871.11,200.00,8303.40,0.00,0.00,1200.07,0.00,800.03
514.450,81710.91,3000.42,129886.18,2598358.85,134364.60,0.00,6602.15,0.00,0.00,300.00,100.00,2500.32
514.596,80804.08,2700.34,125231.00,2655658.65,140038.92,0.00,8003.16,0.00,0.00,700.03,0.00,2300.27
514.742,89573.50,2900.39,124219.27,2536231.31,128895.86,0.00,10705.65,0.00,0.00,1000.05,0.00,1900.19
514.888,84129.57,3300.51,128671.58,2580859.82,146831.86,0.00,10205.14,0.00,0.00,1600.13,0.00,2200.25
515.034,86347.12,2600.32,133632.03,2634283.85,140140.27,200.00,8303.40,100.00,0.00,600.02,0.00,2100.23
515.180,86044.70,3200.48,128975.23,2561966.07,143080.00,0.00,9804.74,100.00,0.00,1700.15,0.00,1700.15
515.326,86145.52,2900.39,123308.78,2669641.08,141153.86,100.00,8803.82,0.00,0.00,500.01,0.00,1400.10
515.472,83827.20,3300.51,121690.36,2639429.16,139937.55,100.00,10305.24,0.00,0.00,300.00,0.00,1900.19
515.618,83625.63,6501.98,121993.80,2589454.94,131326.06,0.00,10805.76,0.00,0.00,700.03,0.00,1700.15
515.765,82819.40,8503.38,131404.62,2645718.81,141559.35,100.00,8903.91,0.00,0.00,700.03,0.00,2500.32
515.911,82819.40,4600.99,124421.60,2702893.22,146121.96,0.00,9404.36,0.00,0.00,1100.06,0.00,1300.09
516.057,81207.11,6802.17,123005.31,2555885.21,131629.87,0.00,8603.65,0.00,0.00,1200.07,0.00,900.04
516.203,81106.34,4901.12,123612.27,2557898.30,135782.89,0.00,9904.84,0.00,0.00,1000.05,0.00,1000.05
516.349,85137.49,6201.80,115522.33,2642060.41,135276.35,0.00,9204.18,0.00,0.00,500.01,0.00,800.03
516.495,87153.63,5501.42,123106.48,2623325.25,136492.11,0.00,8803.82,0.00,0.00,1000.05,0.00,1200.07
516.641,90077.71,4000.75,122398.40,2690263.93,144803.68,0.00,7602.85,0.00,100.00,300.00,0.00,1500.12
516.787,89876.03,5001.17,129582.52,2684392.05,138316.02,0.00,10205.14,0.00,0.00,1500.11,0.00,900.04
516.933,86750.38,3800.68,129886.18,2760193.03,138316.02,0.00,8603.65,0.00,0.00,600.02,0.00,1100.06
517.079,82315.54,4801.08,122196.08,2679630.92,136998.72,200.00,10004.94,0.00,0.00,600.02,0.00,700.03
517.225,83424.07,3600.61,121892.65,2573684.82,141255.25,0.00,7602.85,0.00,0.00,900.04,0.00,1700.15
517.371,88161.84,4901.12,118555.35,2673984.43,135073.73,0.00,9004.00,0.00,200.00,600.02,0.00,1500.12
517.517,85742.29,3900.71,115219.08,2631210.22,146426.22,0.00,8803.82,0.00,0.00,1000.05,0.00,1000.05
517.663,79494.31,3300.51,117443.13,2593681.31,142775.86,0.00,8503.57,0.00,100.00,800.03,0.00,1700.15
517.809,77479.61,3600.61,110166.10,2643513.73,138113.36,0.00,7702.93,0.00,0.00,1300.09,0.00,1600.13
517.955,87153.63,6602.04,111984.90,2514355.52,139633.50,100.00,9404.36,100.00,0.00,1000.05,0.00,1300.09
518.101,80501.81,6501.98,123207.63,2686747.52,142268.95,0.00,10405.34,0.00,0.00,1500.11,0.00,1400.10
518.247,83625.63,12707.55,119667.65,2529607.48,138518.69,0.00,8903.91,0.00,0.00,1200.07,0.00,1300.09
518.393,87254.45,3700.64,105317.47,2634192.05,132946.51,100.00,7502.78,0.00,0.00,900.04,0.00,1400.10
518.539,81811.69,3200.48,117948.67,2524595.95,134162.01,0.00,7502.78,0.00,100.00,1900.18,100.00,700.03
518.685,83928.00,4000.75,108650.67,2580317.05,135681.57,0.00,8803.82,0.00,0.00,900.04,0.00,1300.09
518.831,81005.59,3200.48,111277.54,2586974.08,128288.41,0.00,9104.09,0.00,0.00,600.02,0.00,700.03
518.977,77681.06,3700.64,107943.53,2541184.43,145513.49,100.00,8003.16,0.00,0.00,1100.06,0.00,900.04
519.123,86044.70,2400.27,110267.14,2505819.00,136694.74,0.00,8803.82,0.00,0.00,900.04,0.00,1200.07
519.269,84935.90,2200.23,106933.45,2490717.24,138518.69,100.00,6802.28,0.00,100.00,900.04,0.00,1200.07
519.415,87355.26,3900.71,122196.08,2551934.43,128895.86,100.00,9704.64,0.00,0.00,900.04,0.00,1500.12
519.561,84532.73,2600.32,107236.46,2563102.01,133351.66,100.00,8103.24,100.00,200.00,1600.13,0.00,2000.21
519.707,86044.70,2400.27,115219.08,2529056.31,129199.61,0.00,8203.32,0.00,0.00,1000.05,0.00,1900.19
519.853,85137.49,3600.61,112187.01,2513603.77,129199.61,100.00,8503.57,100.00,0.00,2200.25,0.00,1400.10
519.999,84734.31,4100.79,113298.66,2491402.20,131832.42,0.00,8103.24,0.00,0.00,1000.05,0.00,1700.15
520.145,78386.18,2600.32,125129.81,2562517.24,142877.21,0.00,7502.78,0.00,200.00,1600.13,0.00,900.04
520.291,84734.31,3400.54,115522.33,2533750.45,141559.35,0.00,7402.70,0.00,100.00,900.04,0.00,900.04
520.437,78083.98,2700.34,114814.75,2599110.60,133149.09,0.00,9704.64,0.00,0.00,500.01,0.00,1800.17
520.583,79192.09,2700.34,115623.40,2594082.28,125352.85,0.00,9604.55,0.00,0.00,700.03,0.00,1100.06
520.729,74055.49,2300.25,112490.16,2474170.56,140545.69,0.00,5901.72,0.00,0.00,500.01,0.00,1500.12
520.875,80804.08,3200.48,113197.59,2523685.41,136492.11,100.00,7702.93,0.00,0.00,900.04,0.00,1100.06
521.021,82214.75,4300.86,124016.95,2546663.73,139228.10,0.00,8703.73,0.00,0.00,500.01,0.00,1400.10
521.167,85540.69,2400.27,127861.93,2500180.92,141052.49,100.00,7903.08,0.00,0.00,500.01,0.00,1400.10
521.313,83524.85,2800.37,118959.82,2508249.67,135377.65,0.00,5701.60,100.00,0.00,900.04,0.00,600.02
521.459,83222.51,3000.42,115320.14,2741391.08,138316.02,200.00,9304.27,0.00,0.00,600.02,0.00,1500.12
521.605,77882.53,3000.42,115320.14,2431521.34,128085.93,100.00,8203.32,0.00,0.00,500.01,0.00,1100.06
521.751,83424.07,3700.64,128165.54,2606653.18,139937.55,200.00,9204.18,100.00,0.00,600.02,0.00,1800.17
521.898,86347.12,4901.12,118555.35,2553939.12,143688.30,0.00,8703.73,0.00,0.00,600.02,0.00,1200.07
522.044,88665.99,6802.17,114410.45,2452269.59,140849.77,0.00,7702.93,0.00,0.00,1400.10,0.00,1400.10
522.190,80300.30,6201.80,118959.82,2519659.43,131326.06,0.00,8303.40,0.00,0.00,900.04,0.00,1600.13
522.336,82214.75,4500.95,110974.43,2661622.52,135681.57,0.00,9804.74,200.00,100.00,1400.10,0.00,1400.10
522.482,90884.49,2400.27,112692.28,2612558.46,132845.22,200.00,8403.48,0.00,0.00,900.04,0.00,1300.09
522.628,77076.71,2100.21,116432.13,2515641.85,128997.12,0.00,9404.36,0.00,0.00,1100.06,0.00,1500.12
522.774,88766.82,3200.48,119869.92,2560880.14,135681.57,0.00,8103.24,0.00,0.00,1000.05,100.00,1500.12
522.920,87153.63,2700.34,116128.86,2658598.69,138924.08,0.00,8003.16,100.00,0.00,500.01,0.00,2100.23
523.066,84230.35,4901.12,127457.14,2569024.08,139734.84,100.00,10905.87,0.00,0.00,700.03,0.00,1300.09
523.212,89573.50,2800.37,117948.67,2479023.49,130718.47,0.00,6702.22,0.00,0.00,800.03,0.00,1400.10
523.358,92498.23,2700.34,116634.34,2503947.91,139734.84,0.00,9904.84,0.00,0.00,500.01,0.00,900.04
523.504,82617.85,2400.27,132822.00,2514355.52,135681.57,0.00,9004.00,0.00,0.00,800.03,100.00,1600.13
523.650,74961.76,2700.34,120881.23,2496931.70,129098.35,0.00,7402.70,0.00,0.00,1400.10,0.00,1500.12
523.796,80703.32,3100.45,121285.78,2401677.20,136998.72,0.00,7502.78,100.00,0.00,1800.17,0.00,1300.09
523.942,82416.31,2500.29,123511.11,2423419.19,133047.79,0.00,7402.70,0.00,0.00,2000.20,0.00,1300.09
524.088,82214.75,3300.51,124725.11,2533700.45,130313.42,0.00,10605.55,100.00,0.00,1100.06,0.00,1500.12
524.234,79091.34,4600.99,126647.59,2524846.54,133554.21,0.00,8603.65,0.00,0.00,600.02,8603.81,1500.12
524.380,86347.12,3300.51,125231.00,2471430.72,139836.18,0.00,6902.35,100.00,0.00,1100.06,0.00,1100.06
524.526,85742.29,3800.68,125838.09,2522649.67,126871.13,100.00,8303.40,0.00,0.00,1200.07,0.00,1700.15
524.672,86145.52,2400.27,121690.36,2612917.64,128288.41,0.00,8703.73,0.00,0.00,1000.05,0.00,1500.12
524.818,78889.87,2400.27,109761.97,2597774.08,126365.01,300.00,9304.27,0.00,0.00,400.01,100.00,1200.07
524.964,86447.94,2300.25,121386.94,2533625.25,133554.21,0.00,7502.78,0.00,0.00,1100.06,0.00,2000.21
525.110,77479.61,3200.48,127153.54,2530158.85,140647.06,100.00,9204.18,0.00,0.00,700.03,0.00,1200.07
525.256,84431.94,11506.19,117139.82,2490550.25,127883.45,100.00,8903.91,0.00,0.00,900.04,0.00,900.04
525.402,80703.32,3200.48,116027.79,2409704.16,135985.50,0.00,8003.16,0.00,0.00,800.03,0.00,1400.10
525.548,84331.14,3300.51,120881.23,2561155.72,141356.61,200.00,9804.74,0.00,0.00,1000.05,0.00,900.04
525.694,83424.07,3300.51,124421.60,2415935.21,126061.36,100.00,9604.55,0.00,0.00,600.02,0.00,1300.09
525.840,88565.15,3800.68,118251.98,2555626.23,130110.88,0.00,9404.36,0.00,0.00,1000.05,0.00,1700.15
525.986,85036.70,4500.95,124522.78,2524587.56,128389.64,200.00,9404.36,0.00,100.00,1200.07,0.00,2200.25
526.132,86851.19,5401.36,123207.63,2542570.96,135985.50,100.00,9104.09,0.00,0.00,1400.10,0.00,2200.25
526.278,91792.19,5601.47,128772.79,2493264.90,128085.93,100.00,8203.32,0.00,0.00,1200.07,0.00,1600.13
526.424,86044.70,4801.08,126546.37,2579974.47,141153.86,0.00,8203.32,0.00,0.00,900.04,0.00,2400.30
526.570,85540.69,3100.45,129380.09,2562625.84,130617.19,0.00,10105.04,0.00,0.00,1000.05,0.00,2400.30
526.716,88363.51,3900.71,116836.53,2781726.43,141255.25,0.00,9204.18,0.00,0.00,1000.05,0.00,1400.10
526.862,88565.15,4701.03,125838.09,2588911.97,126263.80,0.00,8303.40,0.00,100.00,1000.05,0.00,1900.19
527.008,90178.55,3900.71,146195.24,2568004.94,134972.42,0.00,9604.55,0.00,0.00,800.03,0.00,1800.17
527.154,84331.14,3300.51,133125.75,2628963.34,137201.36,100.00,12107.23,0.00,0.00,800.03,0.00,1800.17
527.300,88262.67,5101.22,123713.44,2524361.97,127073.60,0.00,8503.57,0.00,0.00,900.04,0.00,2100.23
527.446,84532.73,4300.86,131607.10,2597389.90,143586.91,0.00,10405.34,0.00,0.00,600.02,0.00,1000.05
527.592,82819.40,4000.75,123915.77,2411124.08,127073.60,0.00,9004.00,0.00,0.00,1000.05,0.00,1400.10
527.738,87456.09,3600.61,124623.94,2575163.34,132338.80,0.00,9204.18,100.00,0.00,200.00,0.00,1500.12
527.884,89069.31,2600.32,125231.00,2657813.54,142066.19,100.00,7803.00,100.00,0.00,700.03,0.00,1500.12
528.031,91893.05,2700.34,123511.11,2585754.55,132743.95,100.00,8403.48,0.00,0.00,400.01,0.00,1600.13
528.177,84431.94,4901.12,123207.63,2542871.74,132440.10,200.00,8903.91,0.00,0.00,400.01,0.00,2000.21
528.323,81912.47,3700.64,119364.30,2566668.61,136796.06,100.00,10605.55,0.00,0.00,1200.07,0.00,1100.06
528.469,84935.90,4500.95,127457.14,2492212.36,139937.55,0.00,8203.32,0.00,0.00,1000.05,0.00,1500.12
528.615,78285.45,5601.47,135150.98,2539714.31,127984.70,0.00,9004.00,0.00,100.00,1700.15,0.00,1800.17
528.761,91691.33,4300.86,122094.94,2569374.86,130617.19,100.00,6502.09,0.00,0.00,900.04,100.00,2000.21
528.907,88665.99,3600.61,118150.89,2596095.18,132642.65,0.00,8803.82,0.00,0.00,900.04,0.00,1900.19
529.053,88565.15,3000.42,128570.38,2513712.36,125757.69,0.00,8203.32,0.00,0.00,600.02,0.00,2100.23
529.199,80804.08,5801.57,132619.51,2509210.21,134668.50,0.00,8103.24,0.00,0.00,800.03,0.00,1100.06
529.344,84129.57,6101.74,130797.21,2499888.53,130212.15,0.00,10705.65,0.00,0.00,800.03,0.00,1500.12
529.491,86246.33,4300.86,122297.24,2436817.05,134263.30,0.00,8703.73,0.00,0.00,900.04,0.00,1800.17
529.637,87456.09,7402.56,130797.21,2531804.35,138620.02,100.00,8503.57,100.00,100.00,1000.05,0.00,2400.30
529.783,88665.99,7502.63,116331.06,2448811.58,133959.41,0.00,9004.00,0.00,0.00,800.03,0.00,1600.13
529.929,91388.76,4901.12,117746.45,2489856.89,132845.22,0.00,9604.55,0.00,0.00,600.02,0.00,800.03
530.075,85742.29,6001.68,127052.36,2592035.80,122114.55,0.00,8203.32,100.00,0.00,600.02,0.00,2000.21
530.221,84331.14,8403.30,120072.16,2530476.23,135276.35,0.00,9204.18,0.00,0.00,1100.06,0.00,1300.09
530.367,80703.32,6902.23,119263.17,2421706.89,129807.11,0.00,9804.74,0.00,0.00,700.03,0.00,2600.35
530.513,83222.51,10805.46,123308.78,2491310.21,129705.85,0.00,9404.36,0.00,0.00,900.04,0.00,1700.15
530.659,85943.89,7202.43,127153.54,2530785.21,137201.36,0.00,8803.82,0.00,0.00,1200.07,0.00,1900.19
530.805,85843.10,5001.17,130695.99,2621504.36,138518.69,0.00,11206.19,100.00,0.00,900.04,0.00,1900.19
530.951,86044.70,3700.64,114713.67,2516159.63,131427.35,0.00,11606.64,0.00,0.00,700.03,0.00,700.03
531.097,87556.92,5001.17,123915.77,2644248.69,136289.48,200.00,8103.24,0.00,0.00,400.01,0.00,1200.07
531.243,84129.57,5501.42,119768.80,2562133.07,140140.27,0.00,10004.94,0.00,0.00,600.02,0.00,1400.10
531.389,86952.01,3400.54,116836.53,2575447.32,142573.10,100.00,12007.11,0.00,0.00,800.03,0.00,2400.30
531.535,86750.38,3600.61,112692.28,2567754.35,139329.46,100.00,10605.55,0.00,0.00,600.02,0.00,1300.09
531.681,86044.70,3400.54,116735.43,2578245.57,141863.46,100.00,7702.93,0.00,0.00,200.00,0.00,2000.21
531.827,88665.99,2300.25,123207.63,2586163.92,135175.03,0.00,7502.78,0.00,0.00,300.00,0.00,1100.06
531.973,92599.12,3500.57,104711.55,2479357.48,134769.79,0.00,10705.65,0.00,0.00,900.04,0.00,1500.12
532.119,89170.16,4000.75,118757.57,2667436.00,141559.35,0.00,8003.16,0.00,0.00,1000.05,0.00,1800.17
532.265,90682.79,4300.86,111984.90,2542913.34,136593.44,0.00,7903.08,0.00,100.00,500.01,0.00,1700.15
532.411,85742.29,3500.57,105822.44,2485605.33,139734.84,100.00,8403.48,100.00,0.00,600.02,0.00,1900.19
532.557,78083.98,4000.75,107135.46,2516059.43,129402.11,0.00,9004.00,0.00,0.00,700.03,0.00,2600.35
532.703,85439.88,3100.45,109964.02,2539330.13,142775.86,0.00,8003.16,0.00,0.00,500.01,0.00,1600.13
532.849,88262.67,3700.64,112793.37,2480777.40,135985.50,0.00,8603.65,0.00,100.00,500.01,0.00,1000.05
532.995,85036.70,3400.54,100572.01,2441410.99,138417.36,0.00,8403.48,0.00,0.00,600.02,0.00,700.03
533.141,85137.49,2800.37,103903.73,2465575.45,134465.91,200.00,8003.16,0.00,0.00,500.01,0.00,2300.27
533.287,86952.01,3600.61,96635.86,2570519.20,132845.22,0.00,8403.48,100.00,0.00,800.03,0.00,1300.09
533.433,88262.67,2700.34,105519.47,2491527.40,130212.15,100.00,9704.64,0.00,0.00,900.04,0.00,1300.09
533.579,91489.62,4600.99,99562.60,2567645.96,140647.06,200.00,9204.18,0.00,0.00,1200.07,0.00,1500.12
533.725,93002.58,2500.29,99865.41,2549670.76,142471.70,0.00,9604.55,0.00,100.00,1000.05,0.00,1900.19
533.871,87556.92,3200.48,93709.91,2543723.69,150280.75,0.00,9204.18,0.00,0.00,400.01,0.00,1000.05
534.017,84230.35,3700.64,99562.60,2581812.17,134263.30,0.00,9504.45,0.00,0.00,700.03,100.00,1400.10
534.163,83625.63,3200.48,103499.82,2567370.17,129503.36,0.00,7903.08,0.00,0.00,800.03,0.00,1400.10
534.310,88665.99,4100.79,95223.23,2614187.36,134162.01,300.00,7402.70,0.00,0.00,700.03,100.00,1300.09
534.456,93103.46,2300.25,90078.84,2513728.96,143181.39,0.00,7502.78,0.00,0.00,800.03,0.00,1300.09
534.602,84734.31,3200.48,91995.08,2433242.05,140748.43,0.00,8103.24,0.00,0.00,900.04,0.00,900.04
534.748,89775.19,3900.71,91188.20,2540741.66,143688.30,0.00,8703.73,0.00,0.00,1400.10,0.00,1500.12
534.894,87254.45,3800.68,106024.44,2558382.67,148251.85,0.00,6902.35,0.00,0.00,1300.09,0.00,1000.05
535.040,87153.63,4100.79,99663.53,2594767.25,141457.97,0.00,6402.02,100.00,0.00,700.03,0.00,1500.12
535.185,86246.33,2900.39,89070.42,2558265.68,136796.06,0.00,7302.63,0.00,0.00,1400.10,0.00,1400.10
535.332,85439.88,3000.42,93104.65,2560980.33,141863.46,0.00,9304.27,0.00,239193.34,1800.17,0.00,900.04
535.478,76875.27,11406.09,103499.82,2557488.92,149976.38,0.00,9504.45,100.00,100.00,1300.09,0.00,1800.17
535.624,82718.62,3800.68,87961.28,2458985.21,138012.01,100.00,8803.82,0.00,0.00,1000.05,0.00,900.04
535.770,89573.50,3300.51,96736.78,2597114.32,148556.18,0.00,9104.09,0.00,0.00,1000.05,0.00,1500.12
535.916,93305.21,6401.92,87457.15,2593171.74,133452.93,100.00,8903.91,0.00,100.00,700.03,0.00,1600.13
536.062,84532.73,2700.34,95425.03,2470912.95,134364.60,0.00,7402.70,0.00,0.00,800.03,0.00,1400.10
536.208,88363.51,3900.71,93810.80,2543439.71,144803.68,0.00,7202.56,0.00,0.00,300.00,0.00,1300.09
536.354,87153.63,3300.51,91188.20,2610595.57,140444.34,0.00,8803.82,0.00,0.00,600.02,0.00,1900.19
536.500,81408.64,4701.03,89372.93,2539246.54,132237.52,100.00,8003.16,0.00,0.00,600.02,0.00,1400.10
536.646,84331.14,3100.45,93911.68,2533817.24,144803.68,100.00,9704.64,0.00,0.00,700.03,0.00,1900.19
536.792,93506.96,3100.45,90784.79,2549503.77,142674.47,0.00,8903.91,0.00,0.00,300.00,0.00,1500.12
536.938,86750.38,2700.34,85844.12,2468565.88,146426.22,100.00,8203.32,0.00,0.00,1100.06,0.00,1100.06
537.084,92094.78,5301.32,96736.78,2577326.62,136796.06,0.00,8903.91,0.00,0.00,400.01,0.00,2200.25
537.230,83726.43,4000.75,88162.91,2554582.28,143384.15,100.00,8203.32,0.00,0.00,1000.05,0.00,1400.10
537.376,84935.90,4500.95,84735.31,2505167.44,144499.47,0.00,7702.93,0.00,0.00,900.04,100.00,1900.19
537.522,89876.03,2400.27,92095.96,2557848.10,146324.80,0.00,8403.48,0.00,0.00,700.03,0.00,500.01
537.668,89170.16,3200.48,86247.36,2460246.54,145209.29,0.00,7903.08,0.00,0.00,1100.06,0.00,1400.10
537.814,84532.73,6702.10,85138.48,2634643.03,145006.46,0.00,9004.00,0.00,100.00,1000.05,0.00,1200.07
537.960,76774.56,3600.61,85844.12,2581077.01,139025.42,100.00,7702.93,200.00,0.00,1600.13,0.00,1700.15
538.106,85641.49,3200.48,88263.75,2524520.76,136694.74,0.00,7102.49,0.00,0.00,600.02,0.00,400.01
538.252,81811.69,4300.86,87154.68,2535546.35,134972.42,0.00,6502.09,0.00,100.00,1400.10,0.00,1300.09
538.398,82819.40,4000.75,85037.70,2603554.16,138822.73,100.00,7302.63,0.00,0.00,1000.05,0.00,1000.05
538.544,84431.94,6201.80,93104.65,2545327.40,142674.47,0.00,6602.15,0.00,0.00,1200.07,0.00,1800.17
538.690,87960.19,3400.54,88364.58,2532472.52,143688.30,100.00,8603.65,0.00,0.00,1400.10,0.00,1000.05
538.836,90380.25,5501.42,90784.79,2551199.28,145817.70,0.00,9204.18,0.00,100.00,1300.09,0.00,2300.27
538.982,86145.52,3700.64,95122.35,2613644.39,136796.06,0.00,9804.74,0.00,100.00,1500.11,0.00,1000.05
539.128,87859.36,4300.86,83324.26,2502586.38,137100.03,0.00,9304.27,0.00,0.00,1500.11,0.00,600.02
539.274,83424.07,6001.68,92902.91,2556778.96,165611.54,100.00,9404.36,0.00,0.00,1200.07,0.00,1400.10
539.420,90279.41,6902.23,84634.51,2534418.61,134972.42,0.00,8103.24,0.00,0.00,1400.10,0.00,1400.10
539.566,80300.30,4701.03,82316.47,2531562.17,135478.95,0.00,7702.93,0.00,100.00,1100.06,0.00,1500.12
539.712,95423.78,3300.51,89171.26,2488328.38,140342.98,0.00,8003.16,0.00,0.00,600.02,0.00,1300.09
539.858,95726.45,3600.61,91389.91,2548392.83,141153.86,0.00,7903.08,0.00,0.00,800.03,200.00,1700.15
540.004,84331.14,3300.51,88969.58,2447483.45,133554.21,100.00,7502.78,0.00,0.00,1000.05,0.00,1600.13
540.150,88565.15,3600.61,89776.30,2490533.45,124239.59,0.00,6602.15,0.00,0.00,900.04,0.00,1000.05
540.296,87456.09,4000.75,99259.79,2570878.38,136289.48,0.00,9504.45,100.00,0.00,1100.06,0.00,1400.10
540.443,94414.88,6001.68,87759.61,2620769.20,131731.16,0.00,7402.70,100.00,100.00,1100.06,0.00,1800.17
540.589,90985.34,2900.39,93205.53,2642027.01,136593.44,0.00,7202.56,0.00,0.00,600.02,0.00,2100.23
540.735,90279.41,2800.37,91894.22,2489623.10,139228.10,0.00,7102.49,0.00,0.00,600.02,0.00,1100.06
540.881,82517.09,3100.45,94214.35,2480259.63,140951.14,0.00,7702.93,0.00,100.00,900.04,0.00,1500.12
541.027,86044.70,4100.79,85440.90,2471347.32,125960.11,0.00,8403.48,0.00,0.00,900.04,0.00,1300.09
541.173,87254.45,4000.75,93810.80,2443816.66,127377.29,0.00,6802.28,0.00,0.00,500.01,0.00,1600.13
541.319,91691.33,1900.17,96333.15,2449780.52,124644.38,0.00,6602.15,100.00,0.00,1200.07,0.00,600.02
541.465,83625.63,3000.42,88868.74,2553746.93,134162.01,0.00,6602.15,0.00,0.00,800.03,0.00,1400.10
541.611,83424.07,3900.71,93709.91,2494359.04,129604.62,0.00,7702.93,100.00,0.00,700.03,0.00,1100.06
541.757,84431.94,4100.79,90482.23,2507130.33,136492.11,0.00,7102.49,0.00,200.00,500.01,0.00,1700.15
541.903,87153.63,4300.86,90683.93,2514154.94,130212.15,100.00,7702.93,0.00,0.00,600.02,0.00,1800.17
542.049,88766.82,5901.63,91894.22,2461599.66,132338.80,0.00,8803.82,0.00,0.00,800.03,0.00,1700.15
542.195,89674.34,6001.68,101278.65,2516543.81,129300.86,0.00,8803.82,0.00,0.00,1200.07,100.00,1500.12
542.341,91993.90,6802.17,98654.21,2577852.99,133858.11,100.00,7202.56,0.00,0.00,800.03,0.00,1800.17
542.487,92699.97,6001.68,94012.58,2520862.17,137809.37,0.00,8203.32,0.00,0.00,500.01,0.00,1400.10
542.633,84129.57,5701.52,82719.58,2470737.56,132136.25,100.00,7002.42,0.00,100.00,1600.13,0.00,1500.12
542.779,95524.67,5901.63,100269.16,2544124.67,128997.12,0.00,9604.55,0.00,0.00,1200.07,0.00,1600.13
542.925,90783.66,3800.68,100773.89,2600472.13,135175.03,0.00,8503.57,0.00,0.00,1100.06,0.00,1600.13
543.071,84331.14,5601.47,96131.33,2437451.81,132136.25,0.00,7302.63,0.00,0.00,900.04,0.00,1700.15
543.217,84633.50,5101.22,96534.96,2577877.99,134668.50,0.00,7803.00,0.00,0.00,900.04,0.00,1500.12
543.363,80904.83,5801.57,110469.22,2539580.72,132541.37,0.00,6402.02,0.00,0.00,900.04,0.00,2100.23
543.509,89976.86,5601.47,96131.33,2441987.36,127579.74,0.00,8303.40,0.00,0.00,800.03,0.00,1500.12
543.655,90682.79,5201.27,102692.07,2497474.67,121709.85,0.00,8503.57,0.00,0.00,700.03,0.00,1700.15
543.801,88766.82,5001.17,96837.69,2540775.06,129098.35,0.00,8103.24,0.00,0.00,600.02,0.00,1800.17
543.947,89674.34,4100.79,95425.03,2546379.74,134871.11,0.00,9404.36,0.00,0.00,600.02,0.00,1700.15
544.093,101781.98,4500.95,97140.42,2579799.08,143384.15,0.00,9904.84,0.00,0.00,500.01,0.00,1800.17
544.239,91993.90,5801.57,102086.29,2526208.06,135782.89,0.00,8803.82,100.00,0.00,600.02,0.00,1100.06
544.385,87456.09,5101.22,102894.01,2528396.35,128895.86,0.00,8703.73,0.00,0.00,1000.05,0.00,1500.12
544.531,86246.33,5501.42,97544.08,2528588.53,127984.70,0.00,9804.74,0.00,0.00,1000.05,0.00,1000.05
544.677,92699.97,6001.68,95828.63,2563168.81,127883.45,0.00,9504.45,0.00,100.00,600.02,0.00,1300.09
544.823,94313.99,5701.52,92297.69,2598993.61,125049.21,0.00,8303.40,0.00,0.00,700.03,0.00,1200.07
544.969,97038.20,3200.48,94012.58,2553329.35,132946.51,0.00,8503.57,0.00,0.00,500.01,0.00,1000.05
545.115,91187.05,5001.17,92802.03,2521313.34,134162.01,0.00,8703.73,0.00,0.00,800.03,0.00,1700.15
545.261,90682.79,6602.04,99461.67,2508859.43,138924.08,0.00,8103.24,0.00,0.00,700.03,0.00,1600.13
545.407,89472.66,4400.91,93709.91,2465416.85,131224.80,0.00,5601.55,0.00,100.00,400.01,0.00,1900.19
545.553,89876.03,4500.95,88364.58,2480526.81,127276.03,0.00,9204.18,0.00,100.00,900.04,0.00,1300.09
545.699,87859.36,3100.45,86751.41,2548301.03,131933.71,0.00,8803.82,0.00,0.00,500.01,0.00,1100.06
545.845,88867.65,11606.30,92297.69,2491794.78,129503.36,0.00,8003.16,0.00,100.00,800.03,0.00,1200.07
545.991,95221.97,6101.74,97644.98,2535120.37,132136.25,0.00,8803.82,0.00,0.00,400.01,0.00,1800.17
546.137,95524.67,6902.23,91188.20,2560178.57,135985.50,0.00,9004.00,0.00,0.00,1100.06,100.00,1700.15
546.283,96130.05,3500.57,90784.79,2521121.15,124138.37,0.00,6201.90,0.00,0.00,800.03,0.00,1600.13
546.429,91187.05,4000.75,85944.93,2500289.51,129705.85,0.00,9504.45,0.00,0.00,900.04,0.00,1200.07
546.576,88766.82,5701.52,91389.91,2505877.40,130920.96,0.00,7202.56,0.00,0.00,500.01,0.00,800.03
546.722,95121.08,2600.32,82014.16,2516051.03,121507.49,0.00,6602.15,0.00,0.00,400.01,0.00,1500.12
546.868,83121.72,3100.45,87154.68,2535178.77,135985.50,0.00,10105.04,0.00,100.00,400.01,0.00,1300.09
547.014,92397.37,4500.95,88868.74,2546421.54,133959.41,0.00,6702.22,0.00,100.00,300.00,0.00,1200.07
547.160,90581.94,4100.79,87658.79,2518114.12,134668.50,0.00,7803.00,0.00,0.00,1100.06,0.00,2100.23
547.306,91187.05,4000.75,87457.15,2550790.10,142573.10,0.00,7002.42,0.00,100.00,600.02,0.00,1700.15
547.452,89876.03,4000.75,83626.61,2498527.01,134263.30,0.00,7803.00,0.00,0.00,1400.10,0.00,700.03
547.598,88363.51,3200.48,85743.32,2538486.58,131629.87,0.00,7002.42,0.00,100.00,1800.17,0.00,1400.10
547.744,96432.76,3400.54,85844.12,2584526.82,134871.11,100.00,7002.42,0.00,100.00,1300.09,0.00,1100.06
547.890,90985.34,3500.57,80099.68,2467521.73,136897.39,0.00,5801.66,0.00,0.00,500.01,0.00,1600.13
548.036,92599.12,2900.39,86549.80,2638610.61,136897.39,0.00,6802.28,100.00,100.00,700.03,0.00,500.01
548.182,82617.85,6702.10,78991.47,2454391.27,136492.11,0.00,8203.32,0.00,0.00,800.03,0.00,500.01
548.328,84734.31,3400.54,78487.76,2544634.04,142978.60,0.00,7602.85,0.00,0.00,1000.05,0.00,1400.10
548.474,92498.23,4400.91,84231.34,2512417.63,139126.76,0.00,9304.27,0.00,0.00,1300.09,0.00,700.03
548.620,95827.36,3800.68,83122.68,2569800.84,141356.61,100.00,7602.85,100.00,100.00,1200.07,0.00,700.03
548.766,97038.20,2300.25,78789.98,2547223.49,132642.65,0.00,9204.18,0.00,0.00,1300.09,0.00,1800.17
548.912,89270.98,11706.41,72948.65,2593405.72,142268.95,0.00,7803.00,100.00,0.00,1300.09,100.00,2000.21
549.058,91691.33,4200.83,77379.71,2548969.20,135175.03,0.00,9004.00,0.00,100.00,1300.09,0.00,800.03
549.204,96937.29,4400.91,75063.25,2518941.07,151295.33,0.00,8303.40,0.00,300.00,2400.29,0.00,1500.12
549.350,90279.41,4600.99,83525.82,2514522.52,143384.15,0.00,9104.09,0.00,100.00,1900.18,0.00,1200.07
549.496,93506.96,5101.22,79192.96,2601925.45,135782.89,0.00,8603.65,0.00,0.00,2000.20,0.00,1600.13
549.642,99258.43,3400.54,79696.69,2543163.92,135073.73,0.00,7102.49,0.00,300.00,2300.27,0.00,1200.07
549.788,95625.56,6802.17,70431.82,2592979.75,133554.21,0.00,8503.57,0.00,0.00,1000.05,0.00,2200.25
549.934,94414.88,7786836.89,76473.22,2584284.43,133756.83,0.00,7302.63,0.00,0.00,1400.10,100.00,1100.06
550.080,90884.49,11388.11,77782.63,2511916.46,141052.49,0.00,8303.40,0.00,100.00,1200.07,0.00,1900.19
550.226,91590.47,9604.31,76775.37,2518072.32,142471.70,0.00,7803.00,0.00,700.02,1500.11,0.00,800.03
550.372,87153.63,9304.05,76473.22,2421297.71,138113.36,0.00,5901.72,0.00,0.00,2200.25,0.00,900.04
550.518,90783.66,9003.79,80905.74,2526466.85,143586.91,0.00,8603.65,100.00,100.00,1800.17,0.00,1500.12
550.664,94717.52,13308.28,78991.47,2590373.69,141153.86,100.00,7903.08,0.00,0.00,1500.11,100.00,1400.10
550.810,93708.69,12807.67,78890.73,2567796.15,266889.75,0.00,8503.57,100.00,300.00,1400.10,0.00,1300.09
550.956,89775.19,7402.56,70633.14,2548309.24,132338.80,0.00,8703.73,0.00,0.00,1200.07,0.00,1700.15
551.102,94616.65,5701.52,76775.37,2562475.45,142268.95,100.00,6402.02,100.00,0.00,1800.17,0.00,1400.10
551.248,95928.26,4000.75,70733.80,2580801.42,136289.48,0.00,6702.22,0.00,0.00,400.01,0.00,1000.05
551.394,86750.38,4600.99,76171.06,2552402.21,151701.19,0.00,9304.27,0.00,100.00,1000.05,0.00,1900.19
551.540,92397.37,4901.12,68821.36,2467195.95,135478.95,0.00,6602.15,0.00,0.00,1700.15,0.00,1400.10
551.686,89069.31,5401.36,74358.33,2488637.36,132237.52,0.00,7102.49,0.00,200.00,1400.10,0.00,1700.15
551.832,92094.78,8103.07,68922.00,2558641.66,134364.60,0.00,7702.93,0.00,0.00,800.03,0.00,1000.05
551.978,89371.83,8703.54,70029.18,2531085.99,139734.84,0.00,8003.16,0.00,0.00,800.03,0.00,1300.09
552.124,94011.35,16612.91,66204.87,2513327.99,139025.42,100.00,6201.90,0.00,0.00,1100.06,0.00,1200.07
552.270,91691.33,49514.46,71941.84,2500431.50,137910.67,0.00,9404.36,0.00,0.00,1200.07,0.00,800.03
552.416,94717.52,29841.61,66204.87,2473836.38,143688.30,0.00,9904.84,100.00,0.00,900.04,100.00,1300.09
552.562,88464.32,36261.43,71438.48,2457389.90,135884.19,0.00,6001.78,0.00,0.00,1000.05,0.00,800.03
552.708,95121.08,31747.09,68720.70,2527861.78,140038.92,100.00,8203.32,0.00,0.00,1200.07,0.00,900.04
552.855,97845.51,32348.89,61174.96,2555058.26,139329.46,100.00,8403.48,100.00,0.00,700.03,0.00,700.03
553.001,90783.66,34455.46,64192.61,2536615.49,142877.21,0.00,7502.78,100.00,0.00,900.04,0.00,700.03
553.147,86750.38,29540.78,69827.86,2504023.10,137404.02,0.00,7702.93,0.00,0.00,800.03,0.00,1200.07
553.293,92195.63,37565.92,67915.58,2658874.47,143789.71,0.00,9104.09,24329.19,0.00,500.01,100.00,1400.10
553.439,92397.37,26432.65,70129.84,2587082.68,148353.30,0.00,7502.78,0.00,100.00,800.03,0.00,1000.05
553.585,92094.78,16913.38,70129.84,2526617.24,135681.57,0.00,8703.73,0.00,0.00,1200.07,0.00,1300.09
553.731,98148.26,14910.40,67613.67,2479558.06,134567.20,0.00,6201.90,100.00,0.00,800.03,0.00,800.03
553.877,94313.99,11706.41,67814.94,2525949.08,132946.51,0.00,7302.63,100.00,0.00,600.02,0.00,2100.23
554.023,88565.15,8303.23,71337.81,2569491.85,142775.86,0.00,7202.56,100.00,0.00,800.03,0.00,1200.07
554.169,95423.78,7002.29,66506.73,2574169.39,142370.33,0.00,7702.93,0.00,0.00,500.01,0.00,1800.17
554.315,96634.57,6201.80,66104.24,2627225.84,149164.81,0.00,8103.24,0.00,0.00,900.04,100.00,600.02
554.461,95121.08,5901.63,62381.93,2618914.90,143789.71,0.00,7202.56,100.00,0.00,400.01,0.00,900.04
554.607,90380.25,5901.63,73351.40,2544316.66,138417.36,0.00,8003.16,0.00,0.00,1200.07,0.00,700.03
554.753,97744.59,7602.70,65098.09,2455919.78,139633.50,0.00,7702.93,0.00,0.00,1100.06,0.00,1300.09
554.899,98047.35,5301.32,72042.52,2526375.06,139633.50,100.00,7002.42,0.00,0.00,1100.06,0.00,900.04
555.045,90985.34,5001.17,66607.37,2576407.87,138822.73,0.00,6702.22,0.00,0.00,700.03,0.00,1100.06
555.191,93910.46,7002.29,65299.32,2529281.70,144296.66,0.00,8903.91,0.00,0.00,1300.09,0.00,900.04
555.337,95524.67,6101.74,59968.13,2522758.26,137505.35,0.00,7502.78,0.00,100.00,1700.15,100.00,900.04
555.483,95423.78,8403.30,66808.61,2530459.43,145919.12,0.00,9204.18,0.00,0.00,1500.11,0.00,900.04
555.629,93708.69,4500.95,68217.49,2625012.36,146121.96,0.00,7402.70,0.00,0.00,2000.20,0.00,400.01
555.775,100469.66,4400.91,68217.49,2604899.08,142370.33,0.00,8203.32,0.00,0.00,1300.09,0.00,1300.09
555.921,91489.62,3900.71,61577.26,2617703.77,142471.70,0.00,8203.32,300.00,0.00,900.04,0.00,1300.09
556.067,93708.69,3800.68,67915.58,2592111.00,137708.02,0.00,7602.85,0.00,100.00,1600.13,0.00,1200.07
556.213,97240.02,5201.27,63790.21,2674661.00,145310.67,200.00,7903.08,0.00,0.00,900.04,0.00,900.04
556.359,92699.97,4801.08,63890.82,2545335.80,136593.44,100.00,8203.32,0.00,100.00,2100.22,0.00,1200.07
556.505,101176.28,3400.54,68821.36,2564204.55,140444.34,0.00,7402.70,100.00,0.00,2600.34,0.00,800.03
556.651,92397.37,2200.23,61577.26,2508742.44,142471.70,0.00,8103.24,0.00,0.00,1700.15,0.00,1200.07
556.797,96937.29,3300.51,66406.11,2530367.63,142978.60,0.00,10004.94,0.00,100.00,1300.09,0.00,1600.13
556.943,97139.11,4500.95,68016.21,2574386.58,139633.50,0.00,8603.65,100.00,0.00,700.03,0.00,900.04
557.089,99763.09,3900.71,63689.61,2541050.84,141356.61,0.00,8203.32,0.00,0.00,700.03,0.00,1400.10
557.235,92498.23,5101.22,69928.52,2547290.29,133452.93,0.00,6702.22,0.00,100.00,500.01,0.00,1700.15
557.381,94112.23,5601.47,61778.43,2601716.66,137910.67,0.00,8203.32,100.00,0.00,1000.05,100.00,900.04
557.527,89270.98,4000.75,67211.13,2495820.76,147237.59,0.00,8003.16,0.00,100.00,600.02,0.00,800.03
557.673,91893.05,3200.48,62985.45,2485738.92,149063.36,100.00,8503.57,0.00,0.00,1400.10,0.00,1400.10
557.819,97340.93,4000.75,66406.11,2742927.99,145817.70,0.00,6001.78,0.00,0.00,1800.17,0.00,1900.19
557.965,96230.95,6602.04,97140.42,2612449.86,145107.88,0.00,7102.49,0.00,0.00,900.04,0.00,900.04
558.111,100570.60,5301.32,61476.69,2610687.56,139532.16,0.00,8503.57,0.00,0.00,700.03,0.00,500.01
558.257,99763.09,5801.57,68418.77,2619817.05,140444.34,0.00,8203.32,0.00,0.00,700.03,0.00,2200.25
558.403,94011.35,4300.86,62884.86,2608390.49,140342.98,0.00,7803.00,100.00,200.00,1600.13,0.00,500.01
558.549,94818.41,4701.03,68821.36,2601090.29,140849.77,0.00,9604.55,0.00,100.00,1700.15,0.00,1600.13
558.695,94112.23,4100.79,70532.47,2639788.34,142370.33,100.00,7402.70,0.00,0.00,1700.15,0.00,900.04
558.841,99258.43,3400.54,65903.01,2561439.71,148759.04,0.00,7702.93,0.00,0.00,1600.13,0.00,2100.23
558.988,97845.51,3600.61,72545.91,2589839.12,148353.30,0.00,7202.56,0.00,0.00,1100.06,0.00,1500.12
559.134,91691.33,2900.39,60169.26,2546605.33,129908.38,0.00,7502.78,0.00,0.00,1400.10,0.00,1500.12
559.280,97946.42,2200.23,68519.42,2583123.50,143586.91,0.00,9304.27,0.00,0.00,1600.13,0.00,1400.10
559.426,93305.21,3100.45,65198.70,2594023.69,141052.49,0.00,8003.16,0.00,0.00,1400.10,0.00,1700.15
559.572,95827.36,3400.54,68720.70,2585378.77,147947.55,0.00,8503.57,0.00,0.00,1400.10,0.00,1400.10
559.718,94616.65,2500.29,69626.55,2510847.32,133351.66,100.00,7702.93,0.00,0.00,1500.11,0.00,1500.12
559.864,95625.56,3400.54,68016.21,2458358.84,146121.96,0.00,9204.18,100.00,0.00,700.03,0.00,1600.13
560.010,101983.89,3100.45,69123.30,2545694.98,138316.02,0.00,6201.90,0.00,0.00,1600.13,0.00,1400.10
560.156,96029.15,2800.37,66909.24,2548426.23,132946.51,0.00,7202.56,100.00,0.00,1100.06,0.00,1300.09
560.302,97240.02,3200.48,63790.21,2657938.93,150179.29,0.00,7102.49,0.00,0.00,900.04,0.00,2000.21
560.448,99258.43,2900.39,67814.94,2563260.60,134263.30,0.00,8003.16,0.00,0.00,600.02,0.00,1100.06
560.594,99157.51,3200.48,61879.01,2472341.27,140545.69,0.00,10105.04,0.00,0.00,1500.11,0.00,1300.09
560.740,97946.42,3800.68,64796.25,2480919.39,132541.37,0.00,6902.35,0.00,100.00,1300.09,0.00,1000.05
560.886,101580.07,4600.99,67714.31,2532606.11,148048.99,0.00,7402.70,0.00,0.00,1200.07,0.00,1300.09
561.032,96533.67,8103.07,63287.23,2468473.88,140647.06,0.00,8603.65,0.00,100.00,1500.11,0.00,1100.06
561.178,101781.98,3800.68,71035.80,2567996.74,134567.20,0.00,8303.40,0.00,0.00,500.01,0.00,1500.12
561.324,98955.63,2400.27,69324.59,2661196.35,144296.66,0.00,7702.93,0.00,0.00,1200.07,0.00,1200.07
561.470,97139.11,4200.83,67110.51,2614855.53,136796.06,100.00,9904.84,0.00,100.00,1400.10,0.00,900.04
561.616,97139.11,4901.12,72948.65,2572289.90,141762.08,0.00,10205.14,0.00,0.00,800.03,100.00,1400.10
561.762,102286.75,6501.98,70129.84,2567787.95,154745.69,0.00,8803.82,0.00,0.00,1200.07,0.00,1600.13
561.908,100772.48,4500.95,64293.21,2533725.45,143586.91,0.00,8903.91,0.00,0.00,900.04,0.00,1000.05
562.054,105113.97,3500.57,70129.84,2544291.66,144093.86,0.00,7803.00,0.00,0.00,3900.78,0.00,1100.06
562.200,100671.54,4300.86,66607.37,2519734.63,136188.15,0.00,7803.00,0.00,0.00,1400.10,100.00,1400.10
562.346,101176.28,3300.51,68016.21,2566242.64,137201.36,100.00,8103.24,0.00,0.00,900.04,0.00,1300.09
562.492,106123.87,2800.37,72445.23,2570001.42,136188.15,100.00,8103.24,0.00,0.00,800.03,0.00,1700.15
562.638,92599.12,4901.12,65903.01,2472040.48,142674.47,0.00,8503.57,0.00,0.00,500.01,0.00,1600.13
562.784,94112.23,5001.17,72344.56,2540307.48,133554.21,100.00,8903.91,0.00,0.00,700.03,0.00,1000.05
562.930,86750.38,5301.32,74559.73,2503947.91,135884.19,0.00,9804.74,0.00,0.00,1000.05,0.00,1900.19
563.076,96331.86,5301.32,75768.21,2521722.52,145817.70,200.00,7402.70,100.00,100.00,1400.10,0.00,1200.07
563.222,98652.88,2400.27,74559.73,2553705.14,137100.03,0.00,11005.97,0.00,0.00,800.03,0.00,900.04
563.368,99561.22,3500.57,68116.85,2642536.39,134972.42,0.00,8903.91,0.00,0.00,1200.07,0.00,900.04
563.514,97744.59,79192.38,73955.56,2571972.52,138316.02,0.00,7702.93,0.00,0.00,800.03,0.00,1900.19
563.660,97139.11,3900.71,72545.91,2539321.74,135884.19,0.00,7502.78,0.00,0.00,800.03,0.00,1100.06
563.806,99460.28,5501.42,67714.31,2651039.51,135985.50,0.00,7903.08,0.00,400.01,1000.05,0.00,1200.07
563.952,103296.39,6702.10,75566.79,2541894.39,136998.72,0.00,8103.24,0.00,0.00,1200.07,100.00,700.03
564.098,107840.92,7402.56,73351.40,2563419.39,137404.02,0.00,8403.48,200.00,0.00,2600.34,0.00,1700.15
564.244,106426.87,9404.14,76070.34,2632621.74,141356.61,0.00,7102.49,100.00,200.00,1600.13,0.00,1700.15
564.390,102791.57,8503.38,80704.23,2807795.18,136289.48,0.00,8103.24,100.00,100.00,2500.32,0.00,1900.19
564.536,100873.43,8803.63,74257.64,2772062.17,140140.27,0.00,7402.70,0.00,0.00,2300.27,0.00,1600.13
564.682,107840.92,6702.10,75466.08,2693153.97,137708.02,0.00,7502.78,100.00,0.00,1300.09,0.00,1400.10
564.828,98047.35,6001.68,73049.33,2488077.79,145006.46,0.00,9404.36,100.00,0.00,500.01,0.00,2400.30
564.974,92901.72,4600.99,76171.06,2589964.32,137606.69,0.00,8903.91,0.00,100.00,1000.05,0.00,1500.12
565.121,103397.37,4901.12,80502.70,2497265.68,124846.80,0.00,8303.40,100.00,100.00,1100.06,0.00,1900.19
565.267,107436.89,6401.92,71841.16,2581361.00,135681.57,0.00,7302.63,0.00,0.00,700.03,0.00,1600.13
565.413,109356.19,3700.64,73452.08,2520344.39,134972.42,0.00,8403.48,0.00,0.00,500.01,0.00,1900.19
565.559,103700.26,4000.75,73452.08,2554081.11,138316.02,100.00,8703.73,0.00,0.00,800.03,0.00,1600.13
565.705,93708.69,3900.71,71841.16,2543656.89,139734.84,0.00,7102.49,0.00,0.00,700.03,0.00,800.03
565.851,98652.88,3700.64,73250.72,2390175.44,133452.93,0.00,8603.65,0.00,0.00,900.04,0.00,1800.17
565.997,102791.57,3600.61,75063.25,2482623.49,134567.20,0.00,6802.28,0.00,0.00,800.03,0.00,1500.12
566.143,97038.20,2800.37,76775.37,2462167.63,139633.50,0.00,10805.76,0.00,0.00,400.01,0.00,1700.15
566.289,107032.86,3400.54,74660.43,2532731.50,128288.41,0.00,9004.00,0.00,0.00,800.03,0.00,1200.07
566.435,101681.03,3700.64,80401.95,2526767.63,135985.50,100.00,7502.78,0.00,600.02,900.04,0.00,900.04
566.581,96230.95,2200.23,76976.81,2625221.15,130414.68,0.00,7602.85,0.00,0.00,300.00,0.00,1600.13
566.727,93910.46,2500.29,71035.80,2485814.12,136188.15,0.00,8703.73,0.00,0.00,100.00,0.00,2300.27
566.873,100469.66,3500.57,74861.84,2589638.53,135073.73,0.00,10305.24,0.00,0.00,500.01,0.00,2000.21
567.019,95928.26,3700.64,84836.10,2444184.23,124846.80,0.00,6201.90,100.00,0.00,400.01,0.00,2000.21
567.165,95020.20,8203.15,77984.10,2484502.79,136593.44,0.00,7903.08,100.00,200.00,600.02,0.00,2000.21
567.311,94717.52,2300.25,80704.23,2498527.01,136593.44,0.00,8803.82,0.00,0.00,1100.06,0.00,1300.09
567.457,103498.33,3700.64,81208.03,2714503.58,142978.60,0.00,10004.94,0.00,0.00,800.03,0.00,1600.13
567.603,101075.32,4100.79,69827.86,2560328.96,132136.25,0.00,6902.35,0.00,100.00,400.01,0.00,1600.13
567.749,97441.85,3100.45,74761.13,2468123.10,126567.46,0.00,8503.57,0.00,300.00,0.00,0.00,1700.15
567.895,92901.72,3800.68,72243.87,2449713.73,132237.52,0.00,7803.00,100.00,100.00,600.02,0.00,1200.07
568.041,95221.97,3600.61,77379.71,2456629.74,138620.02,0.00,7502.78,0.00,0.00,700.03,0.00,2000.21
568.187,93406.09,3500.57,74156.95,2432356.69,128997.12,0.00,7702.93,0.00,0.00,800.03,0.00,1800.17
568.333,89270.98,3900.71,72948.65,2459778.77,120293.47,0.00,8303.40,0.00,0.00,600.02,0.00,1000.05
568.479,94818.41,3800.68,78286.29,2473953.38,127579.74,0.00,8603.65,0.00,0.00,800.03,0.00,1700.15
568.625,94011.35,2900.39,79394.44,2446205.52,130009.65,0.00,7302.63,0.00,0.00,300.00,0.00,1600.13
568.771,97542.76,4300.86,127254.74,2505100.64,131123.51,0.00,7302.63,0.00,0.00,1000.05,0.00,1700.15
568.917,91993.90,4200.83,73250.72,2451793.41,126061.36,0.00,7803.00,100.00,0.00,300.00,0.00,1700.15
569.063,89976.86,3200.48,72445.23,2460263.14,137201.36,0.00,9204.18,0.00,0.00,0.00,0.00,1800.17
569.209,91792.19,3200.48,74761.13,2418758.45,128085.93,0.00,7202.56,0.00,0.00,1300.09,0.00,1400.10
569.355,98249.18,2900.39,75264.66,2389022.71,129098.35,0.00,7302.63,100.00,0.00,700.03,0.00,1300.09
569.501,95524.67,2700.34,76171.06,2478714.31,131832.42,0.00,6502.09,0.00,0.00,1100.06,0.00,1400.10
569.647,93305.21,4400.91,77883.36,2513653.77,125656.47,0.00,7602.85,0.00,0.00,600.02,0.00,1600.13
569.793,94011.35,3600.61,75969.63,2518481.70,129604.62,0.00,9104.09,0.00,0.00,1100.06,0.00,1600.13
569.939,91287.92,4701.03,87053.87,2469777.01,136289.48,100.00,8503.57,0.00,0.00,900.04,0.00,700.03
570.085,90985.34,4000.75,79495.19,2572983.26,128895.86,0.00,8303.40,200.00,0.00,900.04,0.00,2500.32
570.231,92296.51,4801.08,79595.94,2474145.37,136492.11,0.00,10405.34,0.00,100.00,1100.06,0.00,1600.13
570.377,98350.11,28838.86,85138.48,2506086.19,131326.06,700.02,9604.55,0.00,100.00,900.04,0.00,2300.27
570.523,90380.25,5101.22,79495.19,2477770.56,124138.37,0.00,9404.36,0.00,100.00,1200.07,0.00,1900.19
570.669,99056.57,4901.12,81107.25,2530476.23,125150.42,0.00,8403.48,0.00,0.00,1300.09,0.00,1900.19
570.815,90481.09,6501.98,82618.79,2552769.59,129503.36,0.00,7702.93,0.00,0.00,700.03,0.00,1600.13
570.961,87758.55,4100.79,84735.31,2585044.59,134769.79,0.00,9404.36,0.00,100.00,1100.06,0.00,1900.19
571.107,94414.88,4200.83,74459.03,2474095.37,127782.21,0.00,9204.18,100.00,100.00,800.03,0.00,1400.10
571.253,93103.46,6001.68,83525.82,2384979.94,134364.60,0.00,8003.16,200.00,0.00,1000.05,0.00,1300.09
571.400,100469.66,8403.30,88667.07,2633072.72,137302.69,0.00,8703.73,0.00,0.00,2300.27,0.00,1800.17
571.546,98249.18,11005.67,84735.31,2525648.30,130819.72,0.00,8803.82,0.00,0.00,1400.10,0.00,1200.07
571.692,96836.38,8103.07,82921.13,2516443.61,133655.53,100.00,8903.91,0.00,0.00,1600.13,0.00,800.03
571.838,87657.73,6501.98,76876.08,2567470.37,128490.87,0.00,8603.65,0.00,0.00,1800.17,0.00,1400.10
571.984,95827.36,6401.92,80603.46,2591802.01,137100.03,0.00,8903.91,0.00,0.00,700.03,200.00,1700.15
572.130,89674.34,4801.08,80804.98,2596888.73,127174.81,0.00,7903.08,100.00,0.00,1200.07,0.00,1300.09
572.276,97542.76,4701.03,76775.37,2435388.73,135681.57,0.00,8503.57,200.00,0.00,1000.05,0.00,1900.19
572.422,92901.72,4400.91,93810.80,2580743.03,128187.16,100.00,7302.63,0.00,0.00,1000.05,0.00,1700.15
572.568,96836.38,4901.12,81107.25,2511741.07,128288.41,0.00,7803.00,0.00,0.00,700.03,0.00,1800.17
572.714,101479.12,5001.17,89574.62,2535755.13,130009.65,0.00,8703.73,0.00,0.00,1200.07,0.00,1900.19
572.860,89775.19,3600.61,84130.56,2493807.67,134465.91,0.00,7702.93,0.00,0.00,600.02,0.00,2700.38
573.006,95221.97,3500.57,83425.03,2528070.56,139126.76,0.00,10305.24,0.00,0.00,900.04,0.00,1700.15
573.152,95726.45,4100.79,93709.91,2536206.11,132541.37,0.00,9404.36,0.00,100.00,400.01,0.00,2000.21
573.298,92699.97,3100.45,87860.43,2394176.42,128997.12,0.00,9104.09,0.00,0.00,700.03,0.00,2000.21
573.444,99662.17,4600.99,91490.78,2469751.81,140748.43,0.00,9704.64,100.00,0.00,400.01,0.00,1300.09
573.590,89371.83,3800.68,84735.31,2551358.06,130515.92,0.00,7803.00,0.00,200.00,500.01,0.00,1300.09
573.736,99964.96,5101.22,85844.12,2549620.76,139126.76,0.00,9204.18,0.00,0.00,900.04,100.00,1300.09
573.882,94515.77,4200.83,80704.23,2562166.46,128085.93,0.00,9704.64,0.00,0.00,1300.09,0.00,1700.15
574.028,97240.02,4400.91,86650.61,2544909.82,131224.80,0.00,7002.42,0.00,0.00,700.03,0.00,1500.12
574.174,96533.67,3700.64,88767.91,2464305.91,129300.86,0.00,9004.00,0.00,0.00,1900.18,0.00,1400.10
574.320,92599.12,4000.75,93810.80,2459202.40,139430.80,0.00,9404.36,0.00,0.00,1400.10,0.00,1900.19
574.466,96937.29,2900.39,85037.70,2467738.92,130718.47,0.00,10305.24,0.00,0.00,1100.06,0.00,1100.06
574.612,85843.10,3200.48,90986.49,2366779.35,126263.80,0.00,7903.08,0.00,0.00,400.01,0.00,1800.17
574.758,96432.76,4400.91,85743.32,2436366.07,125656.47,0.00,8103.24,0.00,100.00,600.02,0.00,2200.25
574.904,95726.45,2500.29,89574.62,2550890.29,125555.25,0.00,8403.48,100.00,0.00,700.03,0.00,1700.15
575.050,101378.17,3600.61,83626.61,2542011.38,130819.72,0.00,6802.28,0.00,100.00,300.00,0.00,2000.21
575.196,90077.71,3000.42,83828.18,2465993.22,134668.50,100.00,8403.48,0.00,0.00,700.03,0.00,1600.13
575.342,98047.35,4300.86,93306.42,2569750.84,128490.87,0.00,8803.82,0.00,0.00,800.03,0.00,1900.19
575.488,95928.26,2900.39,85037.70,2479065.09,131022.24,0.00,7502.78,300.00,0.00,1100.06,0.00,1900.19
575.634,93708.69,3200.48,85340.11,2415910.21,126972.37,0.00,8503.57,0.00,0.00,700.03,0.00,2300.27
575.780,97240.02,3900.71,94517.00,2438504.35,126972.37,0.00,9004.00,0.00,100.00,600.02,0.00,1400.10
575.926,94616.65,4901.12,91188.20,2489414.12,125454.07,0.00,9804.74,0.00,0.00,1600.13,0.00,1700.15
576.072,103195.44,4400.91,92802.03,2511716.07,127073.60,100.00,8603.65,0.00,100.00,800.03,0.00,1500.12
576.218,89472.66,3700.64,88767.91,2459603.38,128794.61,0.00,7903.08,0.00,0.00,300.00,0.00,1700.15
576.364,95726.45,2700.34,95727.72,2553955.72,130212.15,0.00,9704.64,0.00,0.00,800.03,0.00,1800.17
576.510,92800.85,4200.83,93508.16,2575179.94,139329.46,0.00,8403.48,0.00,0.00,3700.70,0.00,1900.19
576.656,98451.03,3600.61,92701.16,2434653.77,124846.80,100.00,9004.00,0.00,0.00,500.01,0.00,1600.13
576.802,96836.38,4901.12,96131.33,2513219.39,124239.59,0.00,9504.45,0.00,0.00,300.00,0.00,2000.21
576.948,95625.56,3200.48,96635.86,2481921.74,120900.45,0.00,7302.63,0.00,0.00,800.03,0.00,1300.09
577.094,94011.35,3800.68,103297.88,2483483.84,121912.20,100.00,6602.15,0.00,0.00,700.03,0.00,1900.19
577.240,90178.55,4100.79,87557.97,2426292.63,127377.29,0.00,8503.57,0.00,0.00,500.01,0.00,1400.10
577.386,97340.93,4200.83,94416.11,2364966.85,121102.80,0.00,6702.22,200.00,0.00,300.00,0.00,1800.17
577.533,95121.08,3800.68,93205.53,2369360.40,122822.85,0.00,7702.93,0.00,0.00,200.00,0.00,1800.17
577.679,91590.47,7102.36,91389.91,2444994.39,127276.03,100.00,10105.04,0.00,0.00,900.04,0.00,2400.30
577.825,95221.97,12807.67,88162.91,2434845.76,130617.19,0.00,7002.42,100.00,0.00,700.03,0.00,1900.19
577.971,96836.38,11606.30,100874.84,2508425.06,128693.39,0.00,8703.73,0.00,0.00,400.01,0.00,1300.09
578.117,90884.49,8203.15,93911.68,2547114.90,122215.74,0.00,8903.91,0.00,0.00,900.04,0.00,2100.23
578.263,101378.17,7702.78,99663.53,2568890.49,124441.97,0.00,8203.32,0.00,0.00,600.02,0.00,1300.09
578.409,100065.90,5601.47,100067.30,2470770.95,125150.42,0.00,10205.14,0.00,0.00,400.01,0.00,1900.19
578.555,95423.78,3800.68,94920.55,2456846.93,130212.15,0.00,8303.40,0.00,0.00,800.03,0.00,2100.23
578.701,95928.26,3200.48,98755.14,2437209.62,130819.72,0.00,8703.73,0.00,0.00,1000.05,0.00,2200.25
578.847,97542.76,3500.57,99966.35,2553897.32,128490.87,200.00,8203.32,0.00,0.00,500.01,0.00,1400.10
578.993,97139.11,6401.92,93003.79,2533667.05,120698.12,0.00,9404.36,0.00,0.00,600.02,0.00,2000.21
579.139,92599.12,4500.95,96030.42,2528438.14,127174.81,100.00,9504.45,0.00,0.00,1300.09,0.00,2200.25
579.285,96533.67,4000.75,96434.04,2607045.76,138214.69,100.00,8003.16,0.00,0.00,700.03,0.00,1500.12
579.431,91691.33,3600.61,103095.93,2483458.65,123733.57,100.00,7102.49,0.00,0.00,600.02,0.00,1800.17
579.577,94515.77,4100.79,105822.44,2485538.53,125960.11,0.00,7302.63,100.00,0.00,700.03,0.00,2300.27
579.723,95221.97,4200.83,103600.78,2428272.12,131528.60,0.00,9504.45,200.00,0.00,3800.74,0.00,2100.23
579.869,89573.50,3900.71,105317.47,2596746.74,139430.80,0.00,8003.16,0.00,0.00,1300.09,0.00,1700.15
580.015,96533.67,5801.57,97443.17,2567821.35,135073.73,0.00,8203.32,0.00,0.00,600.02,0.00,1900.19
580.161,101681.03,15611.40,100269.16,2555776.62,134871.11,0.00,9504.45,0.00,0.00,500.01,0.00,2300.27
580.307,100065.90,7802.85,93508.16,2508458.45,125049.21,0.00,8703.73,0.00,0.00,500.01,0.00,2000.21
580.453,91489.62,4600.99,98856.08,2574286.19,125049.21,0.00,9404.36,0.00,0.00,1200.07,0.00,1400.10
580.599,104003.19,5401.36,100874.84,2561088.92,134972.42,0.00,9404.36,0.00,0.00,600.02,0.00,1400.10
580.745,95625.56,4901.12,92095.96,2445019.39,133858.11,0.00,8903.91,0.00,0.00,1300.09,0.00,2200.25
580.891,95020.20,6401.92,94113.45,2531044.20,125251.63,0.00,6902.35,0.00,0.00,1000.05,0.00,2000.21
581.037,94011.35,5001.17,95223.23,2536456.70,132237.52,0.00,8003.16,200.00,0.00,1500.11,0.00,2500.32
581.183,88061.02,4701.03,100067.30,2556002.21,130617.19,100.00,8503.57,100.00,0.00,1200.07,0.00,2700.38
581.329,98753.79,5301.32,94012.58,2507564.70,136593.44,0.00,10105.04,0.00,0.00,1200.07,0.00,1700.15
581.475,94818.41,6001.68,87356.33,2562517.24,128693.39,300.00,7102.49,0.00,0.00,1000.05,0.00,1800.17
581.621,93204.32,4600.99,93306.42,2422241.46,135175.03,0.00,9204.18,100.00,0.00,1400.10,0.00,1200.07
581.767,104912.00,4400.91,92499.42,2535111.97,122114.55,100.00,9904.84,0.00,100.00,600.02,0.00,2400.30
581.913,100974.39,5001.17,98654.21,2552711.19,134668.50,0.00,8503.57,0.00,0.00,900.04,0.00,1700.15
582.059,97845.51,3400.54,94012.58,2555559.43,131326.06,0.00,8903.91,100.00,100.00,900.04,0.00,2300.27
582.205,95726.45,5301.32,90280.53,2531678.96,127782.21,0.00,8003.16,0.00,100.00,500.01,0.00,1900.19
582.351,90178.55,3900.71,86751.41,2585069.59,140241.63,0.00,8003.16,0.00,0.00,600.02,0.00,1800.17
582.497,101277.22,4901.12,92398.56,2606795.18,137606.69,0.00,9804.74,0.00,0.00,200.00,0.00,2300.27
582.643,97744.59,4801.08,87961.28,2497716.85,135884.19,0.00,8003.16,0.00,100.00,600.02,0.00,1800.17
582.789,99662.17,5201.27,89776.30,2500957.67,137302.69,0.00,5801.66,0.00,100.00,200.00,0.00,1800.17
582.935,91893.05,6602.04,96736.78,2524303.57,134263.30,100.00,6802.28,0.00,0.00,1000.05,0.00,2100.23
583.081,99258.43,6702.10,90381.39,2619574.86,134567.20,0.00,9804.74,0.00,0.00,500.01,0.00,1900.19
583.227,93406.09,5301.32,94718.76,2547298.69,127478.51,0.00,8403.48,0.00,300.00,800.03,0.00,3200.53
583.373,90884.49,4600.99,87255.50,2554707.48,125454.07,0.00,9404.36,0.00,200.00,600.02,0.00,1500.12
583.519,98551.95,7102.36,91087.34,2503755.92,126668.69,0.00,9504.45,0.00,0.00,600.02,0.00,1300.09
583.666,94616.65,5401.36,93306.42,2527561.19,135377.65,0.00,6702.22,0.00,0.00,300.00,0.00,2400.30
583.812,94515.77,4100.79,91793.36,2528463.14,128997.12,0.00,11306.30,0.00,0.00,500.01,0.00,1600.13
583.958,90682.79,4100.79,91692.49,2577635.80,139532.16,0.00,9604.55,0.00,100.00,500.01,0.00,1800.17
584.104,98854.72,3100.45,90784.79,2570377.21,135377.65,0.00,7702.93,0.00,0.00,400.01,0.00,1000.05
584.250,89170.16,2400.27,91087.34,2560871.74,132845.22,100.00,8603.65,0.00,200.00,600.02,0.00,2200.25
584.396,98350.11,4500.95,85440.90,2587801.03,136188.15,0.00,5901.72,0.00,100.00,400.01,100.00,2200.25
584.542,103700.26,3700.64,89675.45,2615991.46,130617.19,0.00,7002.42,0.00,0.00,600.02,0.00,400.01
584.688,96331.86,1800.15,96635.86,2459770.37,132743.95,0.00,7702.93,0.00,0.00,400.01,0.00,1800.17
584.834,91893.05,3200.48,86348.16,2474370.95,125757.69,0.00,8403.48,0.00,0.00,500.01,0.00,1100.06
584.980,95221.97,2600.32,84936.89,2452185.99,133047.79,0.00,8803.82,0.00,0.00,200.00,0.00,1400.10
585.126,91993.90,4000.75,83626.61,2470662.36,121709.85,100.00,7702.93,0.00,0.00,700.03,0.00,1600.13
585.272,90077.71,3500.57,85340.11,2622523.30,119383.05,0.00,8803.82,100.00,0.00,500.01,0.00,1900.19
585.418,95625.56,4701.03,82618.79,2489163.53,132440.10,0.00,9804.74,0.00,0.00,800.03,0.00,1800.17
585.564,93607.82,2900.39,82921.13,2503697.32,127174.81,0.00,7402.70,0.00,0.00,300.00,0.00,1600.13
585.710,90279.41,2700.34,84836.10,2501133.06,128693.39,0.00,5501.49,0.00,0.00,300.00,0.00,1000.05
585.856,90985.34,3300.51,83828.18,2380461.19,131123.51,0.00,8003.16,0.00,0.00,700.03,100.00,1200.07
586.002,91590.47,3800.68,90784.79,2470954.74,129402.11,0.00,8003.16,0.00,0.00,700.03,0.00,1600.13
586.148,97744.59,4000.75,91894.22,2448226.81,135377.65,0.00,11206.19,0.00,0.00,400.01,0.00,1800.17
586.294,90783.66,3000.42,93104.65,2515207.48,132136.25,100.00,8303.40,100.00,0.00,1100.06,0.00,1800.17
586.440,91086.19,4200.83,95929.53,2563669.98,139329.46,0.00,8503.57,0.00,100.00,800.03,100.00,1800.17
586.586,91086.19,4600.99,85541.69,2489347.32,130920.96,0.00,8603.65,0.00,100.00,900.04,0.00,2000.21
586.732,92195.63,3300.51,80603.46,2460956.50,130212.15,0.00,7702.93,0.00,0.00,400.01,0.00,1800.17
586.878,98148.26,4200.83,90885.63,2548250.84,127782.21,0.00,9304.27,0.00,0.00,1000.05,0.00,1700.15
587.024,92498.23,3300.51,93810.80,2506370.17,136390.77,0.00,8203.32,100.00,0.00,900.04,0.00,2300.27
587.170,96029.15,3700.64,83425.03,2396331.30,136796.06,0.00,7702.93,0.00,100.00,900.04,0.00,2300.27
587.316,92699.97,5901.63,83928.97,2461031.70,124543.19,0.00,8003.16,200.00,0.00,1200.07,0.00,2400.30
587.462,97038.20,5001.17,87154.68,2465007.48,121608.67,0.00,7803.00,0.00,100.00,500.01,0.00,1800.17
587.608,91388.76,4500.95,85944.93,2548025.25,136492.11,0.00,8303.40,0.00,100.00,800.03,0.00,2100.23
587.754,89069.31,3900.71,85340.11,2480560.21,133047.79,100.00,8003.16,0.00,0.00,1200.07,0.00,1600.13
587.900,93103.46,3900.71,87557.97,2504365.68,146831.86,0.00,9604.55,0.00,0.00,1500.11,0.00,1800.17
588.046,96331.86,3500.57,94718.76,2408827.01,134567.20,0.00,7102.49,0.00,0.00,900.04,0.00,1900.19
588.192,96634.57,4300.86,95727.72,2526291.46,129300.86,0.00,8303.40,0.00,0.00,1000.05,0.00,2000.21
588.338,91792.19,3700.64,90482.23,2458208.45,125251.63,0.00,10105.04,0.00,100.00,1300.09,0.00,2100.23
588.484,97038.20,3700.64,90482.23,2475348.30,131123.51,0.00,9804.74,0.00,0.00,1500.11,0.00,1900.19
588.630,96331.86,4801.08,90179.68,2496079.74,127276.03,0.00,10105.04,0.00,0.00,900.04,0.00,2500.32
588.776,96634.57,2400.27,87457.15,2429074.08,125960.11,0.00,9104.09,0.00,0.00,800.03,0.00,1500.12
588.922,95121.08,3800.68,86751.41,2440124.66,138721.39,0.00,10605.55,0.00,0.00,500.01,0.00,1800.17
589.068,99258.43,3400.54,89171.26,2440567.44,126466.24,100.00,8103.24,0.00,200.00,300.00,0.00,1700.15
589.214,94112.23,4500.95,89776.30,2497917.24,132440.10,0.00,8103.24,0.00,0.00,600.02,0.00,2000.21
589.360,93607.82,4100.79,98452.36,2518865.88,129098.35,100.00,8803.82,0.00,0.00,400.01,0.00,1400.10
589.506,91187.05,3300.51,89877.14,2518206.11,129503.36,0.00,8303.40,0.00,0.00,400.01,0.00,1400.10
589.652,90380.25,3500.57,95021.45,2619842.05,130515.92,0.00,9904.84,0.00,0.00,500.01,0.00,1800.17
589.798,90985.34,4600.99,95122.35,2515316.07,135478.95,0.00,8603.65,0.00,0.00,1200.07,0.00,1800.17
589.945,91489.62,5501.42,95425.03,2441544.78,128592.13,0.00,9204.18,0.00,0.00,600.02,0.00,1700.15
590.091,101075.32,4200.83,98856.08,2570577.60,132642.65,0.00,8403.48,0.00,0.00,600.02,0.00,1700.15
590.237,94919.31,5301.32,92600.30,2461365.68,133250.37,0.00,9304.27,0.00,0.00,400.01,0.00,1800.17
590.383,95827.36,4901.12,99360.73,2493089.31,121912.20,0.00,9104.09,0.00,0.00,400.01,0.00,1200.07
590.529,100873.43,6702.10,89977.98,2469618.22,128997.12,0.00,8003.16,0.00,0.00,300.00,0.00,1700.15
590.675,96533.67,5401.36,86045.73,2541318.03,125960.11,0.00,9304.27,0.00,100.00,1200.07,0.00,2300.27
590.821,95121.08,8003.00,97846.84,2533057.28,125150.42,100.00,10905.87,0.00,100.00,800.03,0.00,1600.13
590.967,101479.12,4500.95,94416.11,2485747.32,130920.96,0.00,7002.42,0.00,100.00,600.02,0.00,2300.27
591.113,99964.96,5501.42,96534.96,2461967.05,134263.30,0.00,8003.16,0.00,0.00,600.02,0.00,1900.19
591.259,96130.05,4100.79,102086.29,2607312.95,129503.36,100.00,7803.00,0.00,0.00,400.01,0.00,2600.35
591.405,99056.57,5101.22,91188.20,2450649.27,127174.81,0.00,10705.65,0.00,0.00,1000.05,100.00,1600.13
591.551,95524.67,4901.12,97947.75,2503889.51,125150.42,0.00,10105.04,0.00,0.00,500.01,0.00,1500.12
591.697,98753.79,5801.57,87457.15,2543848.88,128187.16,0.00,7903.08,0.00,0.00,800.03,0.00,2600.35
591.843,104508.07,4500.95,93810.80,2541151.03,136188.15,0.00,10705.65,0.00,0.00,1000.05,0.00,2200.25
591.989,102286.75,4200.83,96534.96,2510646.93,138417.36,100.00,8303.40,100.00,0.00,500.01,0.00,2400.30
592.135,100570.60,11606.30,101177.69,2540975.64,142066.19,0.00,9504.45,0.00,0.00,0.00,0.00,1900.19
592.281,94717.52,102489.17,97039.50,2619491.27,128997.12,0.00,7602.85,100.00,100.00,600.02,0.00,1700.15
592.427,105921.89,6602.04,94819.67,2589880.92,131731.16,200.00,7102.49,0.00,100.00,600.02,0.00,1900.19
592.573,100166.84,10004.68,95525.94,2567720.96,135073.73,0.00,9204.18,0.00,0.00,600.02,0.00,2400.30
592.719,104811.03,5201.27,105115.51,2556027.21,130617.19,0.00,8803.82,0.00,0.00,700.03,0.00,2300.27
592.865,98451.03,5201.27,99158.86,2514965.29,135478.95,0.00,11005.97,0.00,0.00,700.03,0.00,3100.50
593.011,109659.27,7902.92,97443.17,2549729.35,139430.80,0.00,9304.27,0.00,100.00,800.03,0.00,2400.30
593.157,101681.03,6201.80,96030.42,2545026.62,128490.87,0.00,8803.82,0.00,0.00,1200.07,200.00,2100.23
593.303,99359.35,5301.32,97039.50,2544442.05,139430.80,0.00,9604.55,0.00,100.00,500.01,0.00,2200.25
593.449,99359.35,3200.48,96333.15,2480627.20,134263.30,0.00,8903.91,0.00,0.00,800.03,0.00,1800.17
593.595,97240.02,4901.12,92499.42,2431036.97,127579.74,100.00,8603.65,0.00,0.00,400.01,0.00,1100.06
593.741,98148.26,4400.91,101783.41,2549060.99,128389.64,0.00,7602.85,0.00,0.00,500.01,0.00,1500.12
593.887,91086.19,3000.42,88162.91,2420303.77,126668.69,100.00,10205.14,0.00,100.00,500.01,0.00,1900.19
594.033,90279.41,6201.80,99259.79,2441678.37,135884.19,100.00,10805.76,0.00,0.00,300.00,0.00,1800.17
594.179,97845.51,3800.68,92095.96,2432908.06,126972.37,0.00,8903.91,0.00,0.00,600.02,0.00,1600.13
594.325,102892.54,3600.61,92499.42,2416486.58,130515.92,0.00,8203.32,0.00,0.00,500.01,0.00,1800.17
594.471,100065.90,4300.86,98452.36,2438855.13,139430.80,0.00,8503.57,0.00,0.00,500.01,0.00,1400.10
594.617,97139.11,2700.34,94113.45,2452236.19,125656.47,0.00,7502.78,0.00,0.00,200.00,0.00,2600.35
594.763,94717.52,4400.91,96030.42,2548710.21,127073.60,0.00,8403.48,0.00,0.00,300.00,0.00,1400.10
594.909,93607.82,3300.51,100168.23,2480593.81,130718.47,0.00,9404.36,0.00,0.00,500.01,0.00,2500.32
595.055,93305.21,4300.86,94113.45,2436382.67,128693.39,0.00,9304.27,0.00,0.00,700.03,0.00,2100.23
595.201,97542.76,3600.61,95626.83,2438512.75,124138.37,100.00,7602.85,0.00,0.00,300.00,0.00,2500.32
595.347,90985.34,4400.91,101682.46,2389173.10,136998.72,0.00,7702.93,0.00,0.00,500.01,0.00,1800.17
595.493,95423.78,5201.27,103802.75,2444317.83,134769.79,0.00,7602.85,0.00,100.00,700.03,0.00,2500.32
595.639,99763.09,5401.36,94214.35,2477336.19,124846.80,0.00,9904.84,0.00,100.00,700.03,0.00,2300.27
595.785,87052.83,4600.99,91692.49,2550815.10,133655.53,0.00,8803.82,0.00,0.00,1000.05,0.00,1900.19
595.931,94515.77,4100.79,100773.89,2510195.76,134364.60,0.00,9204.18,0.00,0.00,300.00,0.00,2900.43
596.078,95221.97,5801.57,96736.78,2500347.91,134668.50,100.00,8403.48,0.00,0.00,900.04,0.00,2100.23
596.224,101681.03,4600.99,101581.50,2552126.42,131731.16,0.00,9104.09,0.00,100.00,700.03,0.00,1600.13
596.370,101277.22,3200.48,108145.58,2512793.42,144702.25,0.00,7803.00,0.00,0.00,200.00,0.00,2600.35
596.516,104306.14,4801.08,91389.91,2442471.93,129705.85,0.00,11306.30,0.00,0.00,500.01,0.00,2100.23
596.662,100267.78,6802.17,106024.44,2540282.28,126263.80,0.00,8703.73,0.00,200.00,700.03,0.00,2100.23
596.808,101882.92,6301.86,98957.00,2623734.43,129604.62,100.00,8903.91,0.00,0.00,700.03,0.00,2300.27
596.954,100368.72,5901.63,108650.67,2642294.20,125251.63,0.00,8603.65,0.00,0.00,200.00,0.00,2200.25
597.100,108548.02,7802.85,98957.00,2529507.28,136796.06,0.00,9504.45,0.00,100.00,1200.07,0.00,1600.13
597.246,100772.48,8703.54,106226.42,2455594.00,133047.79,0.00,8703.73,0.00,200.00,800.03,0.00,2300.27
597.392,103195.44,6702.10,100269.16,2484001.62,132743.95,0.00,8403.48,0.00,0.00,800.03,0.00,2000.21
597.538,94515.77,7002.29,101278.65,2466394.00,121102.80,0.00,8903.91,0.00,0.00,900.04,0.00,1600.13
597.684,100267.78,7802.85,105418.47,2567645.96,129807.11,0.00,7803.00,0.00,0.00,1800.17,0.00,2300.27
597.830,100166.84,5901.63,101682.46,2579707.28,132034.99,0.00,10004.94,100.00,100.00,700.03,0.00,2200.25
597.976,97643.67,5701.52,88868.74,2528513.34,131731.16,0.00,9904.84,0.00,0.00,1200.07,100.00,2000.21
598.122,103094.46,6501.98,102490.14,2612650.45,134567.20,0.00,9104.09,0.00,0.00,1100.06,0.00,1400.10
598.268,102286.75,7702.78,93407.28,2485396.54,128895.86,0.00,9204.18,100.00,0.00,1500.11,0.00,2500.32
598.414,110366.48,6401.92,104610.57,2453071.54,128693.39,0.00,11506.53,0.00,0.00,900.04,0.00,2400.30
598.560,102892.54,6802.17,102692.07,2548518.03,133655.53,0.00,10105.04,0.00,0.00,1000.05,0.00,3100.50
598.706,108143.96,8603.46,87961.28,2612642.05,125150.42,0.00,9704.64,0.00,0.00,1100.06,0.00,1400.10
598.852,97946.42,8503.38,106125.43,2504039.90,127377.29,0.00,7502.78,0.00,100.00,300.00,0.00,1900.19
598.998,106224.86,6201.80,94315.22,2572958.26,134769.79,100.00,9904.84,0.00,100.00,100.00,0.00,3300.56
599.144,99359.35,8503.38,98957.00,2551642.05,127984.70,0.00,9104.09,0.00,0.00,1500.11,0.00,1100.06
599.290,97643.67,6702.10,103600.78,2461599.66,135580.26,0.00,8203.32,0.00,0.00,1200.07,100.00,1200.07
599.436,95322.87,9904.59,96333.15,2478998.30,132642.65,100.00,9104.09,200.00,200.00,1400.10,0.00,2700.38
599.582,103094.46,8003.00,97039.50,2506211.58,134567.20,0.00,8303.40,0.00,0.00,600.02,0.00,2300.27
599.728,99662.17,7302.49,91490.78,2492362.75,125656.47,0.00,7402.70,0.00,100.00,600.02,0.00,1400.10
599.874,102589.64,7502.63,94920.55,2624319.20,134567.20,0.00,9604.55,0.00,0.00,500.01,0.00,2800.41
600.020,103195.44,5701.52,94819.67,2481737.95,126061.36,0.00,9404.36,0.00,0.00,800.03,0.00,1600.13
600.166,96937.29,5501.42,93810.80,2583582.87,136796.06,0.00,7402.70,0.00,0.00,400.01,0.00,1700.15
600.312,96130.05,3500.57,93205.53,2537191.85,131528.60,0.00,9104.09,0.00,0.00,500.01,0.00,1900.19
600.458,101580.07,5001.17,105216.49,2496037.95,127883.45,0.00,9404.36,0.00,100.00,1000.05,0.00,2100.23
600.604,100873.43,5001.17,95021.45,2518139.31,130718.47,0.00,7502.78,0.00,0.00,700.03,0.00,2000.21
600.750,98854.72,5001.17,104307.63,2535011.78,126871.13,0.00,9404.36,0.00,100.00,600.02,0.00,1400.10
600.896,100974.39,4600.99,94819.67,2530985.80,132237.52,0.00,8903.91,0.00,0.00,1200.07,0.00,2000.21
601.042,101479.12,3700.64,100370.11,2553379.35,129604.62,0.00,9104.09,0.00,0.00,1000.05,0.00,1600.13
601.188,100469.66,4200.83,98250.52,2647481.31,133149.09,0.00,8203.32,0.00,0.00,800.03,0.00,1900.19
601.334,109154.13,18115.34,102288.20,2580968.42,131022.24,0.00,9804.74,0.00,200.00,700.03,0.00,2000.21
601.480,104811.03,9404.14,101884.37,2581628.38,134263.30,0.00,8703.73,0.00,100.00,700.03,0.00,1600.13
601.626,102589.64,4600.99,94517.00,2444560.02,132034.99,100.00,8803.82,0.00,0.00,300.00,0.00,2200.25
601.772,102185.81,5601.47,92499.42,2487985.80,120091.13,0.00,7402.70,0.00,0.00,900.04,0.00,2100.23
601.918,101479.12,8603.46,99764.47,2514138.34,130819.72,0.00,8103.24,0.00,100.00,1700.15,0.00,2600.35
602.064,103094.46,7902.92,104913.53,2656485.41,145107.88,0.00,8003.16,0.00,0.00,1200.07,0.00,2100.23
602.211,97744.59,10905.56,90482.23,2506320.17,127883.45,0.00,9404.36,0.00,0.00,1100.06,0.00,2900.43
602.357,97845.51,9304.05,100672.95,2531269.78,126668.69,0.00,8903.91,0.00,0.00,700.03,0.00,3000.47
602.503,102387.73,10104.78,107337.47,2422007.67,129705.85,0.00,6802.28,100.00,0.00,800.03,0.00,2400.30
602.649,106729.85,8103.07,96131.33,2442313.14,121001.63,200.00,9904.84,200.00,0.00,600.02,0.00,1400.10
602.795,99460.28,10304.97,96837.69,2590682.68,123632.39,0.00,8803.82,100.00,0.00,500.01,0.00,1700.15
602.941,97038.20,10304.97,94416.11,2492538.14,127276.03,100.00,9304.27,0.00,0.00,500.01,0.00,1000.05
603.087,106628.86,11205.87,98452.36,2482306.11,126769.91,100.00,8703.73,200.00,0.00,1000.05,0.00,2300.27
603.233,99561.22,14810.26,99057.93,2561531.70,121406.31,0.00,10605.55,0.00,0.00,1000.05,0.00,2300.27
603.379,102993.51,17013.53,95425.03,2651766.27,138012.01,200.00,8703.73,0.00,0.00,800.03,0.00,2800.41
603.525,105113.97,18215.51,105721.45,2533174.08,132642.65,0.00,9604.55,0.00,0.00,900.04,0.00,1500.12
603.671,105921.89,13608.66,97342.24,2380619.98,126061.36,200.00,8803.82,100.00,0.00,300.00,100.00,2500.32
603.817,101378.17,8903.71,98654.21,2467588.53,132338.80,0.00,10105.04,0.00,0.00,200.00,0.00,700.03
603.963,96735.47,7102.36,95525.94,2478488.92,127680.97,0.00,8703.73,0.00,0.00,1200.07,0.00,1900.19
604.109,101378.17,5701.52,95525.94,2565039.90,136390.77,0.00,9304.27,0.00,0.00,2100.22,0.00,2700.38
604.255,96230.95,8303.23,92600.30,2507105.33,132946.51,0.00,10004.94,0.00,0.00,200.00,0.00,2300.27
604.401,98148.26,7002.29,102389.17,2526492.05,128490.87,0.00,9504.45,0.00,0.00,700.03,0.00,1400.10
604.547,98451.03,8303.23,102994.96,2458692.83,126162.59,0.00,10205.14,0.00,0.00,1100.06,0.00,2100.23
604.693,99258.43,4300.86,98149.59,2470962.95,129604.62,100.00,8803.82,0.00,0.00,1000.05,0.00,2400.30
604.839,103599.28,4901.12,94416.11,2474755.13,122418.11,0.00,9104.09,100.00,0.00,1100.06,0.00,1800.17
604.985,100368.72,4400.91,99057.93,2497524.67,131528.60,0.00,7502.78,0.00,0.00,1500.11,100.00,2300.27
605.131,105416.93,6702.10,108448.64,2534702.79,123429.98,100.00,7903.08,0.00,0.00,400.01,0.00,2100.23
605.277,97946.42,11906.63,98452.36,2463796.34,130110.88,0.00,9304.27,0.00,0.00,700.03,0.00,1300.09
605.423,90682.79,14910.40,100269.16,2536256.31,134263.30,0.00,8803.82,100.00,0.00,1200.07,0.00,2400.30
605.569,99864.02,11606.30,102187.26,2480184.43,130920.96,0.00,9504.45,100.00,0.00,800.03,0.00,2000.21
605.715,101176.28,8203.15,104206.64,2502360.99,123025.25,0.00,7702.93,0.00,0.00,900.04,0.00,2400.30
605.861,100974.39,6001.68,107337.47,2427010.99,120394.63,0.00,9104.09,0.00,0.00,400.01,100.00,1900.19
606.007,101580.07,11005.67,95828.63,2451142.05,124846.80,0.00,7903.08,0.00,0.00,600.02,0.00,2500.32
606.153,100873.43,5401.36,94819.67,2432749.27,124340.76,0.00,8803.82,0.00,100.00,600.02,0.00,1700.15
606.299,92901.72,5101.22,98856.08,2474563.14,122418.11,0.00,8703.73,100.00,100.00,1300.09,0.00,1600.13
606.445,104407.09,2900.39,104812.54,2398194.00,123733.57,0.00,8503.57,0.00,100.00,800.03,0.00,2300.27
606.591,95928.26,4901.12,98553.28,2381998.10,128187.16,0.00,7502.78,100.00,0.00,800.03,0.00,2100.23
606.737,98652.88,4701.03,91389.91,2367773.49,120596.96,0.00,9704.64,0.00,0.00,1400.10,0.00,1300.09
606.883,104508.07,4701.03,96837.69,2390167.05,125757.69,0.00,8503.57,0.00,0.00,1600.13,0.00,1900.19
607.029,94919.31,4801.08,96131.33,2409394.98,123935.96,0.00,8803.82,0.00,100.00,1300.09,0.00,1900.19
607.175,101075.32,5201.27,92600.30,2472550.06,124948.00,100.00,10305.24,100.00,100.00,1100.06,0.00,1700.15
607.321,94919.31,6001.68,96131.33,2511432.09,127276.03,0.00,9004.00,0.00,0.00,1100.06,100.00,2800.41
607.467,100469.66,7302.49,98957.00,2480769.20,125150.42,0.00,9004.00,200.00,100.00,2000.20,0.00,1800.17
607.613,102286.75,10104.78,101985.32,2405686.38,126162.59,0.00,8003.16,100.00,0.00,2700.37,0.00,1600.13
607.759,95121.08,10905.56,104610.57,2461783.45,132845.22,100.00,8803.82,100.00,200.00,2400.29,0.00,1600.13
607.905,101075.32,14609.98,107135.46,2509118.22,133756.83,0.00,9304.27,0.00,0.00,3000.46,0.00,2100.23
608.051,104912.00,11005.67,97241.33,2493281.50,123733.57,200.00,8103.24,100.00,0.00,2700.37,0.00,1700.15
608.197,103599.28,11205.87,99663.53,2514305.33,124543.19,0.00,7602.85,0.00,100.00,2200.25,0.00,1900.19
608.343,99662.17,26933.90,97846.84,2634108.46,130414.68,0.00,9404.36,100.00,0.00,2000.20,0.00,1500.12
608.490,107436.89,65801.99,97644.98,2581945.76,135884.19,0.00,10605.55,0.00,100.00,1300.09,0.00,2200.25
608.636,101882.92,6101.74,103802.75,2556661.97,132136.25,0.00,8603.65,100.00,100.00,900.04,0.00,1800.17
608.782,101781.98,5101.22,100168.23,2511824.67,126769.91,100.00,9904.84,0.00,100.00,700.03,0.00,2900.43
608.928,100065.90,6602.04,101379.60,2534852.99,132845.22,0.00,9004.00,0.00,0.00,900.04,0.00,1900.19
609.074,101479.12,4701.03,102490.14,2582697.52,128490.87,0.00,9804.74,0.00,0.00,800.03,0.00,1900.19
609.220,109558.24,3900.71,104711.55,2611823.50,120698.12,100.00,9004.00,0.00,0.00,600.02,0.00,2000.21
609.366,103296.39,6301.86,94113.45,2531695.76,119079.57,0.00,8603.65,100.00,0.00,600.02,100.00,1400.10
609.512,105921.89,8303.23,96030.42,2503371.54,140647.06,0.00,9304.27,100.00,100.00,1600.13,0.00,3000.47
609.658,99763.09,4701.03,108953.75,2566994.39,137201.36,0.00,8303.40,0.00,0.00,400.01,0.00,1900.19
609.804,105012.99,5401.36,104610.57,2493256.50,137302.69,0.00,8603.65,0.00,100.00,1200.07,0.00,1100.06
609.950,100267.78,5901.63,95223.23,2530902.21,131022.24,0.00,8803.82,100.00,0.00,900.04,0.00,2600.35
610.096,106123.87,4500.95,98250.52,2475682.28,132946.51,0.00,8403.48,0.00,0.00,800.03,0.00,3200.53
610.242,95322.87,4901.12,102389.17,2529348.69,119888.82,0.00,9404.36,0.00,0.00,1000.05,0.00,2000.21
610.388,99056.57,3800.68,100168.23,2587600.45,122114.55,0.00,10505.44,0.00,0.00,900.04,0.00,1800.17
610.534,101378.17,4701.03,98452.36,2545093.42,122721.66,0.00,10205.14,0.00,0.00,900.04,0.00,2500.32
610.680,104811.03,7402.56,100975.80,2607989.51,132136.25,0.00,11406.42,0.00,300.00,1000.05,0.00,2700.38
610.826,99662.17,6501.98,100471.05,2577861.19,133858.11,0.00,10305.24,0.00,0.00,800.03,0.00,2200.25
610.972,100873.43,6301.86,98351.45,2559927.99,125150.42,0.00,9504.45,0.00,200.00,900.04,0.00,2700.38
611.118,102185.81,5201.27,103802.75,2528989.51,130313.42,0.00,6902.35,100.00,0.00,1200.07,0.00,2500.32
611.264,102185.81,5501.42,102591.10,2501074.67,125454.07,100.00,8103.24,100.00,0.00,1400.10,0.00,1700.15
611.410,104609.05,4500.95,93306.42,2588285.41,122620.46,100.00,10705.65,0.00,0.00,2100.22,0.00,1300.09
611.556,100671.54,4701.03,99057.93,2684759.44,137404.02,0.00,8203.32,0.00,0.00,1200.07,0.00,1500.12
611.702,94414.88,5101.22,107842.53,2588369.00,129300.86,0.00,8903.91,0.00,300.00,1300.09,100.00,1700.15
611.848,93103.46,10004.68,100975.80,2581611.58,135782.89,0.00,7803.00,0.00,200.00,1200.07,0.00,2500.32
611.994,100873.43,6201.80,101177.69,2544525.45,129402.11,0.00,8503.57,0.00,100.00,1700.15,0.00,1800.17
612.140,101378.17,5301.32,97544.08,2545886.97,129705.85,0.00,7202.56,0.00,0.00,1400.10,0.00,1400.10
612.286,97139.11,4400.91,90280.53,2470595.56,129604.62,0.00,10105.04,100.00,0.00,1200.07,0.00,1900.19
612.432,99460.28,5801.57,97846.84,2507497.91,128288.41,0.00,7502.78,0.00,0.00,400.01,0.00,2200.25
612.578,97139.11,5101.22,93205.53,2520160.60,126263.80,0.00,5601.55,0.00,0.00,1000.05,0.00,1400.10
612.724,101681.03,3500.57,98149.59,2573016.66,125454.07,0.00,9104.09,0.00,100.00,800.03,100.00,1500.12
612.870,94717.52,3500.57,102490.14,2530350.84,120900.45,0.00,9604.55,100.00,0.00,600.02,0.00,1100.06
613.016,98350.11,3100.45,99966.35,2447876.03,130313.42,0.00,9004.00,0.00,0.00,900.04,0.00,1600.13
613.162,97643.67,5001.17,85944.93,2530492.83,123429.98,0.00,7202.56,0.00,0.00,800.03,0.00,1100.06
613.308,92901.72,5401.36,93709.91,2579197.71,123834.77,0.00,8903.91,0.00,0.00,900.04,0.00,1900.19
613.454,93406.09,5101.22,93104.65,2580216.66,130515.92,0.00,8903.91,100.00,0.00,400.01,0.00,1700.15
613.600,96937.29,7502.63,90179.68,2489222.13,132845.22,0.00,6802.28,0.00,0.00,800.03,0.00,2000.21
613.746,100671.54,6201.80,93709.91,2568314.12,126668.69,0.00,7702.93,0.00,300.00,500.01,0.00,1200.07
613.892,104508.07,5701.52,92196.81,2531829.35,127579.74,0.00,7302.63,0.00,0.00,600.02,0.00,1400.10
614.038,98551.95,3500.57,88162.91,2545110.21,129908.38,0.00,6902.35,0.00,100.00,400.01,0.00,2300.27
614.184,103700.26,5201.27,95021.45,2621971.93,125656.47,0.00,7702.93,100.00,0.00,1200.07,0.00,1800.17
614.330,96836.38,4801.08,98351.45,2578754.94,130414.68,0.00,8303.40,0.00,0.00,800.03,0.00,1200.07
614.476,100570.60,3500.57,86852.24,2595134.63,127782.21,0.00,8903.91,0.00,100.00,1200.07,0.00,1000.05
614.623,92699.97,4000.75,84231.34,2541961.19,120394.63,0.00,8903.91,0.00,0.00,400.01,0.00,2100.23
614.769,95827.36,4701.03,89977.98,2524754.55,128288.41,0.00,6902.35,100.00,0.00,600.02,0.00,1300.09
614.915,99964.96,3400.54,86146.54,2530777.01,128288.41,0.00,7302.63,0.00,0.00,200.00,0.00,1500.12
615.061,97744.59,4200.83,90683.93,2549512.17,135377.65,0.00,7502.78,0.00,200.00,600.02,0.00,1100.06
615.207,95524.67,3500.57,88263.75,2478739.31,122721.66,0.00,7502.78,0.00,0.00,600.02,0.00,1800.17
615.353,100974.39,3100.45,82921.13,2481412.36,128997.12,0.00,7903.08,0.00,0.00,100.00,0.00,900.04
615.499,95020.20,2700.34,84533.72,2473585.80,126668.69,0.00,6502.09,0.00,2500.31,500.01,0.00,1100.06
615.645,100267.78,4600.99,78487.76,2465867.83,120293.47,0.00,6101.84,100.00,0.00,700.03,0.00,1600.13
615.791,101075.32,4000.75,88767.91,2464974.08,132034.99,200.00,6602.15,0.00,0.00,700.03,0.00,1300.09
615.937,94818.41,7102.36,83122.68,2555024.86,128389.64,0.00,8503.57,0.00,0.00,500.01,0.00,1800.17
616.083,100469.66,4801.08,96434.04,2459436.19,131629.87,0.00,6301.96,0.00,0.00,600.02,0.00,2100.23
616.229,97845.51,3600.61,81711.84,2505902.40,129300.86,0.00,6602.15,0.00,100.00,500.01,0.00,1400.10
616.375,93910.46,5001.17,88263.75,2493248.10,117157.88,0.00,9304.27,0.00,0.00,800.03,100.00,1600.13
616.521,91086.19,3900.71,83223.46,2529014.51,118573.84,0.00,6301.96,0.00,0.00,900.04,0.00,1700.15
616.667,92195.63,4200.83,87154.68,2492997.52,118472.71,0.00,7002.42,0.00,0.00,500.01,100.00,1500.12
616.813,93910.46,4200.83,89372.93,2498142.83,127073.60,0.00,8803.82,0.00,0.00,500.01,0.00,1500.12
616.959,98551.95,3300.51,88969.58,2523935.99,133047.79,100.00,7803.00,0.00,0.00,800.03,0.00,2100.23
617.105,106224.86,4000.75,91995.08,2543506.50,136998.72,0.00,7402.70,0.00,100.00,600.02,0.00,1600.13
617.251,99056.57,6902.23,93911.68,2534660.99,124846.80,0.00,8403.48,0.00,0.00,300.00,0.00,1400.10
617.397,100368.72,3500.57,86751.41,2472140.68,128794.61,0.00,8103.24,0.00,100.00,700.03,0.00,1100.06
617.543,102286.75,5301.32,83324.26,2520878.96,126972.37,0.00,7903.08,0.00,0.00,200.00,0.00,1200.07
617.689,98955.63,4000.75,75768.21,2465124.47,136998.72,100.00,8103.24,0.00,100.00,400.01,0.00,1300.09
617.835,96735.47,5701.52,83928.97,2498777.59,129300.86,0.00,7302.63,0.00,100.00,500.01,0.00,1700.15
617.981,99763.09,5301.32,87658.79,2537183.46,129402.11,0.00,7803.00,100.00,0.00,300.00,0.00,1700.15
618.127,101277.22,6802.17,81308.78,2510237.56,133149.09,0.00,8803.82,0.00,0.00,800.03,0.00,1300.09
618.273,99964.96,5001.17,91087.34,2529148.10,126466.24,0.00,9404.36,0.00,0.00,400.01,0.00,1800.17
618.419,100873.43,6101.74,92701.16,2484644.78,127782.21,0.00,8303.40,0.00,0.00,600.02,0.00,1900.19
618.565,93506.96,5601.47,84936.89,2576700.25,126061.36,100.00,5801.66,100.00,0.00,500.01,0.00,1300.09
618.711,96230.95,6802.17,81208.03,2558474.47,135580.26,0.00,7102.49,0.00,0.00,400.01,0.00,1000.05
618.857,98148.26,8703.54,83525.82,2589621.93,128389.64,0.00,6201.90,0.00,0.00,500.01,0.00,1600.13
619.003,96634.57,8103.07,81208.03,2390659.82,125555.25,0.00,5601.55,0.00,0.00,400.01,0.00,1600.13
619.149,99359.35,8603.46,79293.70,2464915.68,127782.21,0.00,7803.00,0.00,0.00,300.00,0.00,800.03
619.295,105820.90,7602.70,83727.40,2458943.41,130515.92,100.00,7202.56,100.00,100.00,400.01,0.00,1000.05
619.441,101277.22,12206.97,89675.45,2552552.40,131933.71,0.00,6201.90,0.00,0.00,600.02,0.00,2000.21
619.587,97240.02,9804.50,80502.70,2578896.93,133250.37,0.00,7402.70,0.00,100.00,600.02,0.00,1400.10
619.733,99662.17,12507.32,74761.13,2502786.97,129503.36,0.00,7102.49,0.00,0.00,700.03,100.00,800.03
619.879,99359.35,16312.45,78387.03,2476417.44,128288.41,0.00,6402.02,100.00,0.00,500.01,0.00,1500.12
620.025,104609.05,9504.23,75365.37,2575163.34,137404.02,0.00,8703.73,100.00,0.00,1100.06,0.00,1700.15
620.171,100974.39,8603.46,71237.14,2497533.06,128794.61,0.00,9804.74,100.00,200.00,1300.09,0.00,900.04
620.317,99258.43,4400.91,75063.25,2516794.39,131224.80,0.00,6902.35,0.00,0.00,700.03,0.00,800.03
620.463,102084.84,4801.08,85138.48,2529114.70,134769.79,0.00,7903.08,0.00,100.00,1200.07,0.00,900.04
620.609,97946.42,5101.22,78084.83,2549420.17,127073.60,0.00,7602.85,0.00,0.00,600.02,0.00,1400.10
620.756,96533.67,3700.64,75063.25,2597047.52,135580.26,0.00,5301.39,0.00,0.00,400.01,0.00,1500.12
620.902,99964.96,4600.99,76473.22,2459695.17,129199.61,100.00,5901.72,0.00,100.00,1600.13,0.00,1300.09
621.048,99662.17,4701.03,78689.25,2488762.75,135478.95,0.00,5601.55,0.00,100.00,500.01,0.00,900.04
621.194,96836.38,3600.61,68418.77,2507973.88,130414.68,0.00,7002.42,100.00,0.00,500.01,0.00,1300.09
621.340,95423.78,3400.54,74962.54,2568163.73,133047.79,0.00,7803.00,0.00,0.00,200.00,0.00,1900.19
621.486,94919.31,3100.45,84029.76,2557622.52,134972.42,100.00,7502.78,0.00,0.00,200.00,0.00,1300.09
621.632,92397.37,3300.51,75969.63,2540165.29,129199.61,0.00,7202.56,100.00,0.00,600.02,0.00,1000.05
621.778,95726.45,3800.68,72847.96,2506111.38,126972.37,200.00,6101.84,0.00,0.00,500.01,0.00,1600.13
621.924,91388.76,4801.08,69425.26,2502143.81,129098.35,0.00,6702.22,0.00,0.00,400.01,100.00,1900.19
622.070,94414.88,3600.61,72948.65,2549946.35,141660.71,0.00,7903.08,100.00,0.00,300.00,0.00,1600.13
622.216,90884.49,3800.68,72445.23,2452553.57,124543.19,0.00,7202.56,0.00,0.00,900.04,0.00,1100.06
622.362,101781.98,4500.95,75969.63,2551257.87,143181.39,100.00,7803.00,0.00,0.00,800.03,0.00,1200.07
622.508,98350.11,4500.95,73049.33,2536105.92,138417.36,0.00,5701.60,0.00,0.00,800.03,0.00,2100.23
622.654,94011.35,4400.91,73351.40,2542470.76,128592.13,0.00,8803.82,0.00,100.00,800.03,0.00,1200.07
622.800,97340.93,3700.64,79595.94,2577176.42,133452.93,0.00,7803.00,0.00,0.00,1900.18,0.00,1900.19
622.946,95524.67,4801.08,78991.47,2513152.60,133351.66,0.00,7402.70,0.00,0.00,1300.09,0.00,1000.05
623.092,94919.31,8303.23,77077.54,2469693.41,135377.65,0.00,4601.04,0.00,0.00,700.03,100.00,1000.05
623.238,99157.51,3300.51,70029.18,2465826.03,138924.08,0.00,8003.16,0.00,0.00,1500.11,0.00,800.03
623.384,91893.05,2600.32,74156.95,2442262.95,130617.19,0.00,6702.22,0.00,0.00,600.02,0.00,1500.12
623.530,99864.02,3300.51,76976.81,2466786.58,137708.02,0.00,6201.90,0.00,100.00,800.03,0.00,1300.09
623.676,90178.55,3000.42,71941.84,2440241.66,126365.01,100.00,6502.09,0.00,0.00,700.03,0.00,1800.17
623.822,87355.26,3000.42,70733.80,2545769.98,130920.96,100.00,5601.55,0.00,0.00,600.02,0.00,700.03
623.968,91993.90,3400.54,67814.94,2515399.47,130920.96,0.00,8103.24,0.00,0.00,800.03,0.00,1100.06
624.114,93305.21,3000.42,73854.86,2533817.24,131731.16,0.00,6402.02,0.00,0.00,300.00,0.00,800.03
624.260,96331.86,2400.27,69928.52,2518907.67,136897.39,0.00,7102.49,0.00,0.00,900.04,0.00,1600.13
624.406,102387.73,3500.57,69928.52,2491569.20,127883.45,0.00,6502.09,0.00,0.00,200.00,0.00,1300.09
624.552,93809.59,2500.29,73854.86,2586088.73,138518.69,0.00,4901.18,0.00,0.00,700.03,0.00,1200.07
624.698,106628.86,2800.37,73150.03,2590006.11,133047.79,0.00,5801.66,0.00,0.00,300.00,0.00,1500.12
624.844,95625.56,2200.23,62281.34,2591075.25,137910.67,0.00,6802.28,0.00,0.00,900.04,100.00,800.03
624.990,91489.62,2700.34,74962.54,2570978.57,131731.16,0.00,7402.70,1500.11,0.00,1100.06,0.00,1000.05
625.136,93809.59,4200.83,66305.49,2572791.07,141964.83,0.00,6702.22,0.00,0.00,1100.06,0.00,1900.19
625.282,99964.96,3300.51,60973.81,2562442.05,136492.11,0.00,7102.49,0.00,0.00,1100.06,0.00,900.04
625.428,90380.25,3200.48,63488.42,2527728.18,135580.26,0.00,7102.49,0.00,100.00,500.01,0.00,1800.17
625.574,91287.92,3300.51,69123.30,2524762.95,139836.18,0.00,5501.49,0.00,0.00,400.01,0.00,700.03
625.720,90178.55,4000.75,61174.96,2504206.89,135478.95,100.00,6702.22,0.00,0.00,600.02,0.00,1300.09
625.866,96029.15,3000.42,62784.28,2576416.27,132541.37,0.00,7302.63,0.00,0.00,300.00,0.00,800.03
626.012,100974.39,3500.57,58761.44,2723683.26,133858.11,0.00,6402.02,0.00,100.00,500.01,0.00,1300.09
626.158,87355.26,3100.45,64695.65,2557388.73,141457.97,0.00,5201.33,0.00,0.00,800.03,0.00,1000.05
626.304,90783.66,2200.23,61476.69,2535278.96,138417.36,0.00,6702.22,100.00,0.00,1100.06,0.00,800.03
626.450,95423.78,2100.21,66204.87,2577017.64,139025.42,0.00,5701.60,100.00,0.00,500.01,0.00,600.02
626.596,93910.46,3600.61,63790.21,2481261.97,134465.91,0.00,7702.93,0.00,0.00,1000.05,0.00,900.04
626.742,94818.41,2900.39,67211.13,2569182.67,134263.30,0.00,7302.63,200.00,0.00,1000.05,0.00,900.04
626.888,93506.96,3700.64,60370.40,2457749.08,125858.90,0.00,6902.35,0.00,0.00,1100.06,0.00,800.03
627.035,95221.97,2600.32,60269.84,2524888.34,138620.02,0.00,5001.23,100.00,0.00,300.00,0.00,800.03
627.181,95928.26,2800.37,63991.41,2577326.62,135782.89,0.00,6301.96,0.00,0.00,400.01,0.00,800.03
627.327,96230.95,2100.21,68318.14,2599553.38,136897.39,0.00,4100.83,100.00,0.00,300.00,0.00,700.03
627.473,94414.88,2700.34,57353.82,2438562.75,135580.26,0.00,5601.55,0.00,0.00,900.04,0.00,1200.07
627.619,100974.39,5201.27,64192.61,2528529.94,133959.41,0.00,7002.42,0.00,0.00,900.04,100.00,900.04
627.765,92195.63,8603.46,65098.09,2462935.99,127377.29,0.00,5701.60,200.00,0.00,800.03,0.00,1600.13
627.911,93910.46,10004.68,64293.21,2490834.24,134060.71,100.00,6502.09,0.00,0.00,600.02,0.00,600.02
628.057,96230.95,8703.54,59465.33,2638894.59,127579.74,0.00,6402.02,0.00,0.00,300.00,0.00,1100.06
628.203,87052.83,7802.85,61677.85,2550790.10,136390.77,0.00,6201.90,0.00,0.00,500.01,0.00,700.03
628.349,95322.87,6001.68,65299.32,2661338.34,144905.07,100.00,6802.28,0.00,0.00,300.00,0.00,700.03
628.495,90178.55,5401.36,58761.44,2485914.31,134162.01,0.00,6702.22,0.00,0.00,300.00,0.00,1100.06
628.641,87254.45,5301.32,63488.42,2530919.00,145209.29,0.00,6101.84,0.00,0.00,400.01,0.00,500.01
628.787,89573.50,3300.51,60169.26,2495369.78,133655.53,0.00,6602.15,0.00,0.00,900.04,0.00,1000.05
628.933,94313.99,3200.48,64595.04,2588427.40,129199.61,0.00,4901.18,0.00,0.00,400.01,0.00,1200.07
629.079,90481.09,3500.57,63387.83,2643238.15,132440.10,0.00,5101.28,0.00,0.00,300.00,0.00,200.00
629.225,97139.11,3900.71,58560.35,2520077.01,129705.85,0.00,6201.90,0.00,0.00,200.00,0.00,900.04
629.371,96735.47,2900.39,63086.05,2482255.91,138113.36,0.00,6902.35,0.00,0.00,400.01,0.00,600.02
629.517,89876.03,3400.54,64494.44,2546388.14,142573.10,0.00,6802.28,100.00,0.00,700.03,0.00,700.03
629.663,95121.08,3700.64,63890.82,2581878.96,137910.67,0.00,5301.39,0.00,0.00,400.01,0.00,600.02
629.809,92800.85,2600.32,61074.38,2627618.42,140444.34,0.00,5301.39,0.00,0.00,300.00,0.00,400.01
629.955,91187.05,3500.57,60772.67,2690447.72,132642.65,0.00,5201.33,0.00,100.00,500.01,0.00,500.01
630.101,102185.81,2900.39,60973.81,2621378.96,136390.77,100.00,6101.84,0.00,0.00,300.00,0.00,1100.06
630.247,94919.31,3000.42,54438.59,2536172.71,127276.03,0.00,8103.24,0.00,100.00,500.01,0.00,800.03
630.393,98249.18,2800.37,54941.16,2534093.03,136593.44,0.00,6502.09,0.00,0.00,300.00,0.00,1200.07
630.539,99258.43,4100.79,55644.79,2567620.76,144905.07,0.00,6502.09,0.00,0.00,400.01,0.00,800.03
630.685,93607.82,3500.57,57353.82,2456186.97,138113.36,0.00,7402.70,0.00,0.00,500.01,0.00,1100.06
630.831,93103.46,7502.63,62683.69,2582630.72,127782.21,0.00,7402.70,0.00,100.00,500.01,0.00,1100.06
630.977,94011.35,9103.88,54840.64,2552995.17,129807.11,0.00,4801.14,0.00,0.00,200.00,0.00,700.03
631.123,95827.36,10304.97,61879.01,2584334.63,140140.27,0.00,6101.84,100.00,0.00,400.01,0.00,900.04
631.269,97643.67,7602.70,56449.01,2555125.06,133756.83,0.00,6702.22,0.00,0.00,300.00,0.00,1200.07
631.415,97038.20,9003.79,64092.02,2417497.12,134871.11,0.00,6201.90,100.00,0.00,200.00,0.00,900.04
631.561,90178.55,7502.63,61879.01,2466911.97,131731.16,0.00,4801.14,0.00,0.00,900.04,0.00,600.02
631.707,91993.90,5901.63,61677.85,2506495.56,134972.42,0.00,6902.35,100.00,0.00,1000.05,0.00,500.01
631.853,93103.46,5301.32,58258.70,2504933.65,136289.48,0.00,5501.49,0.00,400.01,1100.06,100.00,900.04
631.999,89775.19,5001.17,63589.02,2471079.94,130313.42,0.00,7202.56,0.00,0.00,800.03,0.00,500.01
632.145,92397.37,3000.42,60873.24,2633039.32,139836.18,0.00,7302.63,0.00,0.00,700.03,0.00,1000.05
632.291,96331.86,5901.63,59364.77,2588961.97,137910.67,0.00,5101.28,0.00,0.00,900.04,0.00,800.03
632.437,103195.44,3400.54,61174.96,2534569.00,136593.44,0.00,7502.78,0.00,0.00,300.00,0.00,1500.12
632.583,102993.51,4300.86,57152.74,2503363.34,131427.35,0.00,5401.44,0.00,0.00,900.04,0.00,1400.10
632.729,97946.42,3500.57,57052.20,2513327.99,140647.06,0.00,6602.15,0.00,0.00,500.01,0.00,1300.09
632.875,103801.26,2100.21,66104.24,2615365.10,141052.49,0.00,6402.02,0.00,0.00,200.00,0.00,600.02
633.021,94313.99,2500.29,58459.80,2547348.69,134263.30,0.00,6301.96,0.00,0.00,300.00,0.00,600.02
633.168,100267.78,2500.29,58660.89,2565916.85,137910.67,0.00,6301.96,0.00,0.00,500.01,0.00,1300.09
633.314,97845.51,2900.39,61174.96,2499420.76,136289.48,0.00,6502.09,0.00,0.00,600.02,0.00,1000.05
633.460,88363.51,3700.64,70431.82,2559869.39,139228.10,0.00,6602.15,0.00,0.00,400.01,0.00,700.03
633.606,95928.26,2500.29,60068.70,2589997.71,138721.39,0.00,6001.78,0.00,100.00,900.04,0.00,400.01
633.752,90077.71,4000.75,58258.70,2565532.67,132034.99,0.00,6702.22,0.00,0.00,600.02,0.00,800.03
633.898,94919.31,2300.25,60973.81,2644708.07,135782.89,0.00,5401.44,100.00,0.00,700.03,0.00,1000.05
634.044,93002.58,1800.15,57655.44,2553897.32,130617.19,100.00,6602.15,0.00,0.00,400.01,0.00,1100.06
634.190,96029.15,1700.14,56247.96,2587249.67,130718.47,0.00,4901.18,0.00,0.00,600.02,0.00,700.03
634.336,95625.56,2000.19,60269.84,2511415.29,133554.21,0.00,6902.35,0.00,0.00,200.00,0.00,800.03
634.482,90884.49,2300.25,62583.09,2520352.79,125049.21,0.00,5701.60,0.00,0.00,500.01,0.00,700.03
634.628,94616.65,2400.27,65802.38,2545385.80,139329.46,0.00,6301.96,0.00,0.00,300.00,0.00,1200.07
634.774,96634.57,3300.51,63287.23,2473435.41,140849.77,0.00,7002.42,0.00,0.00,1500.11,0.00,1100.06
634.920,93305.21,2400.27,55946.36,2480067.44,139228.10,0.00,5901.72,0.00,0.00,200.00,0.00,900.04
635.066,93809.59,2200.23,65098.09,2538695.37,135377.65,0.00,6902.35,0.00,0.00,300.00,0.00,600.02
635.212,96634.57,2500.29,59867.57,2469225.64,136694.74,0.00,4601.04,0.00,0.00,400.01,0.00,800.03
635.358,93305.21,3100.45,58258.70,2557681.11,134769.79,0.00,5401.44,0.00,0.00,400.01,0.00,800.03
635.504,88262.67,2500.29,60973.81,2540725.06,136492.11,0.00,5601.55,0.00,100.00,100.00,0.00,600.02
635.650,94112.23,1700.14,56046.89,2469325.84,129908.38,100.00,6502.09,0.00,0.00,1200.07,0.00,600.02
635.796,92800.85,3100.45,57253.27,2407064.70,131629.87,0.00,6802.28,0.00,0.00,300.00,0.00,1300.09
635.942,89976.86,2400.27,54639.62,2430235.02,135580.26,0.00,4701.09,0.00,0.00,800.03,100.00,1100.06
636.088,93809.59,1700.14,55142.20,2494016.46,131427.35,0.00,4901.18,0.00,0.00,500.01,0.00,1000.05
636.234,87052.83,2900.39,56247.96,2447141.07,134567.20,0.00,7102.49,0.00,0.00,300.00,0.00,1000.05
636.380,95221.97,3000.42,53333.02,2527577.79,127883.45,0.00,6201.90,0.00,0.00,1000.05,0.00,1000.05
636.526,94818.41,2400.27,57253.27,2415500.84,129199.61,0.00,7202.56,0.00,0.00,700.03,0.00,900.04
636.672,95524.67,3100.45,60370.40,2638543.81,136694.74,0.00,6502.09,0.00,0.00,600.02,0.00,500.01
636.818,92498.23,2700.34,53835.55,2388204.15,131528.60,200.00,5101.28,0.00,0.00,300.00,0.00,700.03
636.964,97139.11,2900.39,61376.12,2552026.23,130920.96,0.00,6001.78,0.00,0.00,200.00,0.00,1400.10
637.110,94818.41,3000.42,61577.26,2448936.77,129199.61,0.00,4801.14,0.00,0.00,1200.07,0.00,1200.07
637.256,85943.89,2400.27,59163.67,2505819.00,127883.45,0.00,6702.22,0.00,100.00,500.01,0.00,600.02
637.402,92800.85,4000.75,56449.01,2584092.44,131731.16,0.00,6402.02,0.00,0.00,600.02,0.00,1000.05
637.548,89976.86,2800.37,52328.07,2509135.02,135478.95,0.00,7903.08,0.00,0.00,600.02,0.00,1200.07
637.694,98652.88,3000.42,65701.77,2517905.33,138518.69,0.00,6502.09,200.00,0.00,1100.06,0.00,700.03
637.840,93002.58,3500.57,64997.48,2490733.84,131224.80,0.00,7202.56,0.00,0.00,1000.05,0.00,1500.12
637.986,90380.25,3000.42,57554.88,2471940.29,128794.61,0.00,5601.55,0.00,0.00,800.03,0.00,1200.07
638.132,93910.46,3700.64,61174.96,2496906.50,129604.62,100.00,5801.66,0.00,0.00,300.00,0.00,800.03
638.278,98854.72,2700.34,65500.54,2586222.32,127680.97,0.00,6101.84,0.00,0.00,500.01,0.00,900.04
638.424,100368.72,2600.32,54539.11,2647021.93,138012.01,0.00,6301.96,0.00,0.00,300.00,0.00,1200.07
638.570,101176.28,2900.39,57554.88,2505443.02,133554.21,0.00,7702.93,0.00,0.00,700.03,0.00,1000.05
638.716,91086.19,2300.25,57755.98,2526224.67,142167.57,0.00,5501.49,0.00,0.00,700.03,0.00,800.03
638.862,97240.02,2800.37,57353.82,2455477.01,133959.41,0.00,8403.48,0.00,0.00,200.00,0.00,1100.06
639.008,92901.72,2000.19,57755.98,2467454.94,137708.02,0.00,8103.24,0.00,0.00,800.03,0.00,800.03
639.154,95726.45,2100.21,60973.81,2636154.94,133756.83,0.00,5901.72,0.00,0.00,400.01,100.00,1100.06
639.301,96230.95,2400.27,60269.84,2534961.58,139228.10,0.00,7202.56,0.00,0.00,400.01,0.00,1100.06
639.447,94112.23,3300.51,59163.67,2475089.31,125656.47,0.00,6702.22,0.00,0.00,100.00,0.00,500.01
639.593,94919.31,2700.34,60672.10,2457849.27,130819.72,0.00,5601.55,0.00,100.00,500.01,0.00,600.02
639.739,89472.66,2100.21,59063.11,2482590.09,132845.22,0.00,7402.70,0.00,0.00,500.01,0.00,900.04
639.885,97038.20,2200.23,58057.61,2462493.41,145209.29,0.00,8703.73,0.00,0.00,800.03,0.00,1100.06
640.031,91489.62,3100.45,52428.56,2466093.41,141255.25,0.00,7502.78,0.00,0.00,900.04,0.00,700.03
640.177,89069.31,2600.32,60470.95,2598918.42,139734.84,200.00,6101.84,0.00,0.00,200.00,0.00,800.03
640.323,96029.15,4500.95,62180.74,2537158.46,136086.82,100.00,6902.35,0.00,0.00,1000.05,0.00,1400.10
640.469,96836.38,3400.54,59767.02,2588009.82,128895.86,0.00,6301.96,0.00,0.00,1000.05,0.00,1000.05
640.615,95726.45,3200.48,64997.48,2515366.07,135580.26,100.00,4901.18,0.00,0.00,700.03,0.00,1700.15
640.761,98148.26,2900.39,55946.36,2534602.40,140748.43,0.00,6201.90,0.00,0.00,600.02,0.00,1300.09
640.907,97240.02,5601.47,62180.74,2517922.13,146933.29,0.00,7903.08,0.00,0.00,600.02,100.00,1200.07
641.053,100974.39,3500.57,61979.59,2593831.70,143789.71,0.00,6902.35,0.00,0.00,800.03,0.00,800.03
641.199,96634.57,4200.83,54237.57,2521396.74,144195.27,100.00,7002.42,0.00,0.00,800.03,0.00,1300.09
641.345,97441.85,3700.64,57454.35,2567044.39,136289.48,0.00,6902.35,0.00,100.00,600.02,200.00,800.03
641.491,96634.57,3600.61,58560.35,2667093.42,148961.94,0.00,5801.66,0.00,100.00,600.02,0.00,1100.06
641.637,96735.47,3900.71,58359.24,2560821.74,143485.53,0.00,7402.70,0.00,0.00,400.01,0.00,1000.05
641.783,102690.62,4000.75,57755.98,2566192.44,139329.46,0.00,9004.00,0.00,0.00,500.01,100.00,1000.05
641.929,93204.32,3800.68,56449.01,2478614.12,130920.96,0.00,6101.84,0.00,0.00,300.00,0.00,2000.21
642.075,101681.03,4000.75,60169.26,2466711.38,135175.03,0.00,5901.72,0.00,0.00,700.03,0.00,1100.06
642.221,93607.82,3100.45,62381.93,2560454.16,137302.69,0.00,8603.65,0.00,0.00,800.03,0.00,1200.07
642.367,95726.45,4801.08,59867.57,2523802.40,135073.73,0.00,7903.08,0.00,0.00,700.03,0.00,1300.09
642.513,95827.36,4000.75,61275.54,2644749.86,138316.02,0.00,6702.22,0.00,0.00,200.00,0.00,1300.09
642.659,93305.21,12807.67,58761.44,2552711.19,141255.25,0.00,7202.56,0.00,100.00,800.03,100.00,1800.17
642.805,91489.62,6101.74,58861.99,2555425.84,137201.36,0.00,5001.23,0.00,0.00,500.01,0.00,1500.12
642.951,90581.94,4801.08,57454.35,2567938.14,145716.32,0.00,5901.72,0.00,200.00,600.02,0.00,1100.06
643.097,93607.82,5001.17,61275.54,2595711.00,137302.69,0.00,8503.57,0.00,0.00,1000.05,0.00,600.02
643.243,100772.48,6702.10,60370.40,2561214.32,145107.88,0.00,7903.08,0.00,100.00,600.02,100.00,1200.07
643.389,99561.22,4600.99,54237.57,2603971.93,143384.15,0.00,6301.96,100.00,0.00,1000.05,0.00,900.04
643.535,103700.26,5301.32,58761.44,2533408.06,137606.69,0.00,5701.60,0.00,0.00,800.03,0.00,1100.06
643.681,95928.26,3000.42,58962.55,2497290.88,124441.97,0.00,7402.70,0.00,100.00,800.03,0.00,1300.09
643.827,91893.05,4500.95,56750.60,2457682.09,128490.87,0.00,6001.78,0.00,0.00,500.01,0.00,700.03
643.973,92699.97,7502.63,51926.11,2411266.07,127984.70,0.00,6001.78,0.00,0.00,300.00,0.00,2000.21
644.119,95827.36,4200.83,60873.24,2533959.24,140444.34,0.00,7502.78,0.00,0.00,600.02,0.00,800.03
644.265,100368.72,4801.08,54438.59,2494592.83,135580.26,0.00,6101.84,0.00,0.00,400.01,0.00,1000.05
644.411,96331.86,2700.34,58560.35,2537809.82,139937.55,0.00,7202.56,0.00,0.00,200.00,0.00,1000.05
644.557,95221.97,3500.57,54137.07,2536147.71,141762.08,0.00,6502.09,0.00,0.00,400.01,100.00,1500.12
644.703,94011.35,3600.61,53433.52,2475139.31,142877.21,0.00,5601.55,0.00,0.00,500.01,100.00,500.01
644.849,96331.86,3200.48,57856.53,2603270.18,144296.66,0.00,7502.78,0.00,0.00,700.03,0.00,700.03
644.995,91287.92,3300.51,52830.54,2475682.28,144803.68,0.00,8003.16,0.00,100.00,400.01,0.00,1100.06
645.141,100065.90,4200.83,60571.53,2508826.03,144398.06,100.00,8703.73,0.00,0.00,1000.05,0.00,1400.10
645.287,94112.23,2900.39,55443.75,2496580.92,141660.71,0.00,6101.84,0.00,0.00,600.02,0.00,1000.05
645.433,100974.39,6802.17,52529.05,2500381.31,135985.50,0.00,9604.55,0.00,0.00,200.00,0.00,800.03
645.580,101277.22,3300.51,50820.80,2548977.60,137708.02,100.00,7502.78,0.00,0.00,500.01,0.00,1100.06
645.726,90481.09,3200.48,49012.37,2502745.17,135276.35,100.00,6802.28,0.00,100.00,500.01,0.00,500.01
645.872,93506.96,4701.03,57554.88,2511807.87,144499.47,0.00,7302.63,100.00,0.00,300.00,0.00,1100.06
646.018,94011.35,4701.03,62381.93,2479583.06,149773.50,0.00,8003.16,0.00,0.00,200.00,0.00,900.04
646.164,91187.05,2900.39,53031.54,2442162.75,144296.66,0.00,7903.08,100.00,0.00,700.03,0.00,1000.05
646.310,90581.94,3600.61,48007.81,2487367.83,140849.77,0.00,7302.63,0.00,0.00,1200.07,0.00,700.03
646.456,100065.90,4901.12,56851.14,2488503.77,138822.73,100.00,8503.57,100.00,100.00,600.02,0.00,800.03
646.602,103397.37,4200.83,52227.58,2602685.61,138417.36,0.00,7402.70,0.00,0.00,1100.06,0.00,1000.05
646.748,98451.03,3400.54,55745.32,2648642.25,146527.63,0.00,7702.93,0.00,100.00,500.01,0.00,1400.10
646.894,90077.71,2800.37,54639.62,2493456.89,134668.50,0.00,6301.96,0.00,0.00,600.02,0.00,1100.06
647.040,93506.96,2400.27,54539.11,2365501.42,134769.79,0.00,7002.42,0.00,0.00,300.00,0.00,800.03
647.186,95423.78,2000.19,53936.05,2465776.03,146933.29,0.00,7302.63,100.00,0.00,1100.06,0.00,600.02
647.332,105719.90,2300.25,55644.79,2589154.16,152918.86,0.00,7502.78,0.00,100.00,500.01,0.00,800.03
647.478,98148.26,1900.17,56750.60,2587124.47,145919.12,0.00,6402.02,100.00,100.00,1300.09,0.00,1300.09
647.624,95322.87,4000.75,53835.55,2677759.83,142775.86,0.00,7702.93,0.00,100.00,500.01,0.00,800.03
647.770,91792.19,3300.51,57353.82,2529707.67,142674.47,0.00,8103.24,0.00,0.00,2000.20,0.00,800.03
647.916,102185.81,3900.71,49615.14,2622765.49,146831.86,0.00,6802.28,100.00,0.00,800.03,0.00,1300.09
648.062,99157.51,2300.25,55544.27,2516552.20,147846.12,0.00,9204.18,0.00,0.00,1100.06,0.00,1400.10
648.208,89775.19,2600.32,49313.76,2499153.57,147034.71,0.00,6902.35,0.00,0.00,900.04,0.00,500.01
648.354,98955.63,1800.15,53835.55,2539722.71,140038.92,0.00,9004.00,0.00,0.00,800.03,0.00,700.03
648.500,98652.88,2900.39,53333.02,2504424.08,134871.11,100.00,7402.70,0.00,0.00,1000.05,0.00,800.03
648.646,92397.37,2900.39,53936.05,2542938.53,135782.89,0.00,6902.35,0.00,0.00,300.00,0.00,1000.05
648.792,98451.03,2300.25,55343.24,2541919.39,139329.46,0.00,7803.00,0.00,100.00,1200.07,100.00,1900.19
648.938,99359.35,3500.57,53936.05,2589245.96,146527.63,0.00,6402.02,0.00,0.00,800.03,0.00,1200.07
649.084,99964.96,2700.34,54237.57,2559092.64,142877.21,0.00,7702.93,0.00,100.00,1100.06,0.00,800.03
649.230,88665.99,1900.17,52629.55,2524353.57,136796.06,0.00,7502.78,0.00,0.00,600.02,0.00,900.04
649.376,100873.43,3100.45,53333.02,2437777.59,145412.08,100.00,7102.49,0.00,0.00,700.03,0.00,900.04
649.522,102993.51,2500.29,52730.05,2534861.38,143688.30,0.00,7903.08,0.00,0.00,700.03,0.00,1000.05
649.668,93002.58,2300.25,56449.01,2561072.32,140647.06,0.00,8203.32,100.00,100.00,600.02,0.00,900.04
649.814,98350.11,3500.57,50519.37,2533550.06,134060.71,0.00,7602.85,0.00,0.00,1000.05,0.00,900.04
649.960,92901.72,2500.29,54941.16,2579189.32,144905.07,0.00,7402.70,0.00,100.00,800.03,0.00,900.04
650.106,91489.62,3700.64,52026.60,2452929.55,143891.12,0.00,7402.70,0.00,0.00,1000.05,0.00,1500.12
650.252,95423.78,2900.39,50318.44,2554431.89,154238.19,0.00,6802.28,0.00,0.00,400.01,0.00,1200.07
650.398,91489.62,3000.42,53534.03,2517738.34,151396.81,0.00,7002.42,0.00,0.00,1000.05,0.00,900.04
650.544,93708.69,3200.48,50820.80,2534852.99,146933.29,100.00,6602.15,0.00,200.00,700.03,0.00,1400.10
650.690,95020.20,2700.34,53735.04,2575764.71,139228.10,100.00,5901.72,200.00,0.00,500.01,0.00,500.01
650.836,92901.72,2100.21,48811.46,2554373.30,134364.60,0.00,6201.90,0.00,0.00,1100.06,0.00,1300.09
650.982,97744.59,4701.03,51825.62,2637098.89,143586.91,0.00,8003.16,0.00,0.00,700.03,0.00,800.03
651.128,94616.65,3400.54,53534.03,2402136.58,144499.47,0.00,6602.15,0.00,0.00,1200.07,0.00,1300.09
651.274,92397.37,700.02,55142.20,2597047.52,144499.47,0.00,7702.93,0.00,0.00,600.02,100.00,900.04
651.420,94515.77,2700.34,52931.03,2479182.09,143181.39,0.00,6702.22,0.00,0.00,600.02,100.00,800.03
651.566,92901.72,3000.42,51725.14,2513662.17,139937.55,0.00,6402.02,0.00,0.00,500.01,0.00,1700.15
651.713,97038.20,1900.17,51524.17,2438086.58,138822.73,100.00,6602.15,0.00,0.00,500.01,0.00,700.03
651.859,96432.76,2500.29,51524.17,2564246.35,138012.01,0.00,6101.84,0.00,0.00,400.01,0.00,900.04
652.005,98451.03,3300.51,55242.72,2485864.31,146121.96,0.00,6101.84,0.00,0.00,700.03,0.00,700.03
652.151,92296.51,2700.34,52026.60,2574436.58,143789.71,0.00,6502.09,0.00,0.00,500.01,0.00,600.02
652.297,95221.97,5001.17,51524.17,2480936.19,142877.21,0.00,8103.24,100.00,0.00,600.02,0.00,1300.09
652.443,93305.21,3200.48,46702.03,2546872.71,154441.18,0.00,6502.09,0.00,0.00,800.03,0.00,900.04
652.589,91388.76,30844.45,53936.05,2512618.02,143586.91,0.00,7102.49,0.00,100.00,700.03,0.00,500.01
652.735,97744.59,4000.75,50619.85,2694707.68,146831.86,100.00,7903.08,0.00,0.00,1000.05,0.00,400.01
652.881,95827.36,2700.34,53132.03,2568447.71,145412.08,0.00,8003.16,0.00,100.00,1200.07,0.00,1200.07
653.027,96230.95,4801.08,49213.29,2583791.66,145513.49,0.00,6802.28,0.00,0.00,600.02,0.00,1700.15
653.173,95423.78,3500.57,47907.36,2605249.86,149469.12,0.00,8503.57,0.00,0.00,1200.07,0.00,1400.10
653.319,92599.12,4500.95,56650.07,2574202.79,156877.32,100.00,7202.56,0.00,0.00,900.04,0.00,1000.05
653.465,94011.35,2100.21,56247.96,2564864.32,154441.18,0.00,6702.22,0.00,0.00,700.03,0.00,1600.13
653.611,90884.49,3500.57,59565.90,2544650.84,141153.86,0.00,6902.35,0.00,0.00,600.02,0.00,800.03
653.757,91086.19,2400.27,56750.60,2527836.78,149063.36,0.00,7702.93,0.00,0.00,400.01,0.00,800.03
653.903,94414.88,2100.21,52026.60,2616100.06,150077.85,0.00,7402.70,0.00,0.00,800.03,0.00,700.03
654.049,94313.99,1400.09,52629.55,2526425.06,140545.69,0.00,6301.96,0.00,0.00,900.04,0.00,800.03
654.195,94818.41,1900.17,56549.54,2652350.84,144905.07,100.00,6502.09,0.00,0.00,300.00,0.00,1000.05
654.341,92498.23,3000.42,58660.89,2573542.83,146629.03,0.00,7702.93,0.00,0.00,400.01,0.00,1300.09
654.487,88161.84,2500.29,55041.68,2432557.09,143485.53,0.00,7402.70,0.00,0.00,700.03,0.00,1600.13
654.633,93002.58,2800.37,53232.53,2481846.54,144093.86,0.00,7602.85,0.00,100.00,600.02,0.00,1300.09
654.779,97946.42,2700.34,54137.07,2563945.57,147136.14,0.00,7002.42,0.00,100.00,600.02,0.00,1200.07
654.925,93002.58,4200.83,60873.24,2554406.70,138822.73,0.00,8903.91,0.00,0.00,900.04,0.00,1600.13
655.071,98955.63,4500.95,56951.67,2561489.90,146730.45,0.00,7402.70,0.00,0.00,200.00,0.00,900.04
655.217,91388.76,116734.18,51122.24,2593439.12,155253.17,0.00,8203.32,0.00,0.00,100.00,0.00,1200.07
655.363,100772.48,2600.32,50318.44,2609426.23,153121.84,0.00,8503.57,0.00,0.00,100.00,0.00,1100.06
655.509,91590.47,2700.34,53835.55,2492379.35,150686.56,0.00,5001.23,0.00,0.00,500.01,0.00,1800.17
655.655,93103.46,3400.54,60571.53,2538043.81,146324.80,0.00,7502.78,0.00,0.00,500.01,0.00,600.02
655.801,97845.51,2900.39,57856.53,2594199.28,159212.49,0.00,5301.39,0.00,0.00,500.01,100.00,1000.05
655.947,90884.49,2300.25,54338.08,2564304.74,141863.46,0.00,8503.57,0.00,0.00,400.01,0.00,700.03
656.093,94011.35,3800.68,56449.01,2600814.51,138316.02,0.00,7202.56,100.00,0.00,400.01,0.00,1200.07
656.239,98350.11,2900.39,56147.43,2479148.69,140647.06,0.00,8903.91,0.00,0.00,700.03,0.00,1000.05
656.385,96836.38,2200.23,55041.68,2592035.80,143080.00,0.00,7002.42,0.00,0.00,500.01,0.00,1400.10
656.531,93809.59,2600.32,54539.11,2509093.22,150179.29,0.00,8703.73,0.00,0.00,900.04,0.00,1300.09
656.677,87758.55,3200.48,56549.54,2536707.28,149164.81,0.00,7702.93,0.00,100.00,600.02,0.00,600.02
656.823,84734.31,2200.23,57052.20,2478923.10,151193.85,0.00,6201.90,0.00,100.00,300.00,0.00,900.04
656.969,88061.02,2300.25,61577.26,2465959.82,139836.18,0.00,9704.64,0.00,0.00,800.03,0.00,1400.10
657.115,87556.92,2200.23,57554.88,2488436.97,141964.83,0.00,7302.63,0.00,0.00,400.01,0.00,700.03
657.261,91086.19,2600.32,53333.02,2441477.79,165001.92,0.00,9004.00,0.00,0.00,500.01,0.00,1800.17
657.407,88161.84,2200.23,62985.45,2529198.30,145817.70,0.00,7202.56,0.00,100.00,100.00,0.00,1400.10
657.553,96331.86,3300.51,61275.54,2499654.55,148556.18,0.00,9804.74,100.00,0.00,800.03,0.00,1000.05
657.699,95020.20,2900.39,57152.74,2622757.09,145209.29,100.00,9004.00,0.00,100.00,0.00,0.00,600.02
657.846,87859.36,2600.32,55343.24,2454859.04,147744.72,0.00,6802.28,0.00,0.00,900.04,0.00,2200.25
657.992,97038.20,2000.19,60470.95,2548142.24,145310.67,0.00,8603.65,0.00,0.00,400.01,0.00,1400.10
658.138,96836.38,3100.45,54539.11,2518665.49,137708.02,0.00,6902.35,100.00,100.00,600.02,0.00,1000.05
658.284,95423.78,2200.23,57554.88,2519734.63,146831.86,100.00,6402.02,0.00,100.00,100.00,0.00,900.04
658.430,91287.92,3400.54,56348.48,2504541.07,147339.02,0.00,8003.16,100.00,0.00,400.01,0.00,1100.06
658.576,92397.37,3000.42,61376.12,2481295.37,149266.24,0.00,7602.85,0.00,0.00,200.00,0.00,500.01
658.722,95928.26,2800.37,55343.24,2609643.42,147237.59,0.00,7903.08,100.00,0.00,500.01,0.00,1400.10
658.868,98955.63,2300.25,57957.07,2506311.77,147339.02,100.00,7602.85,0.00,0.00,400.01,0.00,1100.06
659.014,94011.35,2900.39,59968.13,2584084.04,149469.12,0.00,7402.70,0.00,200.00,800.03,0.00,1700.15
659.160,95524.67,2600.32,60571.53,2532439.12,141052.49,0.00,8503.57,200.00,0.00,400.01,0.00,700.03
659.306,88565.15,1700.14,53132.03,2483450.45,152715.93,0.00,7002.42,0.00,100.00,500.01,0.00,900.04
659.452,96230.95,2100.21,55041.68,2526776.03,149469.12,0.00,7602.85,0.00,0.00,600.02,0.00,1100.06
659.598,88363.51,3000.42,56348.48,2419911.19,143384.15,0.00,6001.78,0.00,0.00,700.03,0.00,1300.09
659.744,94112.23,3900.71,56549.54,2388705.33,146831.86,0.00,7102.49,0.00,0.00,700.03,0.00,1600.13
659.890,91893.05,2500.29,60772.67,2423269.00,140140.27,0.00,6602.15,0.00,100.00,1300.09,0.00,1400.10
660.036,99157.51,4000.75,54639.62,2506729.35,150788.03,0.00,9104.09,0.00,0.00,600.02,0.00,900.04
660.182,96735.47,4300.86,57052.20,2589705.33,151599.71,100.00,6802.28,0.00,0.00,1300.09,0.00,1200.07
660.328,97744.59,3700.64,59767.02,2618221.74,148860.49,0.00,7102.49,0.00,0.00,2500.32,0.00,900.04
660.474,91792.19,4200.83,54740.13,2536481.89,147541.82,0.00,7803.00,200.00,100.00,1800.17,0.00,1100.06
660.620,98350.11,4000.75,57856.53,2555517.64,154238.19,0.00,7903.08,0.00,0.00,2100.22,0.00,600.02
660.766,97240.02,2700.34,59867.57,2472383.06,148759.04,0.00,7702.93,100.00,0.00,1800.17,0.00,1800.17
660.912,96029.15,3800.68,56348.48,2420362.16,146730.45,0.00,8203.32,100.00,0.00,1100.06,0.00,1200.07
661.058,101176.28,3000.42,60470.95,2463587.56,149570.60,0.00,10305.24,0.00,100.00,1400.10,0.00,700.03
661.204,93910.46,2400.27,61577.26,2466903.57,141964.83,0.00,10305.24,0.00,0.00,700.03,0.00,1700.15
661.350,92195.63,4000.75,56750.60,2568907.09,154136.69,0.00,7402.70,200.00,0.00,800.03,0.00,1400.10
661.496,101681.03,4100.79,54036.56,2488445.37,145310.67,0.00,7202.56,0.00,100.00,8061233.77,0.00,1100.06
661.642,97542.76,7002.29,58560.35,2559201.23,151904.14,0.00,7302.63,0.00,0.00,5872.86,0.00,1100.06
661.788,97240.02,10204.87,59968.13,2614721.93,146629.03,100.00,7202.56,0.00,0.00,1000.05,100.00,1300.09
661.934,98350.11,3900.71,59163.67,2466619.59,151802.66,0.00,8703.73,100.00,100.00,700.03,0.00,1000.05
662.080,90682.79,3300.51,57957.07,2461892.05,158501.75,0.00,6802.28,100.00,0.00,900.04,0.00,1900.19
662.226,90178.55,3100.45,64393.83,2505693.61,146223.36,0.00,9104.09,0.00,0.00,400.01,0.00,1500.12
662.372,100368.72,4500.95,58158.14,2651432.09,154238.19,0.00,8203.32,0.00,0.00,300.00,0.00,1500.12
662.518,97845.51,2700.34,62180.74,2616141.86,149469.12,0.00,9504.45,100.00,0.00,300.00,0.00,900.04
662.664,94313.99,2100.21,61074.38,2696570.18,158298.69,0.00,8003.16,0.00,200.00,600.02,0.00,1000.05
662.810,98753.79,1800.15,60470.95,2475916.27,153324.82,0.00,9304.27,100.00,0.00,300.00,0.00,1200.07
662.956,92296.51,2600.32,55544.27,2458525.84,156572.78,0.00,6201.90,100.00,0.00,500.01,0.00,1200.07
663.102,96735.47,3000.42,59364.77,2560086.58,146324.80,0.00,7502.78,0.00,0.00,100.00,0.00,500.01
663.248,94515.77,3700.64,54438.59,2504140.10,141356.61,0.00,7702.93,0.00,0.00,400.01,0.00,1200.07
663.394,96029.15,2400.27,52227.58,2480184.43,140647.06,0.00,7502.78,100.00,200.00,300.00,0.00,1300.09
663.540,91086.19,2600.32,62080.18,2483149.66,142066.19,0.00,8003.16,0.00,0.00,200.00,0.00,1600.13
663.686,111781.07,3100.45,59364.77,2512267.24,148251.85,0.00,9904.84,0.00,0.00,600.02,0.00,1300.09
663.832,90783.66,3500.57,60169.26,2450139.70,145614.91,0.00,8503.57,0.00,0.00,800.03,0.00,600.02
663.978,89775.19,3000.42,58560.35,2414080.91,146831.86,0.00,7903.08,100.00,0.00,900.04,0.00,1200.07
664.125,88665.99,3900.71,59364.77,2543965.88,152310.03,0.00,8303.40,0.00,0.00,200.00,0.00,1800.17
664.271,100469.66,2700.34,61174.96,2560938.53,153223.33,0.00,8203.32,0.00,0.00,600.02,0.00,1400.10
664.417,91287.92,3100.45,67814.94,2598150.06,150686.56,0.00,7602.85,0.00,0.00,600.02,100.00,1200.07
664.563,92195.63,3700.64,62683.69,2577994.98,151193.85,0.00,9004.00,0.00,0.00,500.01,0.00,2000.21
664.709,94616.65,4100.79,61476.69,2546488.34,154441.18,100.00,8603.65,0.00,0.00,800.03,0.00,1500.12
664.855,93002.58,2200.23,59867.57,2495453.18,157384.93,0.00,7903.08,100.00,0.00,1100.06,0.00,1600.13
665.001,96533.67,2000.19,60973.81,2520695.17,156572.78,0.00,7402.70,0.00,0.00,500.01,0.00,1000.05
665.147,95121.08,2800.37,57755.98,2514079.74,159923.33,0.00,7102.49,0.00,0.00,1500.11,0.00,1600.13
665.293,96735.47,4200.83,62683.69,2583808.46,149570.60,100.00,8503.57,0.00,200.00,600.02,0.00,1700.15
665.439,100166.84,2300.25,64695.65,2578186.97,155354.67,0.00,6702.22,0.00,0.00,800.03,0.00,1200.07
665.585,96634.57,2200.23,61174.96,2605475.45,144702.25,100.00,8203.32,0.00,0.00,200.00,0.00,2200.25
665.731,100570.60,3600.61,68418.77,2551951.03,149570.60,0.00,8303.40,100.00,0.00,400.01,0.00,1700.15
665.877,98854.72,2700.34,58660.89,2513052.40,144296.66,0.00,8903.91,0.00,0.00,300.00,0.00,1400.10
666.023,90884.49,3500.57,64092.02,2399497.12,151193.85,100.00,8203.32,0.00,0.00,600.02,0.00,1700.15
666.169,98350.11,2400.27,65601.16,2541543.61,151092.42,100.00,7202.56,0.00,100.00,700.03,0.00,2100.23
666.315,108345.99,2600.32,65098.09,2570427.40,149773.50,0.00,7002.42,0.00,100.00,500.01,0.00,1600.13
666.461,95221.97,1900.17,62080.18,2441820.37,148048.99,0.00,8203.32,0.00,0.00,200.00,0.00,1200.07
666.607,101681.03,2500.29,55343.24,2577109.43,151802.66,0.00,9304.27,0.00,100.00,800.03,0.00,1000.05
666.753,99359.35,2500.29,59666.45,2523835.80,145817.70,100.00,8903.91,0.00,0.00,900.04,0.00,1800.17
666.899,94112.23,3000.42,64393.83,2535988.92,160532.62,0.00,9204.18,0.00,0.00,300.00,0.00,1400.10
667.045,95524.67,2400.27,63790.21,2477119.00,147237.59,0.00,8603.65,0.00,100.00,900.04,0.00,1700.15
667.191,99964.96,2400.27,59364.77,2529498.88,155963.72,0.00,8703.73,0.00,0.00,400.01,0.00,900.04
667.337,93406.09,3500.57,56650.07,2518924.47,144296.66,0.00,9104.09,0.00,100.00,500.01,0.00,1300.09
667.483,101075.32,2800.37,61074.38,2587650.64,147541.82,0.00,7903.08,0.00,0.00,300.00,0.00,1300.09
667.629,95928.26,182952.92,60571.53,2514555.92,147440.40,0.00,7803.00,200.00,100.00,1000.05,0.00,1200.07
667.775,100570.60,3800.68,60269.84,2581945.76,146629.03,0.00,8903.91,100.00,100.00,500.01,0.00,1300.09
667.921,96130.05,3100.45,58158.14,2447500.25,151599.71,100.00,8603.65,0.00,0.00,900.04,0.00,1200.07
668.067,89573.50,3400.54,54941.16,2464381.11,148961.94,0.00,8003.16,0.00,0.00,1400.10,0.00,1200.07
668.213,93002.58,3600.61,61677.85,2453388.92,142167.57,0.00,7702.93,0.00,0.00,1200.07,0.00,2100.23
668.359,165774.75,4200.83,58660.89,2438688.14,144600.85,0.00,7702.93,0.00,0.00,900.04,0.00,1400.10
668.505,90380.25,4300.86,54137.07,2483575.64,140849.77,0.00,8303.40,100.00,0.00,600.02,0.00,2300.27
668.651,93910.46,3900.71,56147.43,2397876.62,145107.88,0.00,8903.91,0.00,0.00,1100.06,0.00,1700.15
668.797,95524.67,6501.98,57957.07,2412268.41,156268.23,100.00,8003.16,0.00,0.00,900.04,0.00,1400.10
668.943,85339.09,4600.99,52328.07,2536724.08,141457.97,0.00,7402.70,0.00,0.00,500.01,0.00,2100.23
669.089,95221.97,4701.03,62985.45,2410363.92,153223.33,0.00,9104.09,100.00,0.00,1100.06,0.00,1400.10
669.235,89170.16,5201.27,63086.05,2578479.35,152005.61,0.00,6902.35,0.00,0.00,1400.10,0.00,1600.13
669.381,98047.35,8103.07,57957.07,2541276.23,147643.28,0.00,8403.48,0.00,0.00,1200.07,0.00,1200.07
669.527,99763.09,14309.58,60873.24,2560403.96,142674.47,0.00,8003.16,0.00,200.00,1500.11,0.00,700.03
669.673,101277.22,5001.17,56750.60,2597247.91,158704.81,0.00,9104.09,0.00,0.00,800.03,0.00,1600.13
669.819,97845.51,5001.17,59063.11,2568531.31,150077.85,0.00,9604.55,0.00,0.00,1300.09,0.00,1400.10
669.965,93103.46,5001.17,64393.83,2493106.11,159923.33,100.00,8703.73,0.00,0.00,1000.05,0.00,900.04
670.111,90380.25,6702.10,53835.55,2427687.55,144195.27,0.00,6402.02,0.00,0.00,1100.06,0.00,1700.15
670.258,91086.19,5901.63,59063.11,2517704.94,145513.49,0.00,7502.78,0.00,0.00,1100.06,0.00,1600.13
670.404,90783.66,10104.78,63086.05,2470637.16,141457.97,0.00,6702.22,0.00,100.00,1400.10,100.00,900.04
670.550,97542.76,7202.43,57554.88,2497432.87,146527.63,0.00,9704.64,0.00,0.00,1100.06,0.00,2400.30
670.696,97340.93,3900.71,64997.48,2610069.39,156166.73,0.00,8903.91,0.00,100.00,1200.07,0.00,1600.13
670.842,96230.95,7302.49,57856.53,2475824.27,152918.86,0.00,8303.40,0.00,100.00,600.02,0.00,1700.15
670.988,95322.87,8003.00,64393.83,2578136.97,150686.56,0.00,9304.27,100.00,0.00,1600.13,0.00,1400.10
671.134,96432.76,7802.85,59465.33,2485755.72,146527.63,0.00,8203.32,0.00,0.00,1900.18,0.00,1700.15
671.280,102690.62,6802.17,65399.92,2586765.29,149164.81,0.00,8303.40,0.00,0.00,1300.09,0.00,1300.09
671.426,96432.76,6301.86,59666.45,2573125.25,154948.66,0.00,7002.42,100.00,0.00,2100.22,0.00,1000.05
671.572,94919.31,5201.27,67412.40,2683464.90,153223.33,0.00,7502.78,0.00,100.00,1100.06,0.00,1200.07
671.718,94818.41,7402.56,59465.33,2568481.11,151295.33,0.00,8503.57,100.00,0.00,2000.20,0.00,1000.05
671.864,96634.57,5301.32,62884.86,2617194.20,154542.68,100.00,7903.08,0.00,0.00,2200.25,0.00,1200.07
672.010,97240.02,4200.83,59163.67,2587483.65,150585.10,0.00,8003.16,0.00,0.00,1500.11,0.00,1000.05
672.156,100974.39,7902.92,59968.13,2645785.61,154542.68,0.00,9604.55,0.00,0.00,1300.09,0.00,1400.10
672.302,98451.03,4300.86,61778.43,2487284.24,148556.18,0.00,9304.27,100.00,100.00,1000.05,0.00,1000.05
672.448,93002.58,4901.12,60873.24,2491836.58,141052.49,200.00,7702.93,100.00,0.00,1200.07,0.00,1100.06
672.594,101075.32,5401.36,60973.81,2566935.80,141660.71,100.00,7903.08,0.00,0.00,1100.06,0.00,1200.07
672.740,95020.20,23926.76,56247.96,2630834.24,151193.85,300.00,9504.45,0.00,0.00,1500.11,0.00,1100.06
672.886,101075.32,7502.63,60973.81,2711872.52,424616.17,200.00,8003.16,100.00,100.00,1800.17,0.00,2400.30
673.032,98047.35,7202.43,59465.33,2643705.92,148759.04,0.00,8303.40,0.00,100.00,2500.32,0.00,1100.06
673.178,98652.88,5501.42,60068.70,2565340.49,152411.48,0.00,8403.48,0.00,0.00,1600.13,0.00,1300.09
673.324,98652.88,4100.79,60370.40,2605375.06,145614.91,0.00,7402.70,100.00,0.00,900.04,0.00,1100.06
673.470,101075.32,4300.86,59364.77,2513286.38,143080.00,0.00,8103.24,0.00,0.00,1400.10,0.00,1400.10
673.616,93204.32,3900.71,59063.11,2520461.38,139532.16,100.00,6402.02,0.00,0.00,1900.18,0.00,1000.05
673.762,102084.84,6201.80,56147.43,2612725.64,148048.99,0.00,8003.16,0.00,0.00,1800.17,0.00,700.03
673.908,90178.55,7902.92,56951.67,2520962.56,146730.45,0.00,8803.82,100.00,100.00,1400.10,0.00,1500.12
674.054,89775.19,3900.71,60470.95,2497817.05,148150.43,0.00,8103.24,0.00,0.00,1100.06,0.00,1000.05
674.200,99763.09,4801.08,61174.96,2523835.80,137404.02,0.00,8203.32,0.00,0.00,1300.09,0.00,1200.07
674.346,95625.56,3300.51,59364.77,2455410.21,141660.71,0.00,7602.85,0.00,0.00,900.04,100.00,1300.09
674.492,98249.18,3000.42,60772.67,2556595.17,146933.29,0.00,7903.08,100.00,0.00,1500.11,100.00,1400.10
674.638,106729.85,3100.45,63086.05,2624218.81,144702.25,0.00,7202.56,0.00,0.00,1000.05,0.00,1600.13
674.784,92397.37,4000.75,62080.18,2703469.59,140748.43,0.00,7002.42,100.00,0.00,1200.07,0.00,2000.21
674.930,98652.88,5001.17,62985.45,2552660.99,144702.25,0.00,9004.00,0.00,0.00,500.01,0.00,2500.32
675.076,97845.51,3100.45,66406.11,2546797.52,140748.43,0.00,7402.70,100.00,0.00,1744030.12,0.00,1200.07
675.222,94919.31,5701.52,61677.85,2499771.54,141762.08,0.00,8103.24,0.00,300.00,4782.03,0.00,1000.05
675.368,98955.63,3700.64,65098.09,2522240.49,134364.60,0.00,9904.84,0.00,100.00,1400.10,0.00,1800.17
675.514,101277.22,5501.42,58962.55,2543924.08,131224.80,0.00,7702.93,100.00,0.00,1600.13,0.00,2700.38
675.660,98350.11,4000.75,62482.51,2488420.17,143586.91,0.00,8103.24,100.00,200.00,600.02,0.00,1000.05
675.806,103700.26,5701.52,59867.57,2608916.66,148150.43,0.00,10004.94,100.00,0.00,800.03,100.00,1500.12
675.952,98249.18,5601.47,64393.83,2637165.68,146527.63,100.00,9804.74,0.00,100.00,600.02,0.00,1400.10
676.098,99763.09,6602.04,63790.21,2526959.63,142471.70,0.00,9304.27,0.00,0.00,700.03,0.00,2700.38
676.244,105113.97,5001.17,67009.86,2534109.63,146324.80,0.00,6502.09,0.00,0.00,1200.07,100.00,800.03
676.391,101983.89,3000.42,65299.32,2583800.06,149570.60,0.00,8303.40,0.00,0.00,800.03,0.00,1800.17
676.537,103195.44,5701.52,64092.02,2548526.42,144093.86,0.00,8603.65,0.00,0.00,900.04,0.00,2100.23
676.683,96634.57,3700.64,67211.13,2599553.38,135782.89,0.00,6702.22,0.00,100.00,300.00,0.00,1400.10
676.829,108447.01,2300.25,64393.83,2548242.44,138518.69,0.00,10004.94,0.00,0.00,900.04,0.00,1300.09
676.975,99662.17,4200.83,67009.86,2582914.71,145614.91,0.00,8803.82,0.00,0.00,1100.06,0.00,800.03
677.121,103195.44,3900.71,62381.93,2549620.76,138214.69,0.00,8403.48,0.00,100.00,500.01,0.00,1700.15
677.267,102993.51,6101.74,66607.37,2539054.55,143688.30,0.00,9104.09,0.00,0.00,900.04,0.00,1000.05
677.413,97744.59,3100.45,63086.05,2507205.52,136593.44,0.00,8803.82,0.00,100.00,800.03,0.00,1700.15
677.559,101277.22,3500.57,62884.86,2553045.37,143891.12,0.00,10305.24,200.00,0.00,800.03,0.00,1500.12
677.705,97038.20,3900.71,63086.05,2694724.28,139025.42,0.00,8103.24,0.00,0.00,500.01,0.00,1300.09
677.851,93406.09,3100.45,62784.28,2620652.21,135377.65,0.00,8003.16,0.00,0.00,400.01,0.00,1400.10
677.997,100570.60,3000.42,65299.32,2506345.17,137910.67,0.00,7502.78,0.00,0.00,700.03,0.00,1500.12
678.143,100368.72,4400.91,73351.40,2494893.61,145310.67,0.00,8903.91,0.00,0.00,500.01,0.00,2200.25
678.289,100873.43,3100.45,67814.94,2438646.34,148048.99,0.00,8203.32,300.00,100.00,600.02,0.00,1600.13
678.435,101075.32,3500.57,68821.36,2560061.58,147744.72,0.00,8203.32,0.00,0.00,1400.10,0.00,1600.13
678.581,102084.84,4300.86,71539.15,2505459.82,139329.46,0.00,7002.42,0.00,100.00,600.02,0.00,1200.07
678.727,101479.12,4000.75,67714.31,2629556.31,137100.03,0.00,7702.93,0.00,0.00,1200.07,0.00,1300.09
678.873,100671.54,6001.68,62180.74,2518072.32,142877.21,100.00,9604.55,0.00,0.00,1300.09,0.00,2000.21
679.019,97946.42,6802.17,65701.77,2606519.39,147643.28,0.00,8103.24,0.00,0.00,1100.06,0.00,2300.27
679.165,99056.57,4300.86,70935.13,2548618.42,148150.43,0.00,7803.00,300.00,0.00,1100.06,0.00,1200.07
679.311,103801.26,4600.99,69123.30,2624736.78,142877.21,0.00,7602.85,500.01,300.00,1000.05,0.00,1500.12
679.457,98955.63,3600.61,74156.95,2555024.86,137910.67,0.00,8203.32,500.01,100.00,1100.06,0.00,1300.09
679.603,104407.09,4400.91,72143.21,2584125.84,146121.96,0.00,7402.70,0.00,0.00,1300.09,0.00,1600.13
679.749,96331.86,6902.23,63287.23,2604088.73,139025.42,0.00,8303.40,100.00,0.00,1200.07,0.00,2600.35
679.895,105921.89,8803.63,64595.04,2571346.15,135985.50,0.00,9004.00,0.00,0.00,1100.06,0.00,1400.10
680.041,99359.35,10104.78,68217.49,2576458.07,142573.10,0.00,7903.08,0.00,0.00,2300.27,0.00,1000.05
680.187,92699.97,8503.38,69324.59,2536715.68,139329.46,0.00,8903.91,0.00,0.00,400.01,0.00,1300.09
680.333,108143.96,6001.68,61979.59,2540332.48,154542.68,100.00,9404.36,0.00,0.00,800.03,100.00,1100.06
680.479,102185.81,5401.36,70834.46,2566919.20,141762.08,0.00,8003.16,100.00,0.00,800.03,0.00,900.04
680.625,96432.76,4400.91,69123.30,2580400.45,142877.21,0.00,8703.73,100.00,0.00,1500.11,0.00,1300.09
680.771,98652.88,5401.36,58359.24,2525339.31,132845.22,0.00,7702.93,0.00,200.00,900.04,0.00,1000.05
680.917,99359.35,4600.99,64092.02,2551700.45,132946.51,0.00,6702.22,200.00,0.00,1100.06,0.00,1200.07
681.063,104508.07,5201.27,61074.38,2535654.94,136694.74,0.00,8403.48,100.00,0.00,900.04,0.00,1700.15
681.209,98955.63,3600.61,58258.70,2468415.48,134567.20,0.00,9104.09,0.00,0.00,300.00,0.00,1000.05
681.355,95423.78,3700.64,65701.77,2441803.57,149164.81,0.00,6702.22,0.00,200.00,100.00,100.00,1600.13
681.501,97946.42,3000.42,68922.00,2523226.03,143891.12,0.00,9204.18,100.00,0.00,700.03,0.00,1300.09
681.647,99359.35,4000.75,67110.51,2529899.86,143485.53,0.00,7803.00,0.00,0.00,100.00,0.00,1900.19
681.793,93506.96,3100.45,66104.24,2487818.81,133149.09,0.00,8603.65,200.00,0.00,500.01,0.00,1700.15
681.939,105820.90,3700.64,63387.83,2531094.39,140241.63,0.00,8103.24,0.00,0.00,700.03,0.00,1600.13
682.085,94011.35,4000.75,70129.84,2533215.88,143586.91,0.00,9304.27,0.00,0.00,500.01,0.00,1300.09
682.231,97643.67,2800.37,59767.02,2498184.63,140748.43,0.00,8003.16,0.00,0.00,500.01,0.00,1100.06
682.377,107032.86,3200.48,65903.01,2505985.99,135681.57,0.00,9104.09,0.00,0.00,200.00,0.00,600.02
682.524,98350.11,3700.64,66506.73,2544442.05,145614.91,0.00,8103.24,0.00,0.00,400.01,0.00,1800.17
682.670,93910.46,4000.75,62784.28,2550364.12,130819.72,0.00,7202.56,100.00,0.00,700.03,0.00,1800.17
682.816,94717.52,2800.37,59264.20,2583474.28,135884.19,0.00,7602.85,0.00,0.00,600.02,0.00,1400.10
682.962,99561.22,4901.12,60571.53,2536515.29,139329.46,100.00,6301.96,400.01,0.00,1000.05,0.00,1800.17
683.108,90581.94,5801.57,60873.24,2578462.56,142674.47,0.00,8303.40,0.00,0.00,500.01,0.00,1300.09
683.254,92901.72,4200.83,62281.34,2541468.42,138924.08,0.00,5901.72,0.00,200.00,300.00,0.00,1000.05
683.400,102993.51,4100.79,67814.94,2514973.49,136694.74,0.00,6902.35,0.00,200.00,1000.05,0.00,1200.07
683.546,91388.76,8103.07,61778.43,2538837.36,147339.02,0.00,7102.49,0.00,0.00,1200.07,0.00,1100.06
683.692,102791.57,7102.36,63890.82,2607805.72,142370.33,100.00,9904.84,100.00,100.00,1100.06,100.00,900.04
683.838,97038.20,5601.47,60873.24,2581444.59,142775.86,0.00,9004.00,0.00,0.00,1900.18,0.00,1500.12
683.984,98451.03,5801.57,62381.93,2614780.33,136796.06,100.00,8503.57,0.00,0.00,1100.06,0.00,1100.06
684.130,90682.79,5401.36,61074.38,2590490.49,138518.69,0.00,8503.57,100.00,0.00,1100.06,0.00,1100.06
684.276,101176.28,8303.23,60873.24,2609100.45,147440.40,0.00,7803.00,0.00,0.00,800.03,0.00,1200.07
684.422,99763.09,5501.42,65399.92,2608123.11,136998.72,0.00,8603.65,100.00,400.01,1800.17,0.00,1500.12
684.568,103801.26,6602.04,68418.77,2632496.54,144398.06,0.00,8203.32,0.00,100.00,1100.06,0.00,1100.06
684.714,100267.78,5901.63,58861.99,2505718.81,142370.33,0.00,7502.78,0.00,0.00,900.04,0.00,1200.07
684.860,96130.05,16412.59,58258.70,2574762.36,130819.72,0.00,9804.74,0.00,0.00,800.03,100.00,1900.19
685.006,100267.78,5001.17,56851.14,2520160.60,139430.80,0.00,7903.08,0.00,100.00,1000.05,0.00,1000.05
685.152,90581.94,6001.68,67814.94,2626156.70,138113.36,100.00,5901.72,0.00,0.00,800.03,0.00,1200.07
685.298,96230.95,4500.95,60873.24,2471948.69,135884.19,0.00,8503.57,100.00,0.00,900.04,0.00,1700.15
685.444,93809.59,6602.04,62180.74,2536289.71,137910.67,0.00,8603.65,0.00,0.00,1000.05,0.00,1600.13
685.590,93103.46,4100.79,57454.35,2436482.87,132440.10,0.00,7402.70,0.00,0.00,400.01,0.00,1100.06
685.736,103801.26,4100.79,60672.10,2560295.37,142877.21,0.00,7402.70,0.00,0.00,2400.29,0.00,1200.07
685.882,90581.94,4100.79,49112.83,2474429.35,136593.44,0.00,6301.96,0.00,0.00,1400.10,0.00,1300.09
686.028,98148.26,4801.08,59968.13,2610127.79,148150.43,0.00,6301.96,0.00,0.00,500.01,0.00,700.03
686.174,96130.05,3900.71,55845.84,2533783.85,142978.60,0.00,8103.24,0.00,0.00,700.03,0.00,300.00
686.320,94313.99,4901.12,58660.89,2457632.09,144398.06,100.00,8803.82,100.00,100.00,1500.11,0.00,1300.09
686.466,100671.54,5801.57,54438.59,2439824.08,132338.80,0.00,7102.49,0.00,0.00,600.02,0.00,1300.09
686.612,91792.19,4801.08,55041.68,2514021.35,139532.16,0.00,7002.42,0.00,0.00,600.02,0.00,1100.06
686.758,91993.90,5001.17,55644.79,2491986.77,137910.67,0.00,6902.35,0.00,200.00,800.03,0.00,800.03
686.904,95423.78,7402.56,51624.65,2515098.88,139532.16,0.00,10105.04,0.00,0.00,400.01,0.00,1400.10
687.050,97340.93,10605.26,55644.79,2584384.82,144803.68,0.00,8703.73,0.00,0.00,400.01,0.00,600.02
687.196,94616.65,8703.54,59465.33,2510295.95,133959.41,100.00,6502.09,0.00,100.00,900.04,0.00,900.04
687.342,96331.86,6802.17,48610.54,2544517.24,141457.97,100.00,9304.27,0.00,0.00,500.01,0.00,600.02
687.488,99359.35,5901.63,54137.07,2463086.38,140748.43,0.00,7502.78,0.00,0.00,400.01,100.00,500.01
687.634,97038.20,3800.68,61376.12,2485505.13,138214.69,0.00,5901.72,0.00,0.00,800.03,0.00,500.01
687.780,96029.15,3800.68,54338.08,2443373.88,128895.86,0.00,7502.78,0.00,0.00,800.03,0.00,900.04
687.926,95423.78,4300.86,59767.02,2532840.10,141863.46,0.00,6802.28,0.00,0.00,400.01,0.00,500.01
688.072,93607.82,3200.48,54840.64,2641124.86,136694.74,0.00,7102.49,0.00,0.00,400.01,0.00,800.03
688.218,96735.47,3200.48,57052.20,2576641.66,134871.11,0.00,6702.22,0.00,0.00,400.01,0.00,1500.12
688.364,95524.67,9504.23,55845.84,2523301.23,140444.34,0.00,8503.57,100.00,0.00,600.02,0.00,200.00
688.510,96533.67,3600.61,57454.35,2505760.41,145817.70,0.00,7702.93,0.00,100.00,1300.09,0.00,1500.12
688.656,98854.72,114611.37,60772.67,2512626.42,139430.80,0.00,8903.91,100.00,0.00,1200.07,0.00,600.02
688.803,94515.77,4701.03,52629.55,2621186.78,131629.87,0.00,6902.35,0.00,0.00,1100.06,100.00,1200.07
688.949,98753.79,4500.95,55242.72,2590874.86,134364.60,0.00,7002.42,100.00,0.00,900.04,0.00,1000.05
689.095,92195.63,4100.79,51624.65,2606861.97,145817.70,0.00,8703.73,0.00,0.00,1100.06,0.00,1300.09
689.241,95221.97,4801.08,58258.70,2538244.20,144296.66,0.00,6502.09,0.00,300.00,300.00,0.00,1000.05
689.387,94616.65,5501.42,53534.03,2477402.99,141863.46,0.00,8003.16,0.00,0.00,600.02,0.00,900.04
689.533,94011.35,6001.68,54338.08,2446731.70,148353.30,0.00,6101.84,0.00,0.00,300.00,0.00,1100.06
689.679,91691.33,5001.17,53735.04,2526358.26,290820.25,0.00,5501.49,100.00,0.00,1300.09,0.00,900.04
689.825,98047.35,5101.22,53835.55,2458793.02,134871.11,0.00,6902.35,0.00,0.00,1100.06,100.00,1000.05
689.971,89573.50,6802.17,50117.49,2445244.98,139836.18,0.00,6602.15,0.00,0.00,600.02,100.00,1500.12
690.117,94213.11,3900.71,52328.07,2590858.07,139633.50,0.00,7903.08,0.00,0.00,700.03,0.00,1000.05
690.263,92800.85,4100.79,54036.56,2522908.65,137302.69,0.00,7002.42,0.00,0.00,700.03,0.00,1700.15
690.409,94213.11,5101.22,51323.20,2515032.09,139937.55,0.00,7002.42,0.00,0.00,1100.06,0.00,1300.09
690.555,100469.66,6001.68,53936.05,2412819.59,147237.59,0.00,6602.15,0.00,100.00,900.04,0.00,1500.12
690.701,94616.65,5001.17,51222.72,2467396.34,134465.91,0.00,7702.93,100.00,0.00,800.03,0.00,600.02
690.847,104205.14,4801.08,53835.55,2526049.28,140342.98,0.00,7602.85,0.00,0.00,400.01,0.00,2100.23
690.993,95121.08,3900.71,56046.89,2513820.95,136593.44,0.00,7302.63,0.00,0.00,800.03,0.00,400.01
691.139,99864.02,4500.95,54036.56,2536440.10,127883.45,0.00,8403.48,0.00,200.00,600.02,0.00,600.02
691.285,96331.86,4100.79,54237.57,2513912.75,142370.33,0.00,7302.63,0.00,0.00,700.03,0.00,1900.19
691.431,94919.31,5001.17,51222.72,2573818.61,144398.06,200.00,7402.70,200.00,0.00,500.01,0.00,1200.07
691.577,97542.76,4300.86,51122.24,2445746.15,132440.10,0.00,7702.93,100.00,0.00,100.00,0.00,1700.15
691.723,99258.43,4901.12,52529.05,2487994.20,139532.16,100.00,7402.70,0.00,0.00,800.03,0.00,900.04
691.869,102690.62,5001.17,52529.05,2475256.31,136998.72,0.00,7502.78,0.00,100.00,600.02,0.00,1300.09
692.015,96029.15,5501.42,54237.57,2627618.42,134364.60,0.00,8803.82,0.00,0.00,200.00,0.00,1400.10
692.161,98854.72,4901.12,52931.03,2447224.47,143384.15,0.00,6902.35,0.00,0.00,900.04,0.00,900.04
692.307,92195.63,4901.12,56750.60,2561314.51,142471.70,0.00,8503.57,0.00,0.00,200.00,0.00,600.02
692.453,97643.67,4400.91,49112.83,2479274.08,150483.65,100.00,7202.56,0.00,100.00,1300.09,0.00,700.03
692.599,105214.96,4100.79,55443.75,2480919.39,139734.84,0.00,8203.32,0.00,200.00,700.03,0.00,1300.09
692.745,102892.54,6802.17,53132.03,2674101.43,148759.04,0.00,7302.63,0.00,0.00,1100.06,0.00,1000.05
692.891,98451.03,6802.17,54036.56,2574378.18,145513.49,0.00,6001.78,200.00,200.00,600.02,0.00,800.03
693.037,108851.08,7802.85,55041.68,2546463.34,133452.93,0.00,6301.96,0.00,100.00,1200.07,0.00,800.03
693.183,99460.28,10304.97,55544.27,2587650.64,132440.10,0.00,8303.40,100.00,100.00,1600.13,0.00,1000.05
693.329,120778.07,24227.43,51926.11,2455318.41,140545.69,100.00,8903.91,0.00,100.00,1200.07,0.00,1700.15
693.475,100873.43,18516.03,54036.56,2520093.81,149063.36,0.00,6802.28,0.00,0.00,2000.20,0.00,1300.09
693.621,102185.81,13007.92,50820.80,2505225.84,142775.86,0.00,8103.24,0.00,100.00,1100.06,0.00,1400.10
693.767,95928.26,14509.85,56348.48,2456972.13,137100.03,0.00,7002.42,0.00,0.00,1000.05,0.00,1200.07
693.913,101378.17,6602.04,60169.26,2517746.74,141762.08,0.00,7402.70,0.00,0.00,500.01,0.00,1200.07
694.059,97643.67,5501.42,51825.62,2504691.27,134567.20,200.00,8703.73,100.00,0.00,1200.07,0.00,800.03
694.205,100873.43,7002.29,51725.14,2600020.96,144195.27,0.00,7903.08,0.00,0.00,1300.09,8603.81,900.04
694.351,97542.76,4901.12,50519.37,2544667.44,140849.77,0.00,7302.63,0.00,0.00,600.02,0.00,1600.13
694.497,105315.96,9904.59,53634.53,2456871.93,135681.57,0.00,8503.57,0.00,0.00,1000.05,0.00,600.02
694.643,97643.67,5801.57,56851.14,2346323.49,140444.34,0.00,8103.24,0.00,200.00,1000.05,0.00,1300.09
694.789,98551.95,6401.92,57454.35,2423653.18,147034.71,0.00,8703.73,0.00,100.00,800.03,0.00,1100.06
694.936,97946.42,5101.22,55745.32,2491159.82,148048.99,0.00,7602.85,0.00,0.00,1600.13,0.00,1300.09
695.082,101176.28,5501.42,55544.27,2554030.92,142573.10,0.00,8303.40,0.00,0.00,500.01,0.00,1400.10
695.228,111578.97,9103.88,49615.14,2568238.92,138113.36,0.00,6802.28,100.00,0.00,1200.07,0.00,1900.19
695.374,98249.18,5501.42,53031.54,2561331.11,136998.72,100.00,9304.27,0.00,0.00,1200.07,0.00,900.04
695.520,101378.17,6201.80,59364.77,2449070.56,143384.15,0.00,8503.57,0.00,0.00,800.03,0.00,1500.12
695.666,93708.69,5101.22,58057.61,2461424.27,147136.14,0.00,7903.08,0.00,0.00,600.02,0.00,1300.09
695.812,102993.51,6301.86,53936.05,2479766.85,142877.21,0.00,7903.08,100.00,0.00,800.03,0.00,1200.07
695.958,102387.73,5401.36,56549.54,2558758.65,145513.49,100.00,8703.73,200.00,100.00,1300.09,0.00,900.04
696.104,111680.02,5001.17,61376.12,2527561.19,149063.36,0.00,8803.82,0.00,0.00,400.01,0.00,800.03
696.250,102892.54,4500.95,54740.13,2529891.46,141255.25,0.00,8203.32,0.00,0.00,500.01,0.00,1400.10
696.396,100065.90,2700.34,53132.03,2448711.38,146629.03,0.00,8803.82,100.00,0.00,600.02,0.00,1300.09
696.542,103599.28,3200.48,62583.09,2506453.77,141255.25,0.00,7602.85,0.00,0.00,500.01,0.00,1700.15
696.688,98148.26,2800.37,54438.59,2416544.98,136492.11,0.00,7302.63,0.00,100.00,900.04,0.00,800.03
696.834,94213.11,3500.57,54639.62,2355394.58,153324.82,0.00,7702.93,0.00,0.00,1000.05,0.00,1300.09
696.980,105820.90,2400.27,56650.07,2462309.63,139025.42,0.00,8103.24,0.00,0.00,1200.07,0.00,700.03
697.126,97139.11,4200.83,61979.59,2525748.49,139836.18,300.00,7102.49,0.00,0.00,1400.10,100.00,1300.09
697.272,103195.44,4200.83,55041.68,2494024.86,129503.36,0.00,7302.63,0.00,0.00,1300.09,0.00,900.04
697.418,96533.67,3700.64,54137.07,2421782.09,131933.71,0.00,6802.28,0.00,0.00,1200.07,0.00,1800.17
697.564,96836.38,5301.32,54740.13,2527870.17,149570.60,100.00,7803.00,0.00,0.00,1100.06,0.00,1400.10
697.710,104003.19,5101.22,58459.80,2496405.52,145006.46,100.00,7502.78,0.00,0.00,500.01,0.00,2100.23
697.856,96836.38,4400.91,59565.90,2384503.96,141863.46,0.00,7602.85,0.00,0.00,1000.05,0.00,1300.09
698.002,104508.07,3100.45,56348.48,2395228.76,131022.24,100.00,8603.65,0.00,100.00,1900.18,0.00,800.03
698.148,101479.12,5201.27,57152.74,2484928.77,136086.82,0.00,8003.16,0.00,0.00,1400.10,0.00,1700.15
698.294,99964.96,5801.57,59666.45,2507564.70,139126.76,0.00,8403.48,0.00,0.00,1700.15,200.00,1500.12
698.440,100065.90,5001.17,56147.43,2504465.88,139126.76,0.00,9104.09,0.00,100.00,1500.11,0.00,1200.07
698.586,106628.86,5001.17,61476.69,2483283.26,144702.25,0.00,9504.45,0.00,300.00,1100.06,0.00,1300.09
698.732,105214.96,8803.63,56951.67,2593689.71,143789.71,0.00,7602.85,100.00,400.01,900.04,0.00,1700.15
698.878,105618.90,8103.07,63790.21,2434085.80,140748.43,200.00,6902.35,200.00,500.01,1300.09,0.00,1200.07
699.024,98854.72,9103.88,64293.21,2508533.65,146629.03,0.00,7302.63,0.00,200.00,1600.13,0.00,1700.15
699.170,101781.98,6602.04,62381.93,2574102.60,145107.88,0.00,9004.00,0.00,200.00,400.01,0.00,1400.10
699.316,97946.42,6101.74,60973.81,2514180.13,132338.80,0.00,6902.35,0.00,100.00,1000.05,0.00,800.03
699.462,99964.96,6702.10,57454.35,2512768.42,141457.97,0.00,9104.09,100.00,200.00,700.03,0.00,1200.07
699.608,97744.59,5901.63,56046.89,2423669.78,139228.10,0.00,8103.24,0.00,1000.05,600.02,0.00,2000.21
699.754,99359.35,4100.79,60269.84,2434469.98,137606.69,200.00,9104.09,0.00,100.00,500.01,0.00,800.03
699.900,95726.45,3600.61,62080.18,2459052.01,138620.02,0.00,8703.73,0.00,0.00,700.03,0.00,1700.15
700.046,98551.95,5601.47,63890.82,2474237.36,141255.25,100.00,8403.48,0.00,0.00,400.01,0.00,1100.06
700.192,101479.12,4200.83,68922.00,2514555.92,140849.77,0.00,9004.00,0.00,100.00,200.00,0.00,1100.06
700.338,100368.72,5401.36,66204.87,2516777.79,131832.42,100.00,9504.45,0.00,0.00,1100.06,0.00,1400.10
700.484,96230.95,3700.64,66003.63,2515691.85,148353.30,0.00,8003.16,0.00,100.00,500.01,0.00,2100.23
700.630,102185.81,4500.95,65802.38,2476258.65,145310.67,0.00,7602.85,0.00,100.00,800.03,0.00,1400.10
700.776,102185.81,4400.91,66506.73,2528346.35,143586.91,0.00,7602.85,0.00,0.00,800.03,0.00,1600.13
700.922,96432.76,6802.17,65399.92,2522507.67,148353.30,0.00,9504.45,0.00,0.00,500.01,100.00,1400.10
701.069,96533.67,8103.07,64494.44,2496037.95,134769.79,0.00,9204.18,0.00,0.00,800.03,0.00,2200.25
701.215,104912.00,6001.68,65098.09,2669657.68,142268.95,0.00,7402.70,0.00,0.00,800.03,0.00,1700.15
701.361,96937.29,7202.43,70431.82,2545920.37,135985.50,0.00,8403.48,0.00,0.00,1900.18,0.00,1900.19
701.507,111073.76,9504.23,64997.48,2672506.11,137809.37,0.00,15812.32,0.00,0.00,800.03,0.00,1400.10
701.653,99864.02,11205.87,69827.86,2497858.84,138316.02,100.00,10205.14,0.00,0.00,900.04,0.00,1900.19
701.799,103700.26,7302.49,71035.80,2442346.54,142775.86,0.00,9504.45,0.00,0.00,1100.06,0.00,1300.09
701.945,90279.41,5001.17,72948.65,2393433.06,134263.30,0.00,7903.08,100.00,200.00,1200.07,0.00,1200.07
702.091,90178.55,5701.52,70935.13,2457815.88,137708.02,0.00,9104.09,0.00,0.00,1000.05,0.00,1800.17
702.237,105214.96,5101.22,67311.76,2558984.04,141964.83,0.00,8403.48,0.00,100.00,1200.07,0.00,1700.15
702.383,101781.98,6902.23,74156.95,2538904.16,141964.83,0.00,7502.78,0.00,0.00,800.03,0.00,1400.10
702.529,95928.26,3800.68,67009.86,2452971.15,135985.50,0.00,7502.78,0.00,100.00,1000.05,0.00,1200.07
702.675,97139.11,3600.61,66506.73,2476225.25,148251.85,100.00,7602.85,0.00,200.00,800.03,0.00,1600.13
702.821,98148.26,3200.48,66305.49,2521238.14,147643.28,100.00,9804.74,0.00,0.00,1000.05,0.00,1900.19
702.967,96432.76,4100.79,64494.44,2553170.56,137708.02,0.00,6001.78,0.00,0.00,400.01,0.00,1900.19
703.113,100267.78,4000.75,66506.73,2441227.20,133858.11,0.00,9004.00,0.00,100.00,800.03,0.00,900.04
703.259,97845.51,3600.61,73250.72,2471297.13,137809.37,0.00,7302.63,0.00,0.00,1000.05,0.00,2200.25
703.405,105214.96,3300.51,70331.15,2479608.06,136086.82,0.00,10405.34,0.00,0.00,1200.07,0.00,1000.05
703.551,106830.86,4500.95,74761.13,2511741.07,139329.46,0.00,7002.42,0.00,0.00,600.02,0.00,1500.12
703.697,90178.55,3300.51,69425.26,2481671.15,144296.66,0.00,6802.28,0.00,200.00,600.02,0.00,1500.12
703.843,95221.97,3300.51,72847.96,2509335.41,136593.44,0.00,8603.65,0.00,0.00,1100.06,100.00,1600.13
703.989,98148.26,2600.32,67915.58,2389548.88,136897.39,0.00,7903.08,0.00,0.00,1000.05,0.00,1400.10
704.135,100772.48,3800.68,73653.47,2522499.28,135985.50,0.00,6402.02,100.00,0.00,300.00,0.00,600.02
704.281,102387.73,19918.55,71941.84,2427069.39,130110.88,0.00,8103.24,0.00,0.00,900.04,0.00,2200.25
704.427,98551.95,3000.42,73653.47,2445462.16,137910.67,0.00,9104.09,0.00,0.00,600.02,0.00,1900.19
704.573,96432.76,3100.45,73653.47,2446138.73,133250.37,100.00,7602.85,0.00,0.00,700.03,0.00,1900.19
704.719,104811.03,5101.22,73150.03,2423402.59,139836.18,0.00,8603.65,300.00,0.00,900.04,0.00,1400.10
704.865,98955.63,3300.51,68922.00,2533366.27,143485.53,0.00,9004.00,0.00,0.00,500.01,0.00,1300.09
705.011,97542.76,4901.12,74257.64,2408242.44,138113.36,0.00,7602.85,0.00,100.00,700.03,0.00,1300.09
705.157,105618.90,5701.52,78286.29,2405644.59,127073.60,0.00,8503.57,0.00,0.00,300.00,100.00,1900.19
705.303,99561.22,5901.63,78789.98,2500481.50,138316.02,0.00,9104.09,0.00,0.00,1600.13,0.00,1500.12
705.449,92296.51,6702.10,72747.29,2454073.88,129503.36,0.00,7202.56,0.00,0.00,400.01,0.00,2200.25
705.595,102993.51,8303.23,73351.40,2473769.59,137505.35,0.00,7803.00,100.00,0.00,600.02,0.00,1400.10
705.741,95928.26,8903.71,73049.33,2454491.46,137505.35,0.00,9304.27,0.00,0.00,100.00,0.00,1900.19
705.887,96533.67,10104.78,81913.39,2509986.97,133959.41,0.00,8903.91,200.00,0.00,800.03,0.00,2100.23
706.033,95827.36,8503.38,70129.84,2478146.34,138316.02,100.00,9904.84,0.00,0.00,1200.07,0.00,1800.17
706.179,94313.99,7902.92,77782.63,2453338.73,144600.85,0.00,8803.82,100.00,0.00,800.03,0.00,1200.07
706.325,96331.86,8403.30,71539.15,2493941.46,138113.36,0.00,9504.45,200.00,0.00,1300.09,0.00,1900.19
706.471,105416.93,9103.88,76070.34,2573091.85,136998.72,0.00,8603.65,100.00,0.00,1100.06,0.00,1700.15
706.617,98249.18,9003.79,79998.93,2591275.64,143485.53,0.00,9604.55,0.00,0.00,1200.07,0.00,1300.09
706.763,101479.12,8403.30,77178.27,2546045.76,144093.86,0.00,8703.73,200.00,100.00,400.01,0.00,2700.38
706.909,94616.65,8403.30,82014.16,2486933.45,141762.08,0.00,9604.55,0.00,0.00,1600.13,0.00,1800.17
707.055,97845.51,10705.36,85138.48,2511315.10,141153.86,0.00,8303.40,100.00,0.00,1800.17,0.00,1400.10
707.201,97038.20,8003.00,77178.27,2429107.48,134263.30,0.00,8103.24,100.00,0.00,2000.20,0.00,1400.10
707.348,102791.57,11105.77,80905.74,2562575.84,141964.83,100.00,10004.94,0.00,0.00,1700.15,0.00,2400.30
707.494,101277.22,6301.86,80301.20,2579715.49,137505.35,0.00,8403.48,100.00,0.00,1700.15,0.00,1700.15
707.640,98955.63,5401.36,80301.20,2657337.56,144398.06,100.00,8903.91,0.00,0.00,2400.29,0.00,2000.21
707.786,93910.46,3600.61,78185.57,2451760.02,141052.49,0.00,8303.40,0.00,0.00,1800.17,0.00,1900.19
707.932,90884.49,5801.57,75365.37,2377128.37,136390.77,0.00,9504.45,0.00,0.00,1500.11,0.00,1900.19
708.078,98148.26,5601.47,89171.26,2517713.34,139532.16,0.00,9304.27,0.00,0.00,1700.15,0.00,2200.25
708.224,100772.48,6001.68,79898.18,2402696.15,127883.45,0.00,8703.73,0.00,0.00,1000.05,0.00,1500.12
708.370,93103.46,3500.57,83223.46,2343784.43,130718.47,0.00,12607.84,0.00,0.00,1700.15,0.00,1800.17
708.516,90884.49,7602.70,74861.84,2422041.07,127782.21,0.00,11106.08,0.00,0.00,1800.17,0.00,2500.32
708.662,96029.15,6201.80,78487.76,2580951.82,141762.08,0.00,9704.64,0.00,0.00,1600.13,0.00,1500.12
708.808,95423.78,4400.91,86953.05,2557488.92,150889.49,0.00,10405.34,0.00,0.00,1000.05,0.00,2400.30
708.954,91993.90,5701.52,77278.99,2402821.54,128895.86,100.00,8903.91,0.00,0.00,900.04,0.00,2100.23
709.100,94213.11,3900.71,83223.46,2397342.05,133959.41,100.00,8103.24,0.00,0.00,800.03,0.00,1900.19
709.246,103195.44,4500.95,70230.49,2357365.87,134162.01,0.00,9704.64,0.00,0.00,1000.05,0.00,1200.07
709.392,98047.35,5201.27,80099.68,2432774.27,135377.65,0.00,10105.04,0.00,0.00,1500.11,0.00,2400.30
709.538,91489.62,3100.45,82719.58,2511281.70,133351.66,0.00,8503.57,100.00,0.00,600.02,0.00,2200.25
709.684,92296.51,3300.51,76876.08,2472174.08,133351.66,200.00,8403.48,0.00,0.00,700.03,0.00,1000.05
709.830,99157.51,4701.03,79192.96,2468382.09,132743.95,0.00,7803.00,0.00,0.00,500.01,0.00,1300.09
709.976,98955.63,5101.22,83425.03,2458885.02,139329.46,0.00,9304.27,0.00,100.00,500.01,0.00,1200.07
710.122,91489.62,3200.48,76573.93,2402645.95,133351.66,0.00,8403.48,0.00,0.00,300.00,0.00,2300.27
710.268,90279.41,4000.75,82518.03,2484135.21,140241.63,0.00,8303.40,0.00,0.00,1200.07,0.00,2300.27
710.414,100469.66,5301.32,77984.10,2407507.28,126466.24,0.00,9104.09,0.00,0.00,1000.05,0.00,1500.12
710.560,95928.26,10705.36,84533.72,2511348.49,137910.67,0.00,9004.00,0.00,0.00,600.02,0.00,1900.19
710.706,94313.99,4200.83,85440.90,2513394.98,135884.19,0.00,8303.40,0.00,0.00,800.03,100.00,2000.21
710.852,86145.52,4000.75,75566.79,2389757.87,128592.13,0.00,8603.65,0.00,0.00,300.00,0.00,1200.07
710.998,100570.60,4300.86,77883.36,2411925.84,132440.10,0.00,10105.04,0.00,0.00,400.01,0.00,1800.17
711.144,100267.78,3400.54,86549.80,2427486.97,134465.91,0.00,8403.48,0.00,200.00,600.02,0.00,2300.27
711.290,98753.79,3100.45,85239.30,2362778.37,134769.79,0.00,8103.24,0.00,0.00,800.03,0.00,2300.27
711.436,92599.12,3600.61,86852.24,2444835.60,133452.93,0.00,9804.74,0.00,0.00,800.03,0.00,1700.15
711.582,94112.23,3600.61,80905.74,2457381.50,131123.51,0.00,9004.00,0.00,0.00,800.03,0.00,1600.13
711.728,96836.38,2800.37,84432.92,2527728.18,127680.97,0.00,8103.24,0.00,0.00,600.02,0.00,2000.21
711.874,90985.34,10605.26,76171.06,2490274.47,133351.66,100.00,8103.24,200.00,100.00,1000.05,0.00,2300.27
712.020,92901.72,5901.63,82417.24,2464531.50,134263.30,200.00,6902.35,0.00,0.00,800.03,0.00,1400.10
712.166,102185.81,13608.66,82014.16,2422241.46,139228.10,0.00,8703.73,0.00,0.00,1500.11,0.00,1600.13
712.312,99763.09,4400.91,81006.50,2500381.31,138316.02,0.00,7702.93,0.00,100.00,1100.06,0.00,1700.15
712.458,101781.98,4100.79,84634.51,2398536.58,135377.65,0.00,9104.09,0.00,0.00,1200.07,0.00,1500.12
712.604,97542.76,3600.61,76070.34,2529064.51,134972.42,0.00,7202.56,0.00,0.00,1300.09,0.00,1200.07
712.750,103094.46,4200.83,72948.65,2542905.13,132541.37,0.00,9004.00,0.00,0.00,700.03,0.00,1600.13
712.896,92195.63,3800.68,74861.84,2458525.84,136188.15,0.00,9404.36,0.00,200.00,800.03,0.00,2600.35
713.042,95928.26,4600.99,86146.54,2441402.79,148556.18,0.00,7202.56,100.00,0.00,2600.34,0.00,1600.13
713.188,96735.47,3800.68,75063.25,2411992.83,140038.92,0.00,8303.40,0.00,0.00,800.03,0.00,1200.07
713.334,87456.09,4100.79,79495.19,2417363.53,131123.51,100.00,9204.18,100.00,0.00,700.03,100.00,1100.06
713.481,92397.37,3800.68,78991.47,2462602.01,134263.30,0.00,10105.04,0.00,200.00,1100.06,0.00,1200.07
713.627,93406.09,5401.36,85944.93,2463487.36,136086.82,0.00,8603.65,0.00,0.00,1300.09,0.00,700.03
713.773,97340.93,7402.56,80804.98,2517838.53,136390.77,100.00,9604.55,100.00,0.00,400.01,0.00,1500.12
713.919,88262.67,10505.16,81208.03,2597556.89,129807.11,0.00,8503.57,0.00,0.00,500.01,0.00,2300.27
714.065,94313.99,12907.79,85440.90,2483993.22,133351.66,0.00,7702.93,0.00,100.00,200.00,0.00,2300.27
714.211,86246.33,11406.09,79696.69,2495352.99,141762.08,0.00,8903.91,0.00,0.00,1000.05,0.00,2100.23
714.357,94213.11,9103.88,81409.55,2496539.12,145817.70,0.00,9704.64,100.00,0.00,600.02,0.00,2000.21
714.503,93103.46,12607.43,82921.13,2465308.26,142370.33,0.00,9804.74,0.00,0.00,600.02,0.00,1500.12
714.649,97744.59,7002.29,78487.76,2576098.89,135377.65,0.00,10004.94,0.00,400.01,500.01,0.00,1800.17
714.795,104508.07,4000.75,92499.42,2624636.58,143181.39,300.00,9004.00,100.00,0.00,700.03,0.00,2400.30
714.941,96533.67,5301.32,74056.24,2556795.76,136390.77,0.00,8003.16,0.00,0.00,300.00,0.00,1300.09
715.087,96331.86,4000.75,73452.08,2554356.70,136897.39,0.00,7502.78,0.00,0.00,400.01,0.00,2600.35
715.233,97542.76,3900.71,74761.13,2465684.04,140951.14,0.00,9504.45,0.00,0.00,400.01,0.00,2100.23
715.379,92498.23,5201.27,73552.78,2477027.01,141762.08,0.00,7102.49,0.00,0.00,800.03,0.00,2100.23
715.525,101479.12,4701.03,77178.27,2467379.74,144905.07,0.00,9204.18,0.00,0.00,400.01,0.00,1900.19
715.671,96735.47,2700.34,81208.03,2616450.84,144803.68,0.00,8503.57,0.00,0.00,200.00,0.00,1300.09
715.817,95625.56,3000.42,74660.43,2561857.48,134567.20,100.00,8203.32,0.00,200.00,700.03,0.00,1000.05
715.963,96937.29,2100.21,74962.54,2530726.81,144803.68,0.00,6201.90,100.00,200.00,300.00,0.00,1500.12
716.109,99359.35,4500.95,67814.94,2481387.16,140444.34,0.00,9304.27,0.00,0.00,400.01,0.00,1700.15
716.255,95322.87,3400.54,74559.73,2580175.06,147034.71,0.00,6802.28,0.00,100.00,600.02,0.00,2200.25
716.401,91893.05,3100.45,70431.82,2531804.35,137302.69,0.00,7702.93,0.00,0.00,600.02,0.00,1700.15
716.547,98249.18,4100.79,75566.79,2590791.27,146223.36,0.00,6502.09,0.00,0.00,500.01,0.00,900.04
716.693,89371.83,3600.61,71539.15,2486315.29,139025.42,100.00,6902.35,0.00,0.00,700.03,0.00,1100.06
716.839,90178.55,4200.83,73150.03,2591810.41,143485.53,0.00,7102.49,0.00,0.00,700.03,0.00,1400.10
716.985,98854.72,8003.00,77480.44,2562149.86,145513.49,0.00,7602.85,200.00,0.00,400.01,0.00,1300.09
717.131,83726.43,8803.63,74861.84,2488662.36,146426.22,0.00,7002.42,0.00,0.00,900.04,0.00,700.03
717.277,92498.23,9804.50,75566.79,2589747.13,149976.38,100.00,6802.28,0.00,0.00,400.01,0.00,1900.19
717.423,98451.03,9704.41,71539.15,2517387.56,139430.80,100.00,7002.42,0.00,0.00,300.00,0.00,700.03
717.569,94414.88,6201.80,75969.63,2518481.70,138822.73,0.00,7102.49,0.00,0.00,1100.06,0.00,1500.12
717.715,87153.63,6902.23,74761.13,2534944.98,147947.55,0.00,7302.63,0.00,0.00,800.03,0.00,1300.09
717.861,88061.02,4701.03,71639.83,2545001.62,141356.61,0.00,7402.70,0.00,0.00,1500.11,0.00,1100.06
718.007,86246.33,3800.68,83425.03,2556737.17,140342.98,0.00,7002.42,0.00,0.00,1200.07,0.00,2000.21
718.153,91086.19,4901.12,79394.44,2499378.96,137606.69,0.00,7102.49,0.00,100.00,1400.10,0.00,1800.17
718.299,94213.11,2900.39,74459.03,2495570.17,148454.74,0.00,9204.18,0.00,0.00,1500.11,0.00,1000.05
718.445,83827.20,14509.85,65399.92,2385606.50,143181.39,0.00,7702.93,100.00,0.00,1600.13,0.00,1400.10
718.591,90783.66,4400.91,84836.10,2485546.93,149672.05,0.00,7803.00,200.00,0.00,1500.11,0.00,1400.10
718.737,94717.52,14409.71,80704.23,2526659.04,150686.56,0.00,6702.22,100.00,100.00,1000.05,100.00,1200.07
718.883,93103.46,3600.61,82618.79,2572181.31,147846.12,0.00,6902.35,0.00,0.00,1800.17,0.00,1800.17
719.029,87153.63,9103.88,83928.97,2527561.19,145513.49,0.00,7202.56,0.00,100.00,1600.13,0.00,1600.13
719.175,87556.92,4100.79,75264.66,2473994.98,138214.69,0.00,8603.65,0.00,0.00,1100.06,0.00,2400.30
719.321,89069.31,4600.99,82316.47,2494208.65,141762.08,100.00,7502.78,100.00,0.00,1800.17,0.00,1400.10
719.467,90682.79,3200.48,75868.92,2526700.84,140342.98,0.00,7903.08,0.00,0.00,900.04,0.00,500.01
719.614,92195.63,3800.68,84029.76,2517646.35,142775.86,0.00,9604.55,100.00,0.00,1300.09,0.00,1100.06
719.760,90985.34,5101.22,79293.70,2553212.36,147440.40,0.00,6301.96,0.00,0.00,800.03,0.00,1000.05
719.906,91590.47,3900.71,69525.90,2555158.46,137201.36,200.00,8003.16,200.00,200.00,1000.05,100.00,1300.09
720.052,85137.49,4200.83,74861.84,2579698.89,139532.16,100.00,11906.99,100.00,0.00,900.04,0.00,1900.19
720.198,91993.90,13508.53,76171.06,2527018.22,148150.43,0.00,7903.08,0.00,0.00,400.01,0.00,1800.17
720.344,94112.23,4000.75,87961.28,2534510.60,151295.33,0.00,8903.91,0.00,0.00,900.04,0.00,1100.06
720.490,93809.59,4200.83,79797.43,2485354.74,138214.69,0.00,8203.32,0.00,0.00,1000.05,0.00,1100.06
720.636,87657.73,4300.86,86650.61,2543899.08,143080.00,0.00,8403.48,0.00,0.00,500.01,0.00,700.03
720.782,90985.34,3700.64,82417.24,2575722.91,148454.74,0.00,8703.73,0.00,100.00,1500.11,0.00,1200.07
720.928,90783.66,5701.52,80200.44,2526659.04,141255.25,0.00,8503.57,0.00,0.00,1500.11,0.00,1400.10
721.074,98148.26,4500.95,83425.03,2613911.58,142877.21,0.00,7402.70,100.00,0.00,1500.11,0.00,1300.09
721.220,83827.20,5301.32,88263.75,2504741.46,145919.12,0.00,8403.48,0.00,0.00,1200.07,100.00,1600.13
721.366,92195.63,3800.68,88868.74,2548275.84,148759.04,0.00,8103.24,100.00,200.00,1200.07,0.00,1400.10
721.512,84129.57,4600.99,84735.31,2494601.23,146020.56,0.00,9904.84,0.00,200.00,1100.06,0.00,1800.17
721.658,89472.66,3800.68,91793.36,2585512.36,141153.86,0.00,8803.82,0.00,0.00,700.03,200.00,1700.15
721.804,90380.25,5301.32,91591.63,2553312.56,141153.86,100.00,8203.32,0.00,200.00,800.03,0.00,1700.15
721.950,87456.09,6101.74,88162.91,2621955.33,142370.33,0.00,7803.00,0.00,100.00,600.02,0.00,2100.23
722.096,90279.41,4100.79,92398.56,2601699.86,136694.74,0.00,9704.64,0.00,0.00,1900.18,0.00,1500.12
722.242,88363.51,4701.03,88868.74,2593789.90,149773.50,0.00,7803.00,0.00,0.00,1900.18,0.00,2400.30
722.388,99056.57,7302.49,89372.93,2598551.03,147440.40,100.00,8103.24,0.00,0.00,1100.06,0.00,1900.19
722.534,95625.56,6101.74,88969.58,2503780.92,141153.86,100.00,8003.16,300.00,0.00,1800.17,0.00,1000.05
722.680,87859.36,3700.64,91188.20,2460739.31,134162.01,100.00,9004.00,0.00,100.00,1200.07,0.00,1900.19
722.826,91287.92,3200.48,94113.45,2536699.08,138417.36,0.00,6502.09,0.00,100.00,2200.25,0.00,1600.13
722.972,87355.26,3000.42,92398.56,2622949.28,139734.84,0.00,8903.91,0.00,0.00,1300.09,0.00,2600.35
723.118,94717.52,4300.86,101480.53,2550439.31,138417.36,0.00,9004.00,0.00,0.00,700.03,0.00,1300.09
723.264,89573.50,4100.79,94920.55,2583532.67,145107.88,0.00,8703.73,100.00,0.00,2100.22,0.00,1800.17
723.410,89876.03,5101.22,100471.05,2482949.27,137505.35,0.00,9204.18,0.00,100.00,1200.07,0.00,1800.17
723.556,87758.55,3800.68,100572.01,2493983.06,147237.59,0.00,8003.16,0.00,0.00,300.00,0.00,1900.19
723.702,93708.69,2800.37,91995.08,2546513.53,141356.61,0.00,8203.32,0.00,100.00,1400.10,0.00,1900.19
723.848,89573.50,4701.03,95727.72,2472558.45,142370.33,0.00,9104.09,0.00,0.00,800.03,0.00,2100.23
723.994,88262.67,2400.27,100471.05,2562868.03,140849.77,0.00,8703.73,100.00,0.00,1100.06,0.00,1800.17
724.140,86851.19,3700.64,94819.67,2539279.94,134364.60,0.00,8203.32,0.00,0.00,900.04,0.00,1500.12
724.286,85339.09,3100.45,94012.58,2474379.35,135478.95,0.00,8803.82,0.00,0.00,500.01,0.00,1700.15
724.432,92800.85,2100.21,100269.16,2581402.79,131427.35,0.00,6602.15,0.00,100.00,1300.09,0.00,1400.10
724.578,99561.22,4100.79,99461.67,2548234.04,141559.35,0.00,8403.48,0.00,0.00,1900.18,0.00,1400.10
724.724,89472.66,4600.99,98048.68,2539313.34,136593.44,300.00,9704.64,0.00,0.00,1100.06,0.00,2100.23
724.870,94919.31,4100.79,95828.63,2433183.65,128997.12,0.00,9704.64,0.00,0.00,800.03,0.00,1200.07
725.016,87960.19,4100.79,93508.16,2502937.36,132034.99,0.00,9804.74,0.00,0.00,1100.06,0.00,1600.13
725.162,88061.02,4500.95,97947.75,2498610.60,136492.11,0.00,9204.18,100.00,100.00,900.04,0.00,1200.07
725.308,84935.90,3600.61,101177.69,2494350.64,140241.63,0.00,9204.18,100.00,0.00,1000.05,0.00,1200.07
725.454,83323.29,3500.57,103903.73,2425799.86,140241.63,300.00,7903.08,0.00,0.00,1700.15,0.00,1300.09
725.600,94616.65,3700.64,104105.65,2448076.62,136897.39,0.00,9704.64,0.00,0.00,500.01,0.00,2100.23
725.746,88665.99,3900.71,98553.28,2463938.34,133959.41,0.00,8103.24,0.00,200.00,900.04,0.00,2600.35
725.893,94313.99,3000.42,102793.04,2533942.63,138924.08,0.00,7002.42,100.00,0.00,800.03,0.00,2200.25
726.039,93204.32,4701.03,98452.36,2506403.57,136188.15,100.00,7102.49,0.00,0.00,1500.11,0.00,1400.10
726.184,90884.49,5101.22,102086.29,2535830.33,126668.69,0.00,7602.85,0.00,0.00,1400.10,0.00,2100.23
726.331,87758.55,4400.91,113197.59,2503672.32,134263.30,0.00,10605.55,0.00,0.00,1800.17,0.00,2000.21
726.477,92800.85,7102.36,114814.75,2468072.91,147339.02,200.00,9404.36,0.00,0.00,800.03,0.00,1500.12
726.623,94213.11,4500.95,111075.47,2445077.98,138113.36,0.00,8103.24,0.00,0.00,700.03,0.00,2000.21
726.769,82214.75,4100.79,96635.86,2385138.73,126769.91,0.00,8603.65,0.00,0.00,1000.05,0.00,1600.13
726.915,84532.73,3400.54,98048.68,2449538.34,127984.70,100.00,8903.91,0.00,0.00,1100.06,0.00,2400.30
727.061,92195.63,3900.71,106024.44,2479215.49,128490.87,100.00,8103.24,0.00,0.00,400.01,100.00,1200.07
727.207,88161.84,4400.91,105317.47,2484335.80,136390.77,100.00,9004.00,0.00,0.00,500.01,0.00,2100.23
727.353,85641.49,2600.32,102086.29,2450423.69,130617.19,0.00,9104.09,0.00,0.00,800.03,0.00,1400.10
727.499,92901.72,3400.54,105519.47,2447358.26,133858.11,0.00,7302.63,0.00,0.00,200.00,0.00,2200.25
727.645,90481.09,4400.91,102288.20,2359646.15,132642.65,0.00,10004.94,0.00,100.00,500.01,0.00,1100.06
727.791,93506.96,4500.95,111378.60,2467538.34,139228.10,0.00,9704.64,0.00,0.00,500.01,0.00,2600.35
727.937,89170.16,4701.03,112085.94,2499378.96,123328.80,0.00,9004.00,0.00,0.00,800.03,0.00,2000.21
728.083,98047.35,3200.48,101985.32,2435940.09,126871.13,100.00,8003.16,0.00,100.00,600.02,0.00,2100.23
728.229,89472.66,4901.12,107539.50,2436190.68,125858.90,0.00,7402.70,0.00,0.00,600.02,0.00,1500.12
728.375,84633.50,3800.68,103196.90,2458141.66,134769.79,0.00,10305.24,0.00,0.00,500.01,0.00,2400.30
728.521,90783.66,5101.22,108852.71,2363196.15,136086.82,0.00,8403.48,0.00,100.00,300.00,0.00,1900.19
728.667,92296.51,3600.61,102490.14,2373194.39,135175.03,100.00,8703.73,100.00,0.00,600.02,0.00,1400.10
728.813,93506.96,3100.45,107842.53,2444434.82,136289.48,100.00,8403.48,0.00,100.00,900.04,100.00,1400.10
728.959,91388.76,2500.29,111883.85,2424847.52,143789.71,0.00,7602.85,0.00,100.00,300.00,0.00,2100.23
729.105,81509.40,3600.61,113702.93,2515232.48,128997.12,0.00,9304.27,19919.57,0.00,900.04,0.00,2400.30
729.251,92498.23,2500.29,104812.54,2533800.64,132743.95,100.00,8603.65,0.00,100.00,500.01,0.00,1400.10
729.397,96130.05,4901.12,111277.54,2501985.02,126263.80,100.00,10004.94,0.00,0.00,700.03,0.00,1800.17
729.543,86246.33,4600.99,110267.14,2475966.27,133149.09,0.00,8603.65,0.00,0.00,600.02,0.00,2000.21
729.689,90380.25,6702.10,111580.70,2445320.17,131832.42,100.00,7702.93,0.00,200.00,700.03,0.00,1900.19
729.835,85036.70,2500.29,99966.35,2328975.05,132541.37,0.00,7903.08,0.00,100.00,700.03,0.00,1900.19
729.981,94515.77,2400.27,110368.18,2595101.23,128794.61,0.00,9404.36,0.00,0.00,1000.05,0.00,1700.15
730.127,96029.15,7102.36,102288.20,2499470.95,129908.38,0.00,9204.18,0.00,0.00,1500.11,100.00,1400.10
730.273,86649.57,5001.17,104610.57,2566459.82,130718.47,0.00,7903.08,0.00,0.00,900.04,0.00,2400.30
730.419,91489.62,3700.64,103196.90,2408743.61,127984.70,0.00,10105.04,0.00,0.00,600.02,0.00,1600.13
730.565,89270.98,5901.63,106226.42,2326786.58,131022.24,0.00,9204.18,0.00,0.00,600.02,0.00,1500.12
730.711,95020.20,3600.61,111378.60,2483400.25,134972.42,0.00,8903.91,0.00,0.00,600.02,0.00,2100.23
730.857,85439.88,2700.34,108044.56,2563444.39,128895.86,0.00,7903.08,0.00,0.00,400.01,0.00,2100.23
731.003,89170.16,5301.32,107438.48,2484444.39,131427.35,0.00,8503.57,0.00,0.00,500.01,0.00,1800.17
731.149,90481.09,4300.86,100471.05,2452411.58,132541.37,0.00,8203.32,100.00,0.00,300.00,0.00,1600.13
731.295,87960.19,4200.83,102994.96,2515533.26,135175.03,0.00,8603.65,0.00,100.00,700.03,0.00,1800.17
731.441,90581.94,5301.32,102793.04,2545970.56,132845.22,0.00,8403.48,0.00,0.00,500.01,0.00,2100.23
731.587,89069.31,4000.75,98856.08,2465634.04,132845.22,0.00,10105.04,0.00,0.00,400.01,0.00,1800.17
731.733,85943.89,3500.57,108751.69,2337118.80,134972.42,0.00,8003.16,0.00,0.00,200.00,0.00,2300.27
731.879,81408.64,4000.75,100975.80,2453681.30,133149.09,0.00,9204.18,100.00,0.00,700.03,0.00,1700.15
732.026,91792.19,11205.87,104105.65,2468674.27,137505.35,0.00,8003.16,0.00,0.00,500.01,0.00,1300.09
732.172,92498.23,3300.51,101985.32,2540900.45,129098.35,100.00,9004.00,0.00,0.00,600.02,0.00,1900.19
732.318,86952.01,5101.22,104307.63,2602293.03,130920.96,100.00,9004.00,0.00,0.00,200.00,0.00,1400.10
732.464,94616.65,5001.17,91490.78,2535704.94,137505.35,100.00,8903.91,0.00,0.00,300.00,0.00,2000.21
732.610,92195.63,4801.08,97846.84,2604180.72,137404.02,100.00,7903.08,0.00,0.00,700.03,0.00,1500.12
732.756,93910.46,6702.10,100269.16,2568197.13,140748.43,0.00,8803.82,0.00,0.00,500.01,0.00,1500.12
732.902,97744.59,4701.03,96736.78,2547106.50,139633.50,0.00,10105.04,0.00,100.00,400.01,0.00,2700.38
733.048,90783.66,3600.61,101581.50,2637474.67,139228.10,0.00,7602.85,900.04,0.00,900.04,0.00,1700.15
733.194,89976.86,4901.12,98250.52,2598918.42,139937.55,0.00,8503.57,0.00,0.00,800.03,100.00,1200.07
733.340,84532.73,4100.79,94012.58,2649594.59,133858.11,200.00,8603.65,0.00,0.00,400.01,0.00,1500.12
733.486,91893.05,2900.39,106630.43,2551825.84,146223.36,100.00,8503.57,0.00,0.00,400.01,0.00,1800.17
733.632,90279.41,6001.68,96736.78,2589655.33,143992.50,100.00,10305.24,100.00,0.00,700.03,0.00,1300.09
733.778,97845.51,4600.99,98856.08,2569015.68,147947.55,200.00,9104.09,0.00,100.00,200.00,0.00,1600.13
733.924,88161.84,4500.95,99461.67,2556286.19,146933.29,0.00,10405.34,0.00,0.00,600.02,0.00,2000.21
734.070,88262.67,4400.91,99461.67,2578036.58,140748.43,0.00,8303.40,0.00,0.00,1000.05,0.00,1700.15
734.216,95020.20,5501.42,93810.80,2633624.08,141153.86,100.00,7102.49,0.00,0.00,1900.18,0.00,1800.17
734.362,95322.87,4600.99,94920.55,2554682.48,146831.86,0.00,8803.82,0.00,0.00,1000.05,0.00,1500.12
734.508,97643.67,5001.17,100773.89,2631736.39,136897.39,0.00,8003.16,100.00,0.00,1300.09,0.00,2100.23
734.654,88262.67,6702.10,94517.00,2610478.57,149063.36,0.00,8503.57,0.00,100.00,400.01,0.00,2300.27
734.800,97542.76,4801.08,95828.63,2627067.25,145107.88,0.00,9704.64,0.00,0.00,1000.05,0.00,1300.09
734.946,99258.43,6401.92,94416.11,2682587.76,138721.39,100.00,8203.32,300.00,0.00,1500.11,0.00,900.04
735.092,95625.56,7102.36,97644.98,2725128.19,147034.71,0.00,8103.24,100.00,0.00,1200.07,0.00,1100.06
735.238,97441.85,6401.92,91087.34,2621119.98,141660.71,100.00,8803.82,200.00,0.00,1300.09,0.00,13709.70
735.384,103801.26,11806.52,99562.60,2612700.45,155151.66,200.00,9004.00,0.00,0.00,1300.09,0.00,1900.19
735.530,93809.59,4901.12,88767.91,2548016.85,142674.47,100.00,9604.55,0.00,0.00,1100.06,0.00,1900.19
735.676,97845.51,5301.32,86852.24,2522557.87,138721.39,0.00,9304.27,0.00,0.00,1200.07,0.00,2100.23
735.822,86246.33,5501.42,96534.96,2545010.02,149874.94,0.00,7702.93,100.00,0.00,1100.06,0.00,1600.13
735.968,106527.85,5601.47,93306.42,2550706.50,145310.67,100.00,8603.65,0.00,100.00,500.01,0.00,1900.19
736.114,94515.77,4901.12,94517.00,2629272.32,149773.50,0.00,8403.48,0.00,100.00,700.03,0.00,2300.27
736.260,96029.15,9003.79,98149.59,2742635.61,131629.87,100.00,8903.91,0.00,0.00,1300.09,0.00,1600.13
736.406,99157.51,7302.49,101278.65,2638961.39,139025.42,0.00,8803.82,0.00,0.00,500.01,0.00,1400.10
736.552,89472.66,6501.98,96434.04,2520436.19,139836.18,0.00,6702.22,100.00,200.00,900.04,0.00,1000.05
736.698,101882.92,7402.56,95727.72,2560103.38,145614.91,0.00,9904.84,0.00,200.00,700.03,0.00,1900.19
736.844,87456.09,5701.52,102389.17,2612516.66,138620.02,0.00,7202.56,100.00,0.00,400.01,0.00,2100.23
736.990,97441.85,5001.17,102389.17,2478054.55,134060.71,0.00,8903.91,0.00,0.00,800.03,100.00,1400.10
737.136,99157.51,6602.04,101177.69,2526826.03,126466.24,0.00,8203.32,100.00,0.00,800.03,0.00,1900.19
737.282,96937.29,5301.32,93609.04,2592695.76,137910.67,100.00,7102.49,0.00,0.00,600.02,0.00,2100.23
737.428,93607.82,4701.03,94718.76,2482823.88,133351.66,0.00,8003.16,0.00,0.00,900.04,0.00,1500.12
737.574,90884.49,5101.22,103903.73,2585712.75,133655.53,100.00,10605.55,0.00,0.00,700.03,0.00,1400.10
737.720,94313.99,4901.12,100269.16,2528454.94,133250.37,0.00,8003.16,0.00,0.00,900.04,0.00,1200.07
737.866,91893.05,5801.57,106529.42,2477127.40,131427.35,100.00,8003.16,100.00,0.00,400.01,0.00,1700.15
738.012,95221.97,9504.23,105418.47,2563761.78,139025.42,0.00,8603.65,0.00,0.00,500.01,0.00,1800.17
738.159,99157.51,3700.64,102086.29,2478622.52,133452.93,0.00,9904.84,0.00,100.00,1500.11,0.00,2000.21
738.305,101479.12,7302.49,99259.79,2518072.32,131326.06,0.00,9204.18,0.00,0.00,1000.05,0.00,1400.10
738.451,100671.54,8603.46,102389.17,2523535.02,127073.60,100.00,7402.70,0.00,100.00,600.02,0.00,2000.21
738.597,95121.08,13808.92,101480.53,2569909.43,138113.36,0.00,10405.34,0.00,100.00,900.04,0.00,1800.17
738.743,97139.11,9103.88,104307.63,2568522.91,134668.50,0.00,7903.08,0.00,0.00,1400.10,0.00,2700.38
738.889,89775.19,7602.70,97544.08,2420712.94,135175.03,0.00,7102.49,100.00,0.00,900.04,0.00,2200.25
739.035,91893.05,5301.32,109660.93,2456537.95,124543.19,0.00,6602.15,0.00,0.00,500.01,100.00,2400.30
739.181,100368.72,5201.27,104711.55,2560145.17,126365.01,0.00,8903.91,0.00,0.00,1000.05,0.00,2400.30
739.327,93809.59,4801.08,106428.43,2604255.92,129503.36,100.00,7602.85,0.00,100.00,400.01,0.00,1900.19
739.473,99056.57,4400.91,95223.23,2498076.03,140444.34,100.00,9904.84,0.00,0.00,700.03,0.00,1800.17
739.619,99359.35,5901.63,110267.14,2620794.20,138822.73,0.00,9204.18,0.00,0.00,1400.10,0.00,2000.21
739.765,98148.26,5001.17,110368.18,2526341.66,136593.44,0.00,8503.57,0.00,0.00,700.03,0.00,2300.27
739.911,94213.11,5801.57,101783.41,2480785.80,124138.37,0.00,8503.57,0.00,0.00,700.03,0.00,2200.25
740.057,93204.32,3600.61,108650.67,2411433.06,134871.11,0.00,8803.82,100.00,0.00,300.00,0.00,1700.15
740.203,92800.85,5501.42,111075.47,2525063.73,119787.65,0.00,8203.32,0.00,0.00,1000.05,0.00,1800.17
740.349,92296.51,5401.36,106630.43,2483316.66,118371.54,0.00,6402.02,0.00,100.00,500.01,0.00,1500.12
740.495,90985.34,7102.36,100572.01,2479399.27,127073.60,0.00,9004.00,0.00,0.00,1400.10,0.00,1200.07
740.641,94919.31,9103.88,109761.97,2490416.46,128085.93,0.00,9904.84,0.00,0.00,1200.07,0.00,800.03
740.787,96331.86,12507.32,104206.64,2528638.53,133351.66,0.00,9404.36,0.00,0.00,100.00,0.00,2100.23
740.933,98551.95,68619.62,101682.46,2432515.48,128490.87,100.00,7903.08,0.00,0.00,800.03,0.00,1400.10
741.079,96836.38,7702.78,104913.53,2580258.46,126263.80,100.00,6702.22,0.00,0.00,1100.06,0.00,1800.17
741.225,97441.85,6602.04,101985.32,2542930.13,145107.88,100.00,8203.32,100.00,0.00,800.03,0.00,2200.25
741.371,101176.28,5901.63,97846.84,2461900.25,117764.68,0.00,10705.65,100.00,0.00,1300.09,0.00,1800.17
741.517,86246.33,6702.10,102490.14,2426969.19,123328.80,0.00,8003.16,300.00,0.00,1400.10,0.00,1800.17
741.663,100368.72,7102.36,105115.51,2466043.22,128490.87,0.00,8203.32,0.00,0.00,1700.15,0.00,2200.25
741.809,90178.55,7502.63,109761.97,2473134.82,126972.37,200.00,8303.40,0.00,0.00,300.00,0.00,1700.15
741.955,99258.43,8503.38,97745.91,2534878.18,139430.80,0.00,8603.65,0.00,0.00,1100.06,0.00,1300.09
742.101,93103.46,9704.41,104913.53,2547607.67,126466.24,0.00,8103.24,0.00,0.00,1100.06,0.00,1700.15
742.247,100267.78,13007.92,102389.17,2565023.10,133149.09,0.00,8103.24,0.00,100.00,600.02,0.00,1800.17
742.393,95020.20,13508.53,101177.69,2506002.79,127782.21,0.00,7302.63,0.00,0.00,500.01,0.00,1800.17
742.539,95928.26,8403.30,105721.45,2481278.57,134162.01,0.00,7702.93,0.00,0.00,900.04,0.00,2900.43
742.685,96937.29,7302.49,100773.89,2468290.09,124644.38,100.00,7102.49,0.00,0.00,600.02,0.00,1500.12
742.831,101781.98,6301.86,98957.00,2539104.55,133655.53,0.00,6902.35,0.00,100.00,700.03,0.00,1400.10
742.977,98854.72,5601.47,97745.91,2396749.08,130009.65,0.00,7803.00,0.00,100.00,900.04,0.00,1400.10
743.123,94213.11,11706.41,107842.53,2527218.61,135175.03,0.00,6502.09,200.00,0.00,300.00,0.00,1000.05
743.269,97240.02,4100.79,95828.63,2539873.10,132034.99,0.00,8403.48,0.00,0.00,1200.07,0.00,800.03
743.415,94818.41,3600.61,104408.61,2599803.96,128693.39,0.00,6502.09,0.00,0.00,600.02,0.00,1600.13
743.561,98652.88,3800.68,102389.17,2507614.70,126871.13,0.00,8703.73,0.00,0.00,300.00,0.00,1300.09
743.707,91590.47,4200.83,106428.43,2531937.95,133351.66,0.00,7502.78,0.00,0.00,1500.11,0.00,2900.43
743.853,94414.88,4400.91,101884.37,2543807.09,131832.42,0.00,8003.16,0.00,0.00,500.01,0.00,2400.30
743.999,92296.51,5101.22,97644.98,2441628.18,128389.64,0.00,9104.09,0.00,0.00,500.01,0.00,1800.17
744.145,100368.72,4500.95,101076.74,2510262.56,130617.19,100.00,9104.09,0.00,0.00,700.03,0.00,1900.19
744.291,100570.60,5101.22,93609.04,2539062.75,123126.41,0.00,6802.28,0.00,0.00,1100.06,0.00,2000.21
744.438,98047.35,4600.99,94517.00,2554406.70,124441.97,0.00,9304.27,0.00,0.00,400.01,0.00,2100.23
744.584,98652.88,4400.91,95122.35,2632889.12,119383.05,0.00,5801.66,0.00,0.00,1900.18,0.00,2000.21
744.730,107234.87,4400.91,97140.42,2592294.78,125960.11,0.00,8403.48,0.00,0.00,1600.13,0.00,1500.12
744.876,96533.67,4500.95,105721.45,2483609.04,131528.60,0.00,8303.40,0.00,0.00,1300.09,0.00,1800.17
745.022,103498.33,4701.03,97544.08,2465015.88,138113.36,0.00,7502.78,0.00,0.00,1300.09,0.00,2000.21
745.168,95928.26,4100.79,97342.24,2505785.60,132845.22,100.00,8903.91,0.00,0.00,900.04,0.00,1700.15
745.314,105315.96,6301.86,92701.16,2519291.85,128997.12,0.00,7803.00,0.00,0.00,1400.10,0.00,2500.32
745.460,101882.92,4200.83,100067.30,2569675.64,130920.96,0.00,7702.93,0.00,0.00,1100.06,0.00,2400.30
745.606,97744.59,5601.47,98856.08,2542996.93,129807.11,0.00,7402.70,0.00,0.00,600.02,0.00,1700.15
745.752,102387.73,3300.51,93205.53,2580926.62,125251.63,100.00,7602.85,0.00,100.00,700.03,0.00,2600.35
745.898,95928.26,4500.95,93205.53,2458099.86,130009.65,0.00,8603.65,0.00,0.00,500.01,0.00,1600.13
746.044,94313.99,2800.37,93003.79,2437627.20,125858.90,0.00,7402.70,0.00,0.00,700.03,0.00,1300.09
746.190,94414.88,2300.25,88465.41,2491185.02,142268.95,0.00,8203.32,0.00,0.00,400.01,0.00,1200.07
746.336,97845.51,3300.51,96837.69,2441561.38,136188.15,0.00,7402.70,0.00,0.00,500.01,0.00,2300.27
746.482,95625.56,3100.45,93911.68,2479040.09,119989.97,0.00,8403.48,100.00,0.00,300.00,0.00,2500.32
746.628,101378.17,3600.61,84533.72,2405644.59,131326.06,0.00,6802.28,0.00,0.00,300.00,0.00,1300.09
746.774,98350.11,3800.68,91692.49,2501141.46,133149.09,0.00,6201.90,0.00,100.00,500.01,0.00,1200.07
746.920,99258.43,2500.29,85440.90,2534761.19,126972.37,0.00,9504.45,0.00,100.00,900.04,0.00,2000.21
747.066,98854.72,3500.57,93609.04,2524913.34,136492.11,0.00,8603.65,0.00,100.00,500.01,0.00,1600.13
747.212,97340.93,3300.51,90078.84,2541727.40,127984.70,100.00,7702.93,0.00,0.00,500.01,0.00,2000.21
747.358,99864.02,4200.83,90381.39,2427570.56,138214.69,0.00,6001.78,0.00,0.00,1000.05,0.00,2100.23
747.504,101580.07,4701.03,91995.08,2584677.01,127680.97,0.00,7903.08,0.00,0.00,300.00,0.00,2100.23
747.650,100469.66,4300.86,88667.07,2595844.59,127073.60,0.00,9504.45,0.00,100.00,800.03,0.00,1800.17
747.796,96735.47,3200.48,97039.50,2589922.52,131629.87,0.00,7602.85,0.00,0.00,700.03,0.00,1300.09
747.942,97643.67,4200.83,89372.93,2553262.56,132440.10,0.00,7903.08,100.00,0.00,400.01,0.00,1200.07
748.088,96634.57,5101.22,89272.09,2489890.29,137708.02,0.00,5101.28,0.00,200.00,1000.05,0.00,1800.17
748.234,108750.04,6301.86,91087.34,2456713.34,133756.83,0.00,9504.45,0.00,0.00,600.02,100.00,2100.23
748.380,107133.86,5501.42,94214.35,2530484.63,136390.77,0.00,7402.70,0.00,100.00,700.03,0.00,2400.30
748.526,100166.84,5801.57,87658.79,2487367.83,129705.85,0.00,7002.42,0.00,0.00,600.02,0.00,2000.21
748.672,96331.86,5301.32,92196.81,2649870.18,136897.39,100.00,9004.00,0.00,0.00,1000.05,0.00,1900.19
748.818,104205.14,5401.36,85642.50,2520169.00,131832.42,100.00,7002.42,0.00,0.00,600.02,0.00,1500.12
748.964,98350.11,4200.83,83021.91,2588486.00,137505.35,0.00,8503.57,100.00,0.00,1200.07,0.00,1000.05
749.110,93708.69,3900.71,85642.50,2492237.36,149672.05,100.00,7402.70,0.00,0.00,1100.06,0.00,1200.07
749.256,93506.96,5301.32,84332.12,2488695.95,129908.38,0.00,7302.63,0.00,0.00,1900.18,0.00,1500.12
749.402,98955.63,3300.51,77077.54,2531678.96,134668.50,0.00,7702.93,0.00,100.00,1900.18,0.00,2100.23
749.548,102387.73,3800.68,87457.15,2430009.62,140545.69,0.00,6101.84,0.00,0.00,2100.22,0.00,1000.05
749.694,96230.95,3900.71,86146.54,2524729.55,127984.70,0.00,8503.57,0.00,0.00,1000.05,0.00,2000.21
749.840,92800.85,4901.12,82820.35,2542704.55,136188.15,100.00,8703.73,0.00,0.00,1000.05,0.00,1000.05
749.986,107133.86,3700.64,82316.47,2580024.67,140748.43,100.00,8503.57,0.00,0.00,2200.25,0.00,1600.13
750.132,100772.48,4600.99,78991.47,2558173.89,135782.89,0.00,8303.40,100.00,0.00,1100.06,0.00,500.01
750.278,101176.28,3200.48,84836.10,2507021.74,143282.75,100.00,6602.15,0.00,100.00,1200.07,0.00,1500.12
750.424,100873.43,3000.42,83928.97,2479424.27,141153.86,200.00,6402.02,100.00,100.00,1400.10,0.00,1300.09
750.571,99964.96,3900.71,80200.44,2478388.53,140849.77,0.00,6602.15,0.00,0.00,800.03,0.00,2000.21
750.717,98047.35,3400.54,79696.69,2531862.75,130819.72,0.00,6802.28,200.00,0.00,800.03,0.00,1100.06
750.863,101277.22,3200.48,72445.23,2541577.01,125960.11,200.00,9704.64,0.00,0.00,1500.11,0.00,400.01
751.009,90884.49,4300.86,77581.17,2588402.40,137505.35,0.00,9904.84,0.00,0.00,800.03,0.00,1300.09
751.155,102791.57,3400.54,78991.47,2488111.19,137100.03,0.00,7202.56,0.00,0.00,600.02,0.00,1900.19
751.301,97340.93,2800.37,76674.65,2439514.90,132034.99,0.00,6602.15,0.00,0.00,900.04,200.00,1900.19
751.447,93708.69,3300.51,74761.13,2492128.77,133452.93,100.00,5901.72,0.00,0.00,1200.07,0.00,1900.19
751.593,96533.67,2700.34,79998.93,2539705.92,137809.37,0.00,7002.42,100.00,0.00,800.03,0.00,1300.09
751.739,96230.95,3600.61,72747.29,2445629.16,132642.65,0.00,7502.78,0.00,100.00,1400.10,0.00,1800.17
751.885,94414.88,5001.17,81812.62,2498719.20,137505.35,0.00,6402.02,0.00,100.00,600.02,0.00,1100.06
752.031,95121.08,4200.83,76976.81,2560571.15,130110.88,0.00,7402.70,0.00,0.00,1200.07,0.00,1500.12
752.177,95221.97,3400.54,76171.06,2528580.13,138822.73,0.00,8603.65,0.00,0.00,600.02,0.00,1500.12
752.323,104003.19,3200.48,81409.55,2524395.37,137302.69,0.00,7102.49,0.00,0.00,1300.09,0.00,1300.09
752.469,99359.35,3800.68,72445.23,2540315.68,138417.36,0.00,5001.23,0.00,0.00,1800.17,0.00,1600.13
752.615,92397.37,2400.27,72243.87,2387778.18,130617.19,100.00,7402.70,0.00,100.00,700.03,0.00,1400.10
752.761,91792.19,2100.21,71237.14,2421940.87,122924.05,0.00,7202.56,0.00,0.00,1200.07,0.00,1500.12
752.907,92599.12,4100.79,75566.79,2557087.95,122316.92,0.00,6101.84,0.00,100.00,900.04,0.00,2100.23
753.053,97744.59,4000.75,72747.29,2487752.01,134668.50,0.00,6201.90,0.00,0.00,1000.05,0.00,1400.10
753.199,96432.76,4000.75,78387.03,2588536.00,133047.79,0.00,6402.02,0.00,100.00,800.03,0.00,600.02
753.345,98652.88,4000.75,79595.94,2643563.73,139937.55,0.00,7402.70,100.00,0.00,1100.06,0.00,1100.06
753.491,92498.23,5601.47,78991.47,2533917.63,135377.65,0.00,6402.02,0.00,0.00,1000.05,0.00,1600.13
753.637,96937.29,3200.48,78689.25,2469543.02,139734.84,0.00,5601.55,0.00,0.00,1300.09,0.00,1900.19
753.783,97542.76,3500.57,69223.94,2592411.78,134871.11,0.00,7302.63,0.00,100.00,800.03,0.00,1300.09
753.929,105921.89,3600.61,72646.60,2505434.82,121608.67,0.00,8103.24,0.00,100.00,1100.06,0.00,1200.07
754.075,90581.94,3100.45,73552.78,2457957.87,132946.51,0.00,7402.70,0.00,0.00,300.00,0.00,1200.07
754.221,101378.17,3700.64,73854.86,2660645.18,142674.47,0.00,8103.24,0.00,0.00,800.03,0.00,1400.10
754.367,90481.09,3300.51,66707.98,2431070.37,136593.44,100.00,5901.72,0.00,0.00,800.03,0.00,900.04
754.513,99763.09,1900.17,72948.65,2541268.03,130617.19,0.00,6402.02,200.00,0.00,700.03,0.00,900.04
754.659,96029.15,2500.29,81812.62,2576057.09,124745.57,0.00,5501.49,0.00,0.00,200.00,0.00,700.03
754.805,97441.85,3100.45,72042.52,2558207.28,137505.35,0.00,6502.09,0.00,0.00,600.02,0.00,2400.30
754.951,88161.84,3600.61,72445.23,2501216.66,129098.35,0.00,6201.90,0.00,0.00,500.01,0.00,900.04
755.097,105012.99,3000.42,75566.79,2477344.59,128490.87,0.00,6602.15,0.00,0.00,700.03,0.00,1800.17
755.243,89371.83,2500.29,74156.95,2525807.09,134263.30,0.00,4200.87,0.00,0.00,800.03,0.00,1800.17
755.389,99864.02,2300.25,75667.51,2530334.24,131629.87,0.00,7302.63,0.00,0.00,800.03,100.00,2200.25
755.535,98350.11,2800.37,75163.95,2539981.70,146730.45,0.00,7502.78,0.00,0.00,700.03,0.00,900.04
755.681,96130.05,2200.23,78689.25,2551850.84,142877.21,0.00,8303.40,0.00,0.00,500.01,0.00,1600.13
755.827,99056.57,3100.45,80804.98,2511523.88,136897.39,0.00,6602.15,0.00,0.00,700.03,0.00,1600.13
755.973,101277.22,2500.29,82215.70,2760635.61,135580.26,0.00,8203.32,0.00,0.00,500.01,0.00,800.03
756.119,94313.99,2500.29,77581.17,2573584.63,133149.09,100.00,8503.57,100.00,0.00,600.02,0.00,800.03
756.265,96432.76,3400.54,80401.95,2664963.54,135478.95,0.00,7602.85,0.00,0.00,600.02,0.00,1500.12
756.411,97340.93,2900.39,75667.51,2527753.18,136492.11,0.00,5801.66,0.00,0.00,600.02,0.00,1300.09
756.557,95726.45,3700.64,69123.30,2487877.20,131629.87,0.00,6502.09,0.00,0.00,900.04,0.00,900.04
756.704,93204.32,2800.37,78185.57,2510362.75,134263.30,0.00,6702.22,0.00,0.00,600.02,0.00,1400.10
756.850,98753.79,2400.27,83727.40,2610712.56,142471.70,0.00,5901.72,100.00,0.00,700.03,0.00,900.04
756.996,95221.97,3500.57,77178.27,2557823.10,138316.02,0.00,6702.22,100.00,0.00,1100.06,0.00,1400.10
757.142,97038.20,3400.54,69626.55,2737281.51,139025.42,0.00,7302.63,0.00,0.00,1300.09,0.00,1200.07
757.288,93506.96,13308.28,79192.96,2522090.10,136998.72,0.00,7402.70,0.00,0.00,1300.09,0.00,1700.15
757.434,97643.67,5301.32,73250.72,2395846.93,139532.16,0.00,9804.74,0.00,0.00,1300.09,0.00,1700.15
757.580,101075.32,3100.45,80603.46,2538427.99,136289.48,0.00,7502.78,0.00,100.00,900.04,0.00,1500.12
757.726,94414.88,4701.03,84936.89,2615674.08,142877.21,0.00,6702.22,0.00,100.00,500.01,0.00,1700.15
757.872,100166.84,3400.54,78890.73,2560520.96,140038.92,0.00,7803.00,0.00,0.00,1100.06,0.00,2400.30
758.018,101176.28,4400.91,77984.10,2559886.19,131022.24,0.00,6101.84,100.00,0.00,400.01,100.00,1200.07
758.164,90682.79,5001.17,77178.27,2452010.60,137302.69,0.00,8103.24,0.00,100.00,700.03,0.00,1400.10
758.310,102286.75,4200.83,77681.91,2538135.60,128187.16,0.00,6802.28,0.00,100.00,1400.10,0.00,1600.13
758.456,97845.51,6101.74,81913.39,2606970.57,141559.35,100.00,7702.93,0.00,0.00,1400.10,0.00,1800.17
758.602,97441.85,4300.86,70230.49,2491970.17,138316.02,0.00,8403.48,0.00,0.00,1200.07,0.00,2400.30
758.748,94414.88,4500.95,80502.70,2553880.53,140444.34,0.00,7502.78,0.00,0.00,800.03,0.00,1100.06
758.894,96836.38,3800.68,81611.09,2436792.05,131933.71,100.00,6602.15,0.00,0.00,1300.09,0.00,1700.15
759.040,100166.84,4901.12,81107.25,2536799.28,140849.77,0.00,7402.70,0.00,0.00,1300.09,0.00,2500.32
759.186,99056.57,4400.91,79998.93,2609359.43,138518.69,0.00,9004.00,0.00,100.00,1100.06,0.00,1500.12
759.332,99864.02,5501.42,84432.92,2490917.63,139430.80,0.00,7502.78,100.00,0.00,800.03,0.00,1100.06
759.478,96432.76,5801.57,80603.46,2597724.08,138924.08,0.00,8203.32,0.00,200.00,1700.15,100.00,1900.19
759.624,97542.76,5301.32,79192.96,2522591.27,140342.98,200.00,8803.82,0.00,0.00,1800.17,0.00,1800.17
759.770,93103.46,5701.52,83828.18,2572139.71,149773.50,0.00,7102.49,0.00,0.00,1000.05,0.00,1900.19
759.916,106729.85,5901.63,76473.22,2545845.17,132642.65,0.00,8703.73,0.00,0.00,900.04,0.00,2000.21
760.062,101176.28,5901.63,77480.44,2559293.22,132136.25,0.00,9004.00,0.00,0.00,700.03,0.00,1900.19
760.208,97643.67,5101.22,79595.94,2577293.22,134060.71,0.00,7702.93,0.00,300.00,1200.07,0.00,1800.17
760.354,103296.39,5001.17,74559.73,2507305.72,134263.30,0.00,8803.82,0.00,100.00,400.01,0.00,1800.17
760.500,95322.87,6802.17,86549.80,2577009.24,142370.33,0.00,9004.00,0.00,100.00,400.01,100.00,1200.07
760.646,89472.66,4300.86,85037.70,2439815.68,136593.44,0.00,7602.85,0.00,0.00,500.01,0.00,2400.30
760.792,97744.59,4200.83,78789.98,2513344.78,143789.71,0.00,10405.34,0.00,0.00,800.03,0.00,2000.21
760.938,92397.37,4200.83,81611.09,2394335.01,136897.39,100.00,7102.49,0.00,300.00,600.02,100.00,1200.07
761.084,89472.66,4300.86,82921.13,2451793.41,133351.66,0.00,8303.40,100.00,0.00,400.01,0.00,1400.10
761.230,95322.87,3600.61,81913.39,2575280.33,138214.69,0.00,8003.16,0.00,0.00,400.01,0.00,2000.21
761.376,94717.52,2600.32,78387.03,2512434.24,127377.29,0.00,7102.49,0.00,0.00,500.01,0.00,1700.15
761.522,96230.95,5701.52,74257.64,2494492.63,136593.44,0.00,8203.32,0.00,0.00,1500.11,0.00,1300.09
761.668,96432.76,3500.57,84735.31,2646094.79,142775.86,0.00,8103.24,0.00,100.00,400.01,0.00,2000.21
761.814,96130.05,3400.54,77782.63,2556845.76,143891.12,0.00,7803.00,100.00,100.00,800.03,0.00,1300.09
761.960,102387.73,4100.79,76775.37,2548083.85,143080.00,0.00,7803.00,0.00,0.00,1100.06,0.00,1600.13
762.106,103397.37,4500.95,79293.70,2406012.16,135782.89,100.00,10405.34,0.00,0.00,300.00,0.00,2100.23
762.252,100570.60,3900.71,85642.50,2593489.12,140748.43,0.00,8203.32,0.00,0.00,500.01,0.00,1600.13
762.398,97744.59,5701.52,80804.98,2489430.92,136796.06,0.00,8103.24,0.00,100.00,1000.05,0.00,2000.21
762.544,93809.59,5701.52,81006.50,2507522.91,133756.83,0.00,8703.73,0.00,0.00,1100.06,0.00,600.02
762.690,90682.79,6001.68,80804.98,2567503.96,144702.25,0.00,8503.57,0.00,100.00,1400.10,0.00,2100.23
762.836,94011.35,4500.95,74660.43,2434753.96,134263.30,0.00,9304.27,0.00,0.00,1500.11,0.00,1800.17
762.983,96533.67,5101.22,76473.22,2372409.23,134567.20,0.00,7102.49,0.00,0.00,1000.05,0.00,2100.23
763.129,99258.43,4300.86,84332.12,2527210.21,133351.66,0.00,8303.40,0.00,0.00,100.00,200.00,1800.17
763.275,102589.64,2800.37,78084.83,2641225.06,136289.48,0.00,9504.45,0.00,100.00,700.03,0.00,2500.32
763.421,105315.96,3600.61,83828.18,2550364.12,140342.98,0.00,9104.09,0.00,100.00,600.02,0.00,2000.21
763.567,93002.58,4300.86,75868.92,2434144.20,135377.65,100.00,8403.48,200.00,0.00,800.03,0.00,1500.12
763.713,98551.95,3800.68,80804.98,2499571.15,143282.75,0.00,8503.57,100.00,100.00,900.04,0.00,1500.12
763.859,99864.02,3300.51,76473.22,2452386.58,139228.10,0.00,8603.65,0.00,0.00,1200.07,0.00,1800.17
764.005,105618.90,3100.45,81208.03,2433542.83,136086.82,0.00,7002.42,0.00,0.00,600.02,0.00,1400.10
764.151,102892.54,3600.61,75969.63,2486649.47,136897.39,0.00,8403.48,200.00,0.00,500.01,0.00,1500.12
764.297,104003.19,3500.57,76171.06,2495227.79,143282.75,0.00,8303.40,0.00,0.00,800.03,0.00,1500.12
764.443,94011.35,5101.22,76271.77,2402361.97,126263.80,0.00,9504.45,0.00,0.00,400.01,0.00,2100.23
764.589,90077.71,3100.45,74761.13,2402328.57,152817.41,0.00,9004.00,0.00,0.00,500.01,0.00,2400.30
764.735,91691.33,3300.51,75466.08,2434077.40,139734.84,0.00,9004.00,0.00,0.00,500.01,0.00,2000.21
764.881,95322.87,1900.17,80401.95,2419952.98,132642.65,0.00,9204.18,0.00,0.00,500.01,0.00,1500.12
765.027,108851.08,2800.37,80200.44,2510588.34,139633.50,0.00,8903.91,0.00,100.00,600.02,0.00,1400.10
765.173,103599.28,3200.48,78084.83,2441185.60,141052.49,100.00,8803.82,0.00,0.00,200.00,0.00,1300.09
765.319,101781.98,3400.54,82114.92,2525322.52,133756.83,0.00,7202.56,0.00,0.00,300.00,0.00,1300.09
765.465,97542.76,3500.57,69928.52,2549979.94,146527.63,0.00,8603.65,0.00,0.00,300.00,0.00,2500.32
765.611,96130.05,2300.25,78789.98,2519901.62,145209.29,0.00,6101.84,0.00,0.00,500.01,0.00,1500.12
765.757,99157.51,3700.64,77178.27,2455627.40,143080.00,0.00,6502.09,0.00,100.00,700.03,0.00,1600.13
765.903,99359.35,7702.78,67613.67,2397525.83,143789.71,0.00,8603.65,0.00,100.00,600.02,0.00,1500.12
766.049,88867.65,3900.71,71941.84,2373653.76,138822.73,100.00,7502.78,0.00,0.00,500.01,0.00,1800.17
766.195,99359.35,3100.45,73452.08,2410480.91,132743.95,0.00,8403.48,0.00,0.00,700.03,0.00,1300.09
766.341,102387.73,2900.39,81208.03,2539806.31,136998.72,0.00,8803.82,0.00,0.00,600.02,0.00,1500.12
766.487,94717.52,3100.45,71337.81,2527761.58,136492.11,0.00,8303.40,0.00,0.00,500.01,0.00,1300.09
766.633,95121.08,3400.54,71841.16,2462426.62,135478.95,0.00,9904.84,100.00,0.00,600.02,0.00,2200.25
766.779,94919.31,3700.64,73250.72,2520636.78,140444.34,0.00,9404.36,0.00,0.00,700.03,0.00,1800.17
766.925,102993.51,4100.79,74559.73,2514514.12,143688.30,100.00,8303.40,100.00,0.00,600.02,0.00,2400.30
767.071,101479.12,3200.48,72344.56,2463186.58,140647.06,0.00,8803.82,0.00,0.00,700.03,0.00,2200.25
767.217,94919.31,3200.48,74358.33,2431496.34,146324.80,0.00,10805.76,0.00,0.00,800.03,0.00,1400.10
767.363,97946.42,2700.34,76070.34,2439222.71,145919.12,0.00,9104.09,0.00,0.00,1200.07,0.00,1500.12
767.509,104104.15,2400.27,69928.52,2452019.00,134769.79,100.00,9204.18,0.00,0.00,1200.07,100.00,2000.21
767.655,97240.02,2600.32,74761.13,2462652.01,134162.01,0.00,9804.74,0.00,100.00,1000.05,0.00,1800.17
767.801,96331.86,6101.74,72747.29,2431354.35,137201.36,0.00,10205.14,0.00,0.00,1100.06,100.00,1500.12
767.947,102993.51,4701.03,76473.22,2548016.85,150788.03,0.00,8303.40,0.00,0.00,1000.05,0.00,1500.12
768.093,102185.81,4200.83,69827.86,2396941.07,140342.98,0.00,8503.57,0.00,0.00,1400.10,0.00,2100.23
768.239,98148.26,4000.75,69123.30,2478781.11,131123.51,0.00,9704.64,0.00,0.00,800.03,0.00,1600.13
768.385,90077.71,3300.51,66909.24,2452378.18,133351.66,0.00,8103.24,0.00,0.00,500.01,0.00,1500.12
768.531,101681.03,4300.86,75466.08,2466452.59,145006.46,0.00,8003.16,0.00,0.00,500.01,100.00,1500.12
768.677,101781.98,5101.22,70431.82,2501784.63,134871.11,0.00,8603.65,0.00,100.00,1000.05,0.00,1300.09
768.823,98148.26,3500.57,75466.08,2351502.20,128592.13,0.00,7903.08,100.00,0.00,500.01,0.00,1700.15
768.969,98350.11,4300.86,78890.73,2484878.57,143992.50,0.00,8103.24,0.00,0.00,900.04,0.00,1400.10
769.116,93708.69,3700.64,75566.79,2485471.74,147541.82,0.00,7602.85,0.00,0.00,700.03,0.00,1600.13
769.262,93002.58,3100.45,77681.91,2422968.22,144499.47,0.00,8503.57,0.00,0.00,800.03,0.00,1900.19
769.408,88665.99,4701.03,71035.80,2376293.22,139532.16,0.00,7702.93,0.00,0.00,600.02,0.00,2600.35
769.554,96130.05,4100.79,67714.31,2415258.65,134060.71,0.00,8103.24,0.00,0.00,500.01,0.00,1800.17
769.700,93305.21,3800.68,70733.80,2523167.63,132338.80,0.00,8203.32,0.00,0.00,200.00,0.00,1900.19
769.846,98955.63,3900.71,70331.15,2358994.58,135175.03,0.00,7602.85,0.00,0.00,1100.06,0.00,2300.27
769.992,95726.45,5301.32,69827.86,2371122.90,127276.03,0.00,8403.48,100.00,0.00,1200.07,0.00,1700.15
770.138,97139.11,4000.75,71337.81,2433334.04,149570.60,100.00,7803.00,0.00,100.00,1600.13,0.00,1700.15
770.284,89674.34,4300.86,75868.92,2508633.85,141356.61,0.00,9204.18,0.00,100.00,1400.10,0.00,2000.21
770.430,104205.14,20018.74,83425.03,2493933.06,142066.19,0.00,8803.82,0.00,0.00,1100.06,0.00,1400.10
770.576,94515.77,3700.64,77883.36,2486941.85,140444.34,0.00,10004.94,0.00,0.00,1300.09,0.00,2700.38
770.722,100873.43,4100.79,70129.84,2477620.17,132541.37,0.00,8103.24,0.00,200.00,1900.18,0.00,2200.25
770.868,98249.18,4400.91,79595.94,2518824.08,132845.22,0.00,9104.09,0.00,0.00,1700.15,0.00,1600.13
771.014,106325.88,3400.54,80502.70,2528930.92,145817.70,0.00,8303.40,0.00,0.00,1300.09,0.00,2000.21
771.160,102993.51,3000.42,74660.43,2451192.05,141153.86,0.00,9804.74,0.00,0.00,1200.07,0.00,2400.30
771.306,95625.56,3700.64,79394.44,2473736.19,145614.91,0.00,7102.49,100.00,0.00,800.03,0.00,1700.15
771.452,102488.69,2800.37,74962.54,2590557.48,141964.83,0.00,10305.24,0.00,0.00,800.03,0.00,2100.23
771.598,106224.86,4300.86,74459.03,2541184.43,141762.08,100.00,7702.93,0.00,0.00,1000.05,0.00,2000.21
771.744,90581.94,4500.95,75063.25,2433960.41,137606.69,0.00,9404.36,0.00,0.00,400.01,0.00,2200.25
771.890,98955.63,4000.75,75667.51,2514129.94,150179.29,0.00,8003.16,0.00,0.00,700.03,0.00,1700.15
772.036,98551.95,2100.21,75163.95,2412677.59,137910.67,0.00,8203.32,0.00,0.00,1400.10,0.00,1400.10
772.182,98854.72,3000.42,78789.98,2407164.90,136593.44,0.00,8703.73,0.00,0.00,1200.07,0.00,1500.12
772.328,92195.63,4000.75,74962.54,2397601.03,137606.69,0.00,8003.16,0.00,0.00,1100.06,0.00,1200.07
772.474,90077.71,4701.03,74459.03,2383084.04,134567.20,0.00,9304.27,0.00,0.00,800.03,0.00,1700.15
772.620,100772.48,5501.42,75163.95,2513127.60,138113.36,0.00,8003.16,0.00,0.00,1900.18,0.00,1700.15
772.766,99964.96,5201.27,79394.44,2563060.21,136897.39,100.00,7702.93,0.00,0.00,500.01,0.00,1500.12
772.912,99964.96,11506.19,71639.83,2669925.06,134972.42,0.00,7903.08,0.00,100.00,900.04,0.00,1100.06
773.058,97240.02,7402.56,72847.96,2483358.45,140444.34,0.00,8803.82,0.00,0.00,1000.05,0.00,1700.15
773.204,96331.86,9604.31,72042.52,2372008.26,140849.77,0.00,8603.65,0.00,0.00,1000.05,0.00,2200.25
773.350,100166.84,8503.38,73653.47,2410706.50,131326.06,0.00,9804.74,0.00,0.00,900.04,0.00,2400.30
773.496,93910.46,5801.57,81812.62,2429157.67,132440.10,0.00,9904.84,0.00,0.00,700.03,0.00,1700.15
773.642,93204.32,12907.79,75365.37,2387535.99,129705.85,0.00,7102.49,0.00,0.00,1100.06,0.00,1900.19
773.788,95928.26,3800.68,77178.27,2353816.07,134871.11,0.00,9504.45,200.00,0.00,200.00,0.00,1900.19
773.934,93103.46,4200.83,77278.99,2375574.86,127680.97,0.00,8903.91,0.00,0.00,1100.06,0.00,2100.23
774.080,98047.35,5901.63,73854.86,2444200.84,129807.11,0.00,9604.55,0.00,0.00,1400.10,100.00,1800.17
774.226,90884.49,4400.91,76775.37,2311576.22,134060.71,0.00,7302.63,0.00,0.00,1000.05,0.00,1900.19
774.372,93204.32,8403.30,73653.47,2405168.61,140647.06,0.00,10205.14,0.00,0.00,1100.06,0.00,1400.10
774.518,97038.20,5201.27,72847.96,2374238.33,132642.65,100.00,8803.82,0.00,0.00,1100.06,0.00,1800.17
774.664,95827.36,4200.83,72847.96,2471338.92,129604.62,0.00,10004.94,0.00,0.00,1800.17,0.00,2000.21
774.810,99662.17,5601.47,83626.61,2445169.78,132743.95,0.00,7502.78,0.00,0.00,1800.17,0.00,1800.17
774.956,93607.82,5001.17,77178.27,2432657.48,130617.19,0.00,9504.45,0.00,100.00,1800.17,0.00,1400.10
775.102,96533.67,6301.86,78487.76,2424956.11,136593.44,0.00,11005.97,0.00,0.00,2100.22,0.00,1800.17
775.249,95121.08,5401.36,81711.84,2507222.13,134871.11,100.00,9504.45,0.00,200.00,1800.17,0.00,2100.23
775.395,93607.82,4400.91,80804.98,2430009.62,133756.83,0.00,9704.64,200.00,0.00,1700.15,0.00,2100.23
775.541,103397.37,4600.99,83425.03,2458024.66,131123.51,0.00,9604.55,0.00,0.00,1300.09,0.00,2600.35
775.687,95423.78,4901.12,83122.68,2470094.39,129705.85,0.00,8803.82,0.00,0.00,1600.13,0.00,1800.17
775.833,92901.72,8503.38,80804.98,2453489.12,132338.80,0.00,9004.00,0.00,100.00,1200.07,0.00,1600.13
775.979,97038.20,6702.10,75667.51,2370914.12,131933.71,0.00,7903.08,0.00,0.00,1200.07,0.00,1200.07
776.125,98753.79,8003.00,77883.36,2361417.04,135782.89,0.00,8503.57,100.00,100.00,1600.13,0.00,1200.07
776.271,97441.85,6401.92,83425.03,2449354.55,132743.95,0.00,10305.24,0.00,0.00,2100.22,100.00,1700.15
776.417,97240.02,7402.56,81409.55,2341955.13,129807.11,0.00,10205.14,100.00,100.00,2500.32,0.00,1400.10
776.563,90481.09,5301.32,81611.09,2461432.48,133554.21,0.00,8303.40,0.00,100.00,1200.07,0.00,2000.21
776.709,93204.32,7102.36,70532.47,2492847.13,132541.37,0.00,9704.64,100.00,0.00,1500.11,100.00,2000.21
776.855,95524.67,5401.36,79394.44,2472349.66,132440.10,0.00,7202.56,100.00,0.00,1700.15,0.00,2600.35
777.001,95020.20,4200.83,71639.83,2474454.55,140545.69,0.00,6902.35,0.00,100.00,1200.07,0.00,2600.35
777.147,101479.12,4200.83,83425.03,2486549.27,139532.16,200.00,8403.48,0.00,100.00,900.04,0.00,1400.10
777.293,100368.72,3900.71,83021.91,2416787.16,142573.10,0.00,9104.09,0.00,0.00,1200.07,0.00,1800.17
777.439,102286.75,4300.86,87053.87,2461081.70,138721.39,0.00,8703.73,0.00,0.00,1100.06,100.00,1800.17
777.585,98551.95,3700.64,89877.14,2495737.17,130819.72,0.00,7502.78,0.00,0.00,1600.13,0.00,1700.15
777.731,92699.97,4500.95,83223.46,2482072.13,131427.35,0.00,9504.45,0.00,0.00,1300.09,0.00,1700.15
777.877,97845.51,3600.61,79797.43,2429307.87,130819.72,0.00,7702.93,0.00,0.00,1200.07,0.00,2300.27
778.023,94213.11,5701.52,84130.56,2534059.63,137505.35,0.00,7602.85,0.00,0.00,900.04,0.00,2100.23
778.169,91187.05,4701.03,91389.91,2489029.94,144702.25,0.00,9004.00,0.00,200.00,1200.07,0.00,1600.13
778.315,90380.25,8003.00,81611.09,2388404.55,136796.06,0.00,9704.64,100.00,0.00,1600.13,0.00,1100.06
778.461,96432.76,6802.17,85944.93,2370487.94,129604.62,0.00,10405.34,100.00,200.00,1100.06,0.00,2000.21
778.607,94011.35,7802.85,81208.03,2386149.47,131123.51,0.00,9004.00,0.00,0.00,1200.07,100.00,1500.12
778.753,99157.51,11606.30,88667.07,2447199.47,130515.92,0.00,9104.09,100.00,0.00,1700.15,0.00,1400.10
778.899,90783.66,15310.96,96030.42,2528103.96,132541.37,0.00,11706.76,0.00,0.00,3400.59,0.00,2800.41
779.045,103094.46,11806.52,85844.12,2489272.13,125656.47,0.00,9704.64,100.00,0.00,1700.15,0.00,1700.15
779.191,100974.39,7602.70,86650.61,2491185.02,137302.69,0.00,9404.36,0.00,0.00,1200.07,100.00,2200.25
779.337,94414.88,6602.04,95929.53,2496380.33,135580.26,100.00,8103.24,0.00,0.00,1500.11,0.00,3200.53
779.483,97340.93,5001.17,87457.15,2533466.46,135377.65,0.00,8603.65,0.00,0.00,1100.06,0.00,2700.38
779.629,97643.67,5501.42,87658.79,2553529.74,137606.69,0.00,7402.70,0.00,100.00,1400.10,0.00,2200.25
779.775,97441.85,5601.47,87356.33,2399271.54,134465.91,0.00,7702.93,0.00,100.00,600.02,0.00,1600.13
779.921,98148.26,4701.03,85239.30,2583156.89,133858.11,0.00,8803.82,0.00,100.00,2800.40,0.00,1300.09
780.067,100368.72,3900.71,86953.05,2509828.18,140849.77,0.00,11005.97,0.00,0.00,1900.18,0.00,1300.09
780.213,103094.46,4500.95,95727.72,2540165.29,140647.06,0.00,7702.93,0.00,100.00,1400.10,0.00,1900.19
780.359,94919.31,49112.61,88062.09,2431529.74,142877.21,100.00,6602.15,0.00,0.00,1400.10,0.00,1600.13
780.505,94515.77,6602.04,86650.61,2480685.60,135580.26,0.00,7602.85,200.00,0.00,2600.34,0.00,2400.30
780.651,103397.37,5501.42,90683.93,2490107.48,134060.71,0.00,9704.64,0.00,0.00,2100.22,0.00,2200.25
780.797,104811.03,6001.68,95525.94,2584743.81,134060.71,0.00,9004.00,0.00,100.00,1500.11,0.00,2300.27
780.943,95928.26,6902.23,95727.72,2620234.63,153324.82,0.00,10105.04,100.00,0.00,1200.07,0.00,2500.32
781.089,98551.95,6001.68,93609.04,2535212.17,135580.26,0.00,9204.18,100.00,0.00,1500.11,0.00,1800.17
781.235,98148.26,4200.83,95021.45,2551633.65,144600.85,0.00,11606.64,0.00,0.00,800.03,0.00,1400.10
781.381,93002.58,4400.91,93810.80,2348603.96,130313.42,0.00,8803.82,0.00,0.00,1600.13,0.00,1600.13
781.528,94112.23,3300.51,94214.35,2427010.99,133351.66,0.00,7202.56,100.00,0.00,2000.20,0.00,2300.27
781.674,101983.89,4200.83,88263.75,2492128.77,139228.10,0.00,7202.56,100.00,100.00,1300.09,0.00,2200.25
781.820,98249.18,3900.71,89977.98,2591726.82,145006.46,0.00,9504.45,0.00,0.00,900.04,0.00,1900.19
781.966,100772.48,4801.08,96837.69,2517095.17,136188.15,0.00,8203.32,0.00,0.00,1500.11,0.00,1900.19
782.112,100671.54,4400.91,94617.89,2556728.77,132237.52,0.00,8303.40,0.00,0.00,1000.05,100.00,2100.23
782.258,91893.05,4400.91,101581.50,2659041.47,148353.30,0.00,9004.00,100.00,100.00,1100.06,100.00,1600.13
782.404,105315.96,7102.36,96938.59,2598559.24,137404.02,0.00,7903.08,0.00,0.00,1700.15,0.00,1400.10
782.550,101176.28,46400.52,86448.98,2442914.51,139329.46,0.00,9004.00,0.00,0.00,500.01,0.00,2500.32
782.696,93506.96,8903.71,89070.42,2466277.20,133351.66,200.00,10004.94,0.00,100.00,800.03,0.00,2000.21
782.842,103700.26,4400.91,85037.70,2510914.12,129098.35,0.00,8303.40,0.00,0.00,500.01,0.00,1800.17
782.988,94213.11,4300.86,93205.53,2407607.48,132136.25,0.00,8503.57,0.00,0.00,300.00,0.00,1700.15
783.134,100873.43,3000.42,92398.56,2450682.67,120192.28,0.00,6301.96,0.00,0.00,600.02,0.00,2300.27
783.280,98854.72,2900.39,97039.50,2404742.63,129604.62,100.00,9204.18,0.00,0.00,600.02,100.00,2800.41
783.426,97845.51,4400.91,89272.09,2417563.92,137606.69,0.00,8703.73,0.00,0.00,700.03,0.00,1900.19
783.572,97542.76,4300.86,103499.82,2430235.02,131832.42,0.00,7602.85,0.00,0.00,600.02,0.00,2100.23
783.718,101781.98,5901.63,101783.41,2434069.00,125858.90,0.00,8803.82,0.00,0.00,1000.05,0.00,2200.25
783.864,99460.28,4200.83,96131.33,2432373.49,132440.10,0.00,8703.73,0.00,0.00,500.01,0.00,1900.19
784.010,93506.96,3700.64,90683.93,2487860.60,132541.37,100.00,10105.04,0.00,0.00,800.03,0.00,1800.17
784.156,90682.79,4701.03,86146.54,2362903.76,129300.86,0.00,8403.48,0.00,0.00,800.03,0.00,2900.43
784.302,93506.96,4200.83,83324.26,2412702.79,124745.57,0.00,8303.40,200.00,0.00,1000.05,0.00,1600.13
784.448,94112.23,3200.48,89372.93,2355661.97,129807.11,0.00,10705.65,100.00,200.00,700.03,0.00,2500.32
784.594,93204.32,2800.37,92600.30,2428464.31,131123.51,0.00,7202.56,0.00,0.00,1600.13,0.00,1700.15
784.740,98451.03,3500.57,89372.93,2385188.92,127478.51,0.00,8603.65,0.00,0.00,400.01,0.00,2100.23
784.886,88565.15,4801.08,92095.96,2290051.22,122418.11,0.00,9104.09,0.00,0.00,700.03,0.00,1900.19
785.032,94717.52,4701.03,88465.41,2476609.43,125858.90,0.00,8103.24,0.00,0.00,1000.05,0.00,2800.41
785.178,91287.92,4801.08,96635.86,2465157.87,125858.90,0.00,8903.91,0.00,0.00,1100.06,0.00,1700.15
785.324,105921.89,3300.51,95626.83,2550973.89,127782.21,100.00,7402.70,0.00,0.00,800.03,0.00,2500.32
785.470,97340.93,2600.32,88667.07,2395337.36,119787.65,0.00,8603.65,0.00,0.00,1400.10,0.00,2500.32
785.616,91287.92,3300.51,92802.03,2368625.44,131224.80,0.00,8203.32,0.00,0.00,500.01,0.00,2500.32
785.762,91086.19,3600.61,94517.00,2352212.16,123834.77,0.00,8603.65,100.00,600.02,1200.07,0.00,2500.32
785.908,102589.64,3100.45,99360.73,2470988.14,122013.38,100.00,9304.27,0.00,0.00,1000.05,0.00,1900.19
786.054,101075.32,3700.64,102591.10,2536849.28,128490.87,0.00,7702.93,0.00,0.00,1200.07,0.00,2100.23
786.200,103094.46,3200.48,97241.33,2428347.32,124441.97,0.00,9904.84,0.00,0.00,400.01,0.00,2600.35
786.346,88262.67,4500.95,98755.14,2386750.83,122013.38,0.00,8003.16,0.00,0.00,1300.09,100.00,1400.10
786.492,85742.29,3800.68,87961.28,2291588.14,127883.45,0.00,7803.00,0.00,0.00,900.04,0.00,1900.19
786.638,100873.43,3800.68,89272.09,2373202.59,123227.62,0.00,9204.18,0.00,100.00,400.01,0.00,2300.27
786.784,93809.59,3200.48,91692.49,2433267.24,125960.11,0.00,8303.40,0.00,100.00,700.03,0.00,2400.30
786.930,94717.52,4100.79,90179.68,2444576.81,122519.28,0.00,8603.65,0.00,0.00,700.03,0.00,1900.19
787.076,99964.96,4901.12,89070.42,2454650.05,125049.21,0.00,7202.56,0.00,0.00,1300.09,0.00,2200.25
787.222,100974.39,5001.17,95425.03,2563344.20,124239.59,0.00,8703.73,0.00,0.00,900.04,0.00,1600.13
787.368,93406.09,4200.83,99158.86,2399012.55,123531.18,0.00,7702.93,0.00,0.00,600.02,0.00,1500.12
787.514,93305.21,4000.75,86549.80,2446815.29,122721.66,0.00,8703.73,0.00,0.00,1100.06,0.00,2800.41
787.661,95726.45,4400.91,91793.36,2490324.67,126972.37,0.00,10705.65,0.00,0.00,500.01,0.00,2900.43
787.807,99359.35,4500.95,90078.84,2459569.98,126769.91,0.00,8103.24,0.00,0.00,1000.05,0.00,2200.25
787.953,97643.67,4200.83,93609.04,2471046.54,128085.93,0.00,8003.16,0.00,0.00,1200.07,0.00,2600.35
788.099,100772.48,3800.68,88667.07,2473260.02,123328.80,0.00,9604.55,0.00,0.00,1500.11,0.00,2300.27
788.245,96432.76,6802.17,90482.23,2518857.48,124239.59,0.00,8403.48,0.00,0.00,900.04,0.00,1900.19
788.391,89270.98,3000.42,85944.93,2444985.99,131731.16,0.00,9004.00,0.00,0.00,400.01,0.00,1800.17
788.537,97845.51,4000.75,87961.28,2441219.00,119888.82,0.00,10004.94,0.00,0.00,600.02,0.00,2100.23
788.683,101075.32,4000.75,92701.16,2469860.41,129199.61,0.00,10004.94,0.00,0.00,500.01,0.00,1400.10
788.829,98753.79,3400.54,91490.78,2454909.04,130212.15,100.00,8603.65,0.00,100.00,800.03,0.00,2200.25
788.975,96230.95,5101.22,99461.67,2550748.30,144905.07,0.00,7102.49,0.00,0.00,1200.07,0.00,1600.13
789.121,94818.41,5001.17,97644.98,2651515.68,129807.11,100.00,10004.94,0.00,0.00,600.02,0.00,1900.19
789.267,95322.87,3100.45,88767.91,2563210.60,125960.11,0.00,9404.36,0.00,0.00,700.03,0.00,2400.30
789.413,100267.78,4701.03,92802.03,2530167.24,136492.11,0.00,7702.93,0.00,0.00,300.00,0.00,2900.43
789.559,99864.02,6902.23,89272.09,2368308.06,131629.87,100.00,7803.00,0.00,200.00,500.01,0.00,2400.30
789.705,99662.17,5801.57,96131.33,2423502.79,130920.96,100.00,8403.48,0.00,0.00,400.01,0.00,2500.32
789.851,97744.59,6401.92,90583.07,2452194.39,127883.45,0.00,8903.91,0.00,0.00,800.03,100.00,2300.27
789.997,95423.78,7102.36,95828.63,2402228.37,125150.42,0.00,8703.73,0.00,0.00,900.04,0.00,2500.32
790.143,96432.76,8203.15,86348.16,2400883.65,122418.11,0.00,7502.78,0.00,0.00,300.00,0.00,1500.12
790.289,91388.76,7602.70,92196.81,2428105.13,135478.95,0.00,7803.00,0.00,0.00,300.00,0.00,3300.56
790.435,96029.15,6602.04,90885.63,2422559.04,127478.51,0.00,8003.16,100.00,200.00,800.03,0.00,1200.07
790.581,88061.02,8303.23,88465.41,2336943.41,123531.18,0.00,9404.36,0.00,100.00,900.04,0.00,1700.15
790.727,93103.46,8103.07,88767.91,2298946.93,132743.95,0.00,7402.70,100.00,0.00,700.03,100.00,2800.41
790.873,94213.11,5601.47,82820.35,2359337.16,124340.76,0.00,6702.22,0.00,100.00,500.01,0.00,2200.25
791.019,95020.20,7202.43,91389.91,2411817.24,126061.36,0.00,9004.00,0.00,200.00,1800.17,0.00,1800.17
791.165,97845.51,7202.43,89675.45,2466460.99,130009.65,100.00,8303.40,0.00,0.00,400.01,0.00,1700.15
791.311,101176.28,8603.46,95626.83,2615206.31,141052.49,0.00,9304.27,100.00,200.00,800.03,0.00,2600.35
791.457,101479.12,5001.17,92600.30,2627969.20,142573.10,0.00,9904.84,0.00,0.00,900.04,0.00,2400.30
791.603,104508.07,6802.17,94214.35,2642311.00,138721.39,0.00,10205.14,0.00,100.00,800.03,0.00,2700.38
791.749,105921.89,5701.52,97039.50,2511473.69,145107.88,0.00,9304.27,0.00,100.00,1100.06,0.00,1500.12
791.895,107941.95,4400.91,91188.20,2569391.66,138721.39,0.00,11706.76,100.00,100.00,600.02,200.00,2400.30
792.041,104609.05,3600.61,90381.39,2585128.18,142370.33,100.00,11306.30,0.00,0.00,500.01,0.00,1900.19
792.187,101580.07,4600.99,88969.58,2519517.44,130920.96,0.00,8903.91,0.00,0.00,700.03,0.00,1900.19
792.333,102791.57,4400.91,87961.28,2583340.68,125656.47,0.00,9704.64,0.00,0.00,200.00,0.00,2300.27
792.479,95726.45,5501.42,83425.03,2562701.03,128389.64,0.00,7903.08,0.00,0.00,300.00,0.00,2100.23
792.625,106224.86,4000.75,82417.24,2442521.93,131731.16,100.00,9004.00,0.00,0.00,700.03,0.00,2100.23
792.771,101580.07,5001.17,84735.31,2465525.45,134060.71,100.00,9804.74,0.00,0.00,800.03,0.00,2000.21
792.917,95726.45,3700.64,81006.50,2443231.89,131629.87,0.00,7502.78,0.00,100.00,1100.06,0.00,2100.23
793.063,108345.99,3500.57,85440.90,2434712.16,129300.86,0.00,7803.00,0.00,100.00,900.04,0.00,1200.07
793.209,101075.32,4600.99,90179.68,2503463.53,136492.11,100.00,10105.04,0.00,0.00,800.03,100.00,2600.35
793.355,99258.43,5101.22,86045.73,2525756.89,130313.42,0.00,11005.97,0.00,0.00,900.04,0.00,2800.41
793.501,104407.09,3500.57,88767.91,2567812.95,136796.06,100.00,9904.84,0.00,100.00,1000.05,0.00,3100.50
793.647,101983.89,3000.42,86448.98,2497157.09,134871.11,0.00,8603.65,0.00,0.00,1100.06,0.00,1900.19
793.794,109053.12,3400.54,92196.81,2481261.97,133149.09,0.00,9404.36,0.00,200.00,500.01,0.00,2500.32
793.940,107032.86,2800.37,88364.58,2529624.28,137910.67,0.00,10004.94,0.00,0.00,1000.05,0.00,1600.13
794.086,105820.90,4600.99,89574.62,2542295.37,142066.19,100.00,10205.14,0.00,0.00,700.03,0.00,1900.19
794.232,108447.01,3500.57,86348.16,2542955.13,133250.37,0.00,8703.73,0.00,0.00,800.03,0.00,2500.32
794.378,105719.90,3700.64,90482.23,2585929.94,128187.16,0.00,10705.65,0.00,0.00,700.03,0.00,1500.12
794.524,99763.09,4500.95,86852.24,2586923.89,136390.77,0.00,10605.55,0.00,0.00,600.02,0.00,1800.17
794.670,107335.87,4000.75,81308.78,2510162.36,150280.75,0.00,8303.40,0.00,100.00,600.02,0.00,1900.19
794.816,105416.93,3100.45,83626.61,2484010.02,141863.46,100.00,10205.14,0.00,100.00,900.04,0.00,2400.30
794.962,102690.62,4300.86,76271.77,2514864.90,134263.30,0.00,9204.18,0.00,0.00,200.00,0.00,2200.25
795.108,96735.47,3200.48,79998.93,2444376.23,132034.99,0.00,8903.91,0.00,100.00,600.02,0.00,1700.15
795.254,98047.35,3600.61,78588.50,2497541.46,132845.22,0.00,10605.55,0.00,0.00,500.01,100.00,2200.25
795.400,99157.51,4400.91,82316.47,2459093.80,137910.67,0.00,8603.65,0.00,200.00,500.01,0.00,1500.12
795.546,95625.56,3900.71,74257.64,2533625.25,134668.50,0.00,8803.82,0.00,0.00,500.01,0.00,2100.23
795.692,106224.86,5001.17,84634.51,2494492.63,137302.69,0.00,8503.57,100.00,100.00,700.03,0.00,2000.21
795.838,102690.62,3500.57,82921.13,2461115.09,133250.37,0.00,9204.18,0.00,0.00,1100.06,0.00,2200.25
795.984,97038.20,2800.37,79192.96,2437677.40,133655.53,0.00,9404.36,0.00,0.00,400.01,0.00,1900.19
796.130,96735.47,3200.48,73754.16,2431947.32,141762.08,0.00,7602.85,0.00,0.00,300.00,0.00,1300.09
796.276,106022.88,3700.64,72545.91,2518239.51,134668.50,0.00,8203.32,0.00,0.00,700.03,0.00,2000.21
796.422,93506.96,4600.99,74861.84,2571346.15,133858.11,0.00,9904.84,0.00,0.00,800.03,0.00,2000.21
796.568,99763.09,8603.46,66707.98,2496012.95,130110.88,0.00,7302.63,0.00,0.00,1000.05,0.00,2100.23
796.714,104407.09,5101.22,70431.82,2434469.98,133554.21,0.00,8103.24,0.00,0.00,500.01,0.00,2500.32
796.860,99864.02,2000.19,71438.48,2447090.88,138113.36,0.00,8503.57,0.00,0.00,700.03,0.00,1300.09
797.006,97139.11,3400.54,72847.96,2373319.58,146223.36,0.00,8003.16,0.00,0.00,200.00,0.00,2000.21
797.152,97038.20,3000.42,70029.18,2429617.05,132845.22,100.00,8703.73,0.00,0.00,500.01,0.00,1300.09
797.298,95827.36,2800.37,67714.31,2402562.55,127174.81,100.00,6101.84,0.00,0.00,600.02,0.00,2000.21
797.444,98955.63,2600.32,70029.18,2515775.45,134465.91,0.00,8103.24,0.00,0.00,600.02,0.00,1300.09
797.590,98955.63,3800.68,65098.09,2452319.78,122924.05,0.00,8503.57,0.00,0.00,1300.09,100.00,1900.19
797.736,99258.43,3700.64,66204.87,2407791.26,138822.73,0.00,6702.22,0.00,0.00,700.03,0.00,1700.15
797.882,89270.98,3100.45,72445.23,2373662.16,129807.11,0.00,9304.27,0.00,100.00,1100.06,100.00,1300.09
798.028,96634.57,2900.39,75667.51,2515867.24,143992.50,0.00,9404.36,0.00,0.00,200.00,0.00,2000.21
798.174,90178.55,3800.68,74156.95,2424872.71,137606.69,0.00,7702.93,0.00,0.00,700.03,0.00,1100.06
798.320,96432.76,2300.25,72646.60,2419802.59,129199.61,0.00,6502.09,0.00,0.00,1000.05,0.00,2000.21
798.466,97441.85,6902.23,69123.30,2575881.70,125656.47,0.00,10305.24,0.00,0.00,700.03,0.00,1600.13
798.612,102185.81,3500.57,71237.14,2393341.07,131224.80,0.00,8103.24,0.00,0.00,1100.06,0.00,1600.13
798.758,103094.46,3100.45,75667.51,2455585.60,134871.11,0.00,7702.93,0.00,0.00,600.02,0.00,1300.09
798.904,101378.17,3000.42,71438.48,2592094.39,134972.42,0.00,8903.91,0.00,0.00,500.01,0.00,1700.15
799.050,110063.38,4701.03,76976.81,2457297.91,137606.69,0.00,8703.73,100.00,0.00,800.03,0.00,2800.41
799.196,109356.19,3700.64,75667.51,2438203.57,138316.02,0.00,9104.09,100.00,0.00,1200.07,0.00,1400.10
799.342,104710.04,3300.51,68922.00,2510187.36,138620.02,0.00,7302.63,0.00,0.00,1100.06,0.00,1500.12
799.488,112084.21,3100.45,73854.86,2534251.62,134364.60,0.00,7402.70,0.00,0.00,1300.09,0.00,2300.27
799.634,105820.90,2600.32,70230.49,2453739.70,133047.79,0.00,10405.34,0.00,0.00,800.03,0.00,1800.17
799.780,95928.26,2900.39,68821.36,2372400.83,126668.69,0.00,7903.08,0.00,100.00,900.04,0.00,1500.12
799.926,100772.48,3500.57,72847.96,2474170.56,137100.03,0.00,8103.24,0.00,0.00,1000.05,0.00,1600.13
800.073,101781.98,4701.03,68620.06,2519033.06,132845.22,0.00,8603.65,0.00,0.00,900.04,0.00,1900.19
800.219,105315.96,4600.99,74358.33,2552485.60,135985.50,0.00,7202.56,0.00,0.00,900.04,0.00,1600.13
800.365,106022.88,3600.61,75163.95,2674377.01,138316.02,100.00,7402.70,100.00,0.00,400.01,0.00,1100.06
800.511,107133.86,2800.37,68418.77,2522482.67,136796.06,0.00,8303.40,0.00,0.00,400.01,0.00,1600.13
800.657,101277.22,2900.39,71740.50,2504190.10,131326.06,0.00,9304.27,0.00,0.00,700.03,0.00,1900.19
800.803,102488.69,3100.45,75667.51,2513637.17,136188.15,0.00,9804.74,100.00,100.00,700.03,0.00,1800.17
800.949,101176.28,21421.45,64997.48,2499178.57,134465.91,0.00,7602.85,0.00,0.00,600.02,0.00,2400.30
801.095,110265.44,3900.71,75768.21,2458743.02,133452.93,0.00,6201.90,0.00,0.00,700.03,0.00,1200.07
801.241,104104.15,2700.34,70230.49,2568932.09,138316.02,0.00,9204.18,100.00,0.00,500.01,0.00,2000.21
801.387,104104.15,3000.42,69626.55,2539672.52,123227.62,0.00,8103.24,0.00,100.00,700.03,0.00,1200.07
801.533,100469.66,4300.86,72545.91,2642928.97,134871.11,0.00,6502.09,0.00,0.00,1000.05,0.00,1200.07
801.679,105012.99,5901.63,65198.70,2472057.28,132338.80,0.00,8003.16,0.00,0.00,200.00,0.00,900.04
801.825,106022.88,2600.32,75264.66,2539263.34,140444.34,0.00,8503.57,0.00,0.00,800.03,0.00,1000.05
801.971,105719.90,3300.51,62583.09,2419242.83,132136.25,0.00,7002.42,0.00,0.00,1000.05,0.00,1200.07
802.117,106022.88,2700.34,64997.48,2466819.98,132642.65,0.00,7202.56,0.00,0.00,600.02,0.00,1400.10
802.263,106022.88,2800.37,63488.42,2493991.46,131123.51,0.00,6702.22,100.00,0.00,500.01,0.00,700.03
802.409,108143.96,2400.27,68116.85,2548217.44,138518.69,0.00,7302.63,0.00,100.00,1200.07,0.00,1700.15
802.555,105719.90,4300.86,76674.65,2578562.95,129604.62,0.00,8803.82,0.00,100.00,1200.07,0.00,900.04
802.701,108851.08,3100.45,70029.18,2538486.58,129908.38,0.00,7502.78,0.00,0.00,800.03,0.00,2500.32
802.847,114711.87,7602.70,68217.49,2485638.73,130718.47,0.00,7202.56,100.00,0.00,1100.06,0.00,1600.13
802.993,97441.85,4300.86,67311.76,2483149.66,135175.03,0.00,6702.22,0.00,0.00,1800.17,0.00,1000.05
803.139,102791.57,3700.64,71740.50,2510312.75,136086.82,0.00,7602.85,100.00,0.00,1600.13,0.00,2000.21
803.285,108851.08,3400.54,74459.03,2565950.25,138113.36,0.00,7702.93,0.00,0.00,1200.07,0.00,1300.09
803.431,108447.01,5001.17,67311.76,2493239.70,135377.65,0.00,6101.84,0.00,0.00,800.03,0.00,1500.12
803.577,105214.96,3000.42,72847.96,2551892.64,132845.22,0.00,6402.02,0.00,100.00,1200.07,0.00,1400.10
803.723,101580.07,3700.64,72545.91,2576449.67,129705.85,0.00,8203.32,0.00,0.00,700.03,0.00,1800.17
803.869,100772.48,3400.54,71136.46,2445186.58,125656.47,0.00,6101.84,0.00,0.00,1000.05,0.00,1800.17
804.015,102993.51,5001.17,70733.80,2398962.55,126871.13,0.00,6602.15,0.00,0.00,1400.10,0.00,1100.06
804.161,105820.90,5201.27,75163.95,2426810.41,126365.01,0.00,6001.78,0.00,0.00,1000.05,0.00,1700.15
804.307,110063.38,4200.83,72747.29,2418140.29,131731.16,0.00,9704.64,0.00,0.00,600.02,0.00,1700.15
804.453,107436.89,3200.48,68418.77,2473402.01,124948.00,0.00,8003.16,0.00,0.00,800.03,0.00,1700.15
804.599,99864.02,4100.79,72143.21,2457089.12,135377.65,200.00,6001.78,0.00,100.00,900.04,0.00,2000.21
804.745,110265.44,5101.22,70834.46,2434102.40,126263.80,0.00,8603.65,0.00,0.00,1300.09,0.00,2000.21
804.891,105921.89,3100.45,68418.77,2434545.17,120192.28,0.00,7202.56,0.00,0.00,1100.06,0.00,2000.21
805.037,104508.07,3400.54,72847.96,2447909.43,129199.61,0.00,5801.66,0.00,100.00,1600.13,0.00,700.03
805.183,104407.09,4901.12,65903.01,2414932.87,124340.76,0.00,7903.08,100.00,200.00,1500.11,0.00,1600.13
805.329,104811.03,3200.48,70331.15,2394126.23,134769.79,0.00,6902.35,0.00,200.00,1700.15,0.00,1800.17
805.475,101479.12,3500.57,65399.92,2401535.21,124543.19,0.00,8503.57,100.00,0.00,1900.18,0.00,1600.13
805.621,109356.19,3900.71,79092.21,2479123.69,129098.35,0.00,7302.63,0.00,0.00,1400.10,0.00,1300.09
805.767,105315.96,3700.64,74056.24,2435614.31,123531.18,0.00,7002.42,0.00,0.00,1200.07,0.00,1500.12
805.913,109659.27,4000.75,72847.96,2483224.86,124441.97,0.00,7402.70,0.00,0.00,1200.07,0.00,1400.10
806.059,102185.81,3800.68,71841.16,2364390.48,124948.00,0.00,9204.18,100.00,0.00,1300.09,0.00,1200.07
806.206,105012.99,5201.27,80401.95,2545435.99,122924.05,0.00,8903.91,100.00,0.00,1000.05,0.00,1100.06
806.352,97139.11,3700.64,73049.33,2482122.32,133959.41,0.00,5301.39,0.00,0.00,700.03,0.00,1200.07
806.498,96634.57,3600.61,74156.95,2543773.69,133047.79,100.00,6802.28,0.00,100.00,400.01,0.00,1900.19
806.644,104306.14,4400.91,74761.13,2454825.64,118270.40,0.00,6001.78,0.00,100.00,1700.15,100.00,1200.07
806.790,99964.96,4500.95,77278.99,2485496.74,125757.69,0.00,5901.72,0.00,200.00,1200.07,200.00,1000.05
806.936,110164.42,4500.95,78588.50,2539455.33,125555.25,100.00,6702.22,0.00,0.00,600.02,0.00,1400.10
807.082,103599.28,3700.64,77278.99,2401150.83,125049.21,0.00,8503.57,0.00,0.00,1200.07,0.00,2400.30
807.228,107941.95,3700.64,75969.63,2394936.38,133858.11,0.00,7202.56,0.00,100.00,1500.11,0.00,1600.13
807.374,100974.39,3800.68,79797.43,2403681.69,125858.90,0.00,7302.63,0.00,100.00,1400.10,0.00,1500.12
807.520,106426.87,3000.42,73552.78,2456278.96,116854.49,100.00,5601.55,0.00,100.00,1500.11,0.00,1300.09
807.666,104407.09,3900.71,76876.08,2480167.63,125960.11,0.00,7602.85,0.00,0.00,1300.09,100.00,1900.19
807.812,104811.03,5401.36,75868.92,2499537.75,134465.91,100.00,8403.48,0.00,0.00,900.04,0.00,500.01
807.958,110164.42,5001.17,72243.87,2483525.45,128389.64,100.00,8103.24,100.00,0.00,2000.20,0.00,2100.23
808.104,100974.39,11205.87,72847.96,2468348.69,127377.29,0.00,9004.00,0.00,0.00,1400.10,0.00,1400.10
808.250,105315.96,8903.71,73452.08,2544199.67,129402.11,0.00,8603.65,0.00,0.00,1700.15,0.00,1500.12
808.396,109558.24,8703.54,78286.29,2443708.06,129908.38,0.00,6802.28,0.00,0.00,1900.18,0.00,1600.13
808.542,104407.09,9203.96,81409.55,2473903.18,118169.27,200.00,7602.85,0.00,100.00,1500.11,0.00,1700.15
808.688,107032.86,12707.55,77782.63,2446957.28,115641.02,100.00,8603.65,0.00,0.00,1200.07,0.00,1100.06
808.834,105416.93,6001.68,75163.95,2540908.85,121001.63,0.00,9804.74,0.00,0.00,900.04,0.00,1200.07
808.980,95121.08,10004.68,71639.83,2591843.81,127073.60,0.00,9104.09,0.00,0.00,600.02,100.00,1600.13
809.126,101176.28,4701.03,79192.96,2454249.27,122721.66,100.00,7903.08,100.00,0.00,500.01,0.00,1400.10
809.272,102387.73,5501.42,77581.17,2377896.93,131022.24,0.00,8103.24,0.00,0.00,600.02,0.00,2100.23
809.418,102993.51,4901.12,74861.84,2478388.53,126972.37,0.00,7202.56,0.00,100.00,1100.06,0.00,1300.09
809.564,115621.56,2900.39,74761.13,2475590.49,122924.05,0.00,6101.84,100.00,0.00,1100.06,0.00,2400.30
809.710,104508.07,4300.86,71035.80,2512317.44,121811.04,0.00,6702.22,0.00,0.00,1000.05,0.00,900.04
809.856,115823.73,3800.68,69626.55,2573760.02,131933.71,0.00,5901.72,100.00,0.00,700.03,0.00,1600.13
810.002,105921.89,3600.61,64695.65,2474145.37,125960.11,0.00,5801.66,0.00,0.00,700.03,0.00,1900.19
810.148,101681.03,3700.64,73653.47,2502110.41,130110.88,0.00,7102.49,0.00,0.00,1000.05,0.00,1700.15
810.294,105416.93,3200.48,66909.24,2596972.32,124239.59,0.00,7302.63,0.00,0.00,800.03,0.00,2200.25
810.440,97240.02,4200.83,70029.18,2473235.02,130718.47,0.00,6602.15,0.00,0.00,400.01,0.00,1400.10
810.586,113499.03,3900.71,72143.21,2521689.12,121305.13,100.00,27637.63,0.00,0.00,700.03,0.00,1700.15
810.732,105719.90,4000.75,62985.45,2608925.06,125757.69,0.00,7803.00,0.00,0.00,500.01,0.00,1200.07
810.878,105719.90,4801.08,67211.13,2509377.20,129908.38,0.00,6101.84,100.00,100.00,1000.05,0.00,1700.15
811.024,107335.87,4300.86,68620.06,2491026.23,123126.41,0.00,7602.85,100.00,100.00,500.01,0.00,1800.17
811.170,100772.48,3700.64,65198.70,2493540.49,123531.18,0.00,6502.09,0.00,100.00,200.00,0.00,700.03
811.316,110366.48,4701.03,66003.63,2458784.82,129807.11,0.00,7602.85,0.00,0.00,800.03,0.00,1400.10
811.462,105719.90,4801.08,75768.21,2536306.50,131832.42,0.00,7702.93,0.00,0.00,1100.06,0.00,1800.17
811.608,91388.76,4100.79,78286.29,2519885.02,126263.80,0.00,6502.09,0.00,0.00,1600.13,100.00,1200.07
811.754,107941.95,3400.54,63790.21,2578638.14,123328.80,0.00,8103.24,0.00,0.00,1100.06,0.00,1200.07
811.900,105113.97,3700.64,73552.78,2477302.79,126061.36,0.00,8403.48,0.00,100.00,600.02,100.00,900.04
812.046,102791.57,3700.64,68720.70,2546279.55,124239.59,0.00,7102.49,0.00,0.00,1500.11,0.00,1200.07
812.192,101479.12,4300.86,69223.94,2557564.12,140647.06,0.00,7803.00,0.00,0.00,700.03,100.00,2000.21
812.339,99359.35,3100.45,69022.64,2435355.33,121709.85,0.00,5501.49,0.00,0.00,800.03,100.00,900.04
812.485,99359.35,2900.39,65198.70,2400925.44,124037.16,0.00,7502.78,0.00,100.00,500.01,0.00,1600.13
812.631,104710.04,2800.37,66607.37,2479073.49,133452.93,0.00,5901.72,0.00,100.00,700.03,0.00,800.03
812.777,103700.26,2600.32,67009.86,2514246.93,127984.70,0.00,6101.84,0.00,200.00,500.01,0.00,1300.09
812.923,102387.73,3600.61,69123.30,2541192.83,123429.98,0.00,7402.70,0.00,0.00,600.02,0.00,1300.09
813.069,95726.45,3000.42,69525.90,2531328.18,136593.44,0.00,6602.15,0.00,0.00,900.04,0.00,1200.07
813.215,103700.26,3900.71,65701.77,2563435.99,129705.85,0.00,8003.16,0.00,0.00,800.03,0.00,1600.13
813.361,97744.59,2100.21,69123.30,2567695.96,136796.06,0.00,7903.08,0.00,0.00,700.03,0.00,700.03
813.507,99258.43,3100.45,65903.01,2579022.32,131326.06,0.00,6301.96,0.00,0.00,700.03,0.00,1200.07
813.653,105113.97,3200.48,70129.84,2458283.65,127478.51,0.00,7502.78,100.00,100.00,1400.10,0.00,1100.06
813.799,105618.90,4500.95,67211.13,2629405.92,125656.47,0.00,7502.78,100.00,0.00,1400.10,0.00,1200.07
813.945,105214.96,1700.14,70331.15,2579231.11,135175.03,0.00,7302.63,0.00,0.00,1100.06,100.00,1300.09
814.091,104811.03,3700.64,64896.86,2533859.04,133452.93,0.00,5901.72,100.00,0.00,1200.07,0.00,1900.19
814.237,98551.95,3400.54,68620.06,2610077.79,134972.42,0.00,6602.15,0.00,0.00,1200.07,0.00,900.04
814.383,100065.90,2800.37,64293.21,2403464.70,127579.74,0.00,6802.28,0.00,0.00,800.03,0.00,1700.15
814.529,99056.57,2200.23,63488.42,2568414.32,133858.11,0.00,6802.28,100.00,0.00,500.01,0.00,1300.09
814.675,103296.39,2900.39,65299.32,2451952.20,129807.11,0.00,4501.00,0.00,0.00,400.01,0.00,1100.06
814.821,94818.41,3000.42,72948.65,2453856.70,129908.38,0.00,6702.22,0.00,100.00,500.01,0.00,1100.06
814.967,101882.92,3100.45,66204.87,2558474.47,129199.61,0.00,4501.00,0.00,0.00,700.03,0.00,1300.09
815.113,97139.11,4400.91,61778.43,2363446.73,124948.00,0.00,6402.02,0.00,0.00,900.04,0.00,1300.09
815.259,95726.45,2500.29,63991.41,2498192.83,131224.80,0.00,6502.09,0.00,100.00,200.00,0.00,1300.09
815.405,104508.07,2700.34,72445.23,2523568.42,124644.38,0.00,7002.42,300.00,0.00,500.01,0.00,1400.10
815.551,95121.08,2800.37,68016.21,2408376.03,120293.47,0.00,7002.42,0.00,0.00,500.01,0.00,1700.15
815.697,102286.75,2800.37,69827.86,2401451.62,130313.42,0.00,7402.70,0.00,0.00,800.03,0.00,1700.15
815.843,86447.94,3500.57,69727.20,2539079.55,122316.92,0.00,7602.85,0.00,0.00,500.01,0.00,1500.12
815.989,106123.87,2200.23,67110.51,2456746.73,127984.70,100.00,7002.42,0.00,0.00,900.04,0.00,1400.10
816.135,107941.95,2300.25,69022.64,2488578.96,126162.59,100.00,6402.02,0.00,0.00,2200.25,0.00,2100.23
816.281,91388.76,3600.61,66707.98,2277872.90,128389.64,0.00,7202.56,100.00,0.00,200.00,0.00,1800.17
816.427,100873.43,3800.68,68217.49,2486649.47,129098.35,0.00,6702.22,0.00,0.00,1100.06,0.00,1300.09
816.573,101176.28,3000.42,68720.70,2432933.06,137302.69,0.00,5601.55,0.00,0.00,600.02,0.00,1400.10
816.719,99157.51,2100.21,68821.36,2419994.59,120495.80,0.00,8603.65,100.00,0.00,100.00,0.00,2400.30
816.865,104205.14,2100.21,69727.20,2470854.35,126668.69,0.00,6101.84,0.00,0.00,700.03,0.00,1300.09
817.011,105214.96,3200.48,63790.21,2453280.33,130718.47,0.00,8203.32,0.00,0.00,500.01,0.00,1000.05
817.157,85843.10,3700.64,72143.21,2482815.49,122519.28,0.00,6602.15,0.00,100.00,1100.06,0.00,1200.07
817.303,94313.99,3400.54,68016.21,2431730.33,123126.41,100.00,6802.28,0.00,0.00,600.02,100.00,1900.19
817.449,98249.18,6602.04,71035.80,2502502.99,136593.44,0.00,6902.35,0.00,0.00,1000.05,0.00,1700.15
817.595,96533.67,9304.05,70834.46,2343333.26,127984.70,0.00,6702.22,0.00,100.00,700.03,0.00,1400.10
817.741,97240.02,6602.04,72646.60,2421205.72,123834.77,0.00,6201.90,0.00,0.00,900.04,0.00,1200.07
817.887,95928.26,7102.36,70935.13,2511849.67,131528.60,0.00,6802.28,0.00,0.00,700.03,0.00,1000.05
818.033,105618.90,6301.86,73150.03,2543197.52,121507.49,0.00,7002.42,0.00,0.00,700.03,0.00,1200.07
818.179,90279.41,3300.51,65802.38,2901445.96,124239.59,0.00,8003.16,0.00,100.00,900.04,0.00,1200.07
818.325,98047.35,5001.17,71136.46,2472708.65,131326.06,0.00,8603.65,0.00,0.00,1200.07,100.00,2100.23
818.471,99964.96,3400.54,76674.65,2568614.71,129300.86,100.00,8803.82,0.00,0.00,500.01,0.00,900.04
818.618,100570.60,4500.95,78286.29,2525531.31,144905.07,0.00,7502.78,200.00,100.00,300.00,0.00,1200.07
818.764,100166.84,4200.83,71438.48,2408885.60,134060.71,0.00,6402.02,0.00,100.00,400.01,0.00,1300.09
818.910,98249.18,4200.83,69223.94,2489982.09,128288.41,0.00,7102.49,0.00,0.00,400.01,0.00,1300.09
819.056,101378.17,4300.86,72545.91,2446138.73,130110.88,0.00,7803.00,100.00,0.00,900.04,0.00,1600.13
819.202,99056.57,2900.39,72042.52,2443875.05,123328.80,0.00,8003.16,0.00,0.00,600.02,0.00,1300.09
819.348,106729.85,3500.57,70029.18,2438161.77,121507.49,0.00,8103.24,0.00,0.00,500.01,0.00,700.03
819.494,102993.51,2000.19,81107.25,2430627.59,125858.90,0.00,9104.09,0.00,200.00,600.02,0.00,1600.13
819.640,100267.78,3800.68,73250.72,2473118.02,131427.35,0.00,5901.72,0.00,0.00,1100.06,0.00,1600.13
819.786,96331.86,3400.54,70834.46,2422951.62,127579.74,0.00,8303.40,0.00,0.00,0.00,0.00,1400.10
819.932,92397.37,2900.39,69727.20,2385715.09,126668.69,0.00,7602.85,0.00,100.00,700.03,0.00,1200.07
820.078,87859.36,4200.83,72545.91,2517395.76,131022.24,0.00,6902.35,0.00,200.00,600.02,0.00,900.04
820.224,96533.67,2700.34,74257.64,2519250.06,130718.47,0.00,7202.56,0.00,0.00,400.01,0.00,1800.17
820.370,97340.93,2800.37,75163.95,2459219.00,128187.16,0.00,6201.90,0.00,100.00,900.04,0.00,1200.07
820.516,92699.97,1900.17,67513.03,2375683.45,130920.96,0.00,8503.57,0.00,0.00,200.00,0.00,2300.27
820.662,94414.88,3900.71,67211.13,2408609.82,131528.60,0.00,8303.40,0.00,100.00,600.02,0.00,1700.15
820.808,99460.28,2600.32,69727.20,2468465.48,133756.83,0.00,6802.28,0.00,0.00,400.01,0.00,1300.09
820.954,102892.54,3700.64,72445.23,2487668.41,129300.86,0.00,8603.65,0.00,0.00,300.00,0.00,2400.30
821.100,103094.46,4600.99,71639.83,2422659.23,136289.48,0.00,7803.00,0.00,0.00,300.00,0.00,1100.06
821.246,97139.11,3700.64,68116.85,2493882.87,125960.11,0.00,7803.00,0.00,0.00,400.01,0.00,1900.19
821.392,96836.38,1700.14,66104.24,2521547.13,136188.15,0.00,8703.73,0.00,300.00,300.00,0.00,1500.12
821.538,102993.51,3700.64,71941.84,2469108.65,131528.60,100.00,8203.32,100.00,0.00,100.00,0.00,1000.05
821.684,90178.55,4000.75,65399.92,2475323.10,130617.19,0.00,7903.08,0.00,0.00,1000.05,0.00,1700.15
821.830,101681.03,3500.57,68016.21,2366921.34,123025.25,0.00,6402.02,0.00,200.00,200.00,0.00,1700.15
821.976,92901.72,3800.68,69324.59,2475957.87,131731.16,0.00,8703.73,0.00,0.00,800.03,0.00,1600.13
822.122,105618.90,2900.39,70834.46,2559485.21,129503.36,0.00,7302.63,0.00,0.00,500.01,0.00,1500.12
822.268,92800.85,3600.61,62985.45,2542278.57,127984.70,0.00,8403.48,0.00,0.00,900.04,0.00,1400.10
822.414,98753.79,3200.48,68720.70,2581202.40,130718.47,0.00,8303.40,0.00,0.00,1400.10,0.00,1600.13
822.560,96029.15,5301.32,72344.56,2575631.11,132440.10,0.00,7702.93,0.00,0.00,500.01,0.00,2200.25
822.706,99763.09,2900.39,67211.13,2528296.15,137201.36,0.00,5501.49,0.00,0.00,1300.09,0.00,800.03
822.852,101378.17,3000.42,63287.23,2406663.73,134972.42,100.00,7903.08,0.00,0.00,1000.05,0.00,1000.05
822.998,97240.02,2500.29,67613.67,2469401.03,131933.71,0.00,7903.08,100.00,0.00,900.04,0.00,1200.07
823.144,102084.84,2700.34,64293.21,2495778.96,133452.93,0.00,6602.15,0.00,0.00,1200.07,0.00,1600.13
823.290,97240.02,3000.42,69022.64,2489948.69,128997.12,0.00,7602.85,0.00,0.00,1100.06,0.00,2000.21
823.436,105820.90,4300.86,66707.98,2549386.78,141457.97,0.00,8903.91,0.00,0.00,900.04,0.00,1500.12
823.582,98955.63,2800.37,63287.23,2534510.60,139025.42,0.00,7102.49,200.00,0.00,700.03,0.00,1500.12
823.728,89371.83,3800.68,67311.76,2432014.31,131123.51,0.00,6101.84,0.00,0.00,900.04,0.00,1000.05
823.874,95423.78,1800.15,64695.65,2466335.60,133452.93,0.00,7102.49,0.00,0.00,600.02,0.00,1400.10
824.020,97542.76,2200.23,70633.14,2581628.38,133959.41,0.00,8003.16,0.00,0.00,800.03,0.00,1000.05
824.166,103195.44,3300.51,67009.86,2683189.12,140951.14,0.00,7702.93,0.00,0.00,1000.05,0.00,1600.13
824.312,98350.11,3000.42,64393.83,2517253.77,132338.80,0.00,8903.91,0.00,0.00,1700.15,0.00,1300.09
824.458,92296.51,3000.42,65601.16,2562258.26,133554.21,0.00,7302.63,0.00,0.00,1300.09,0.00,1000.05
824.604,92599.12,2500.29,67311.76,2475105.91,133858.11,100.00,8603.65,0.00,0.00,1000.05,0.00,1300.09
824.751,92296.51,2900.39,64293.21,2450607.48,123834.77,0.00,6502.09,0.00,100.00,1000.05,0.00,800.03
824.897,96533.67,7202.43,64393.83,2499320.56,127680.97,0.00,8203.32,0.00,0.00,800.03,0.00,1600.13
825.043,95322.87,4100.79,65399.92,2464573.10,137708.02,0.00,7302.63,0.00,0.00,1700.15,0.00,1700.15
825.189,105315.96,5301.32,71639.83,2467421.54,138721.39,0.00,7002.42,0.00,0.00,1000.05,200.00,800.03
825.335,95121.08,4901.12,62080.18,2505309.43,133655.53,0.00,8303.40,100.00,0.00,1300.09,0.00,1800.17
825.481,95928.26,5301.32,66406.11,2564129.35,132845.22,0.00,6802.28,0.00,0.00,1000.05,0.00,1500.12
825.627,90783.66,5001.17,62683.69,2419201.23,138620.02,0.00,6802.28,0.00,100.00,1600.13,0.00,2200.25
825.773,97744.59,5701.52,54438.59,2469518.02,131022.24,0.00,5201.33,0.00,0.00,1600.13,0.00,1300.09
825.919,94112.23,5901.63,61778.43,2404684.04,129908.38,0.00,7502.78,0.00,0.00,1200.07,0.00,1400.10
826.065,96029.15,4701.03,62784.28,2436299.27,131731.16,200.00,6802.28,0.00,0.00,1400.10,0.00,1500.12
826.211,101580.07,5101.22,66406.11,2582338.34,137809.37,0.00,6902.35,0.00,0.00,1200.07,0.00,1500.12
826.357,95221.97,3300.51,67009.86,2527686.38,132440.10,0.00,6902.35,0.00,0.00,900.04,0.00,1200.07
826.503,92599.12,3500.57,58158.14,2399221.34,132946.51,0.00,8703.73,0.00,0.00,1600.13,0.00,1300.09
826.649,89876.03,2800.37,63589.02,2521020.95,132743.95,0.00,8103.24,0.00,0.00,1400.10,0.00,1300.09
826.795,97340.93,3800.68,57554.88,2415191.85,141762.08,0.00,7202.56,0.00,0.00,900.04,0.00,700.03
826.941,90682.79,4200.83,58861.99,2398870.56,132541.37,0.00,8503.57,0.00,0.00,1400.10,0.00,1300.09
827.087,93305.21,3100.45,60973.81,2355152.40,135580.26,0.00,7402.70,0.00,0.00,2300.27,0.00,1300.09
827.233,95221.97,4500.95,59666.45,2438704.74,128085.93,0.00,7102.49,0.00,0.00,1400.10,100.00,1200.07
827.379,96029.15,3200.48,59465.33,2490825.84,131528.60,0.00,7502.78,100.00,0.00,2000.20,0.00,1600.13
827.525,100368.72,2100.21,57655.44,2421222.52,124745.57,100.00,7102.49,0.00,0.00,1000.05,0.00,1700.15
827.671,94313.99,3100.45,63086.05,2433785.02,131629.87,0.00,8103.24,0.00,0.00,1500.11,0.00,600.02
827.817,99258.43,2900.39,62884.86,2537693.03,134871.11,0.00,6402.02,0.00,0.00,1600.13,0.00,700.03
827.963,99157.51,3800.68,62281.34,2441427.79,132136.25,0.00,7402.70,0.00,0.00,1600.13,0.00,700.03
828.109,96634.57,3200.48,59163.67,2464514.70,134871.11,100.00,6702.22,0.00,100.00,700.03,0.00,800.03
828.255,92397.37,3200.48,57655.44,2418265.68,135681.57,0.00,8403.48,0.00,0.00,800.03,0.00,1600.13
828.401,95020.20,2900.39,56147.43,2454700.25,132440.10,0.00,7402.70,0.00,0.00,900.04,0.00,1100.06
828.547,85439.88,2900.39,56247.96,2424688.92,134668.50,0.00,6702.22,0.00,0.00,900.04,0.00,700.03
828.693,87758.55,2500.29,53735.04,2375992.44,132541.37,100.00,6301.96,0.00,100.00,1300.09,0.00,1100.06
828.839,98451.03,2700.34,59465.33,2463787.95,138924.08,0.00,6001.78,0.00,0.00,400.01,0.00,700.03
828.985,95423.78,2500.29,64393.83,2398244.19,133959.41,0.00,7602.85,0.00,100.00,700.03,0.00,900.04
829.131,92599.12,2200.23,56951.67,2367581.30,133756.83,0.00,6301.96,100.00,0.00,1000.05,0.00,1300.09
829.277,95221.97,2000.19,71841.16,2421381.30,134668.50,0.00,6702.22,0.00,0.00,800.03,100.00,1000.05
829.423,90279.41,2500.29,58962.55,2528287.75,131629.87,0.00,7803.00,0.00,0.00,1300.09,0.00,1100.06
829.569,94919.31,2300.25,58158.14,2517880.33,128997.12,0.00,6402.02,0.00,0.00,1200.07,0.00,800.03
829.715,87960.19,3400.54,52127.09,2472692.05,140647.06,0.00,6802.28,0.00,100.00,500.01,0.00,700.03
829.861,93708.69,2400.27,55343.24,2376485.21,142167.57,0.00,5101.28,0.00,0.00,900.04,0.00,1000.05
830.007,94414.88,3500.57,56147.43,2413621.54,134263.30,0.00,5401.44,0.00,0.00,2000.20,0.00,1100.06
830.153,88665.99,2200.23,57052.20,2408484.62,136492.11,0.00,7302.63,0.00,0.00,1100.06,0.00,1600.13
830.299,95423.78,2700.34,57554.88,2390701.62,133858.11,0.00,7102.49,0.00,0.00,1100.06,0.00,1700.15
830.445,89775.19,3200.48,56951.67,2426067.05,124138.37,0.00,6802.28,0.00,0.00,1500.11,0.00,1000.05
830.591,96029.15,2800.37,53132.03,2518548.49,138214.69,0.00,5201.33,0.00,0.00,1000.05,0.00,600.02
830.737,95322.87,3800.68,60370.40,2527970.37,142167.57,0.00,8603.65,0.00,0.00,1800.17,0.00,1600.13
830.884,96029.15,3600.61,61577.26,2440275.05,135884.19,0.00,7202.56,0.00,100.00,1600.13,0.00,700.03
831.030,93607.82,3600.61,58861.99,2379492.24,134465.91,0.00,7002.42,0.00,0.00,1800.17,0.00,900.04
831.176,96331.86,2900.39,59063.11,2471998.69,146629.03,0.00,7002.42,0.00,0.00,1400.10,0.00,900.04
831.322,96130.05,2600.32,63186.63,2456671.54,137809.37,0.00,7402.70,200.00,0.00,1400.10,0.00,1000.05
831.468,99561.22,3400.54,58057.61,2478405.33,129604.62,200.00,6402.02,200.00,0.00,1500.11,0.00,1000.05
831.614,95020.20,16312.45,60169.26,2481896.74,128592.13,0.00,6201.90,0.00,0.00,1200.07,0.00,1500.12
831.760,98451.03,4000.75,63589.02,2498410.02,135580.26,0.00,5301.39,0.00,0.00,800.03,0.00,1100.06
831.906,97643.67,5301.32,61376.12,2397793.02,129705.85,100.00,6702.22,0.00,0.00,800.03,0.00,1100.06
832.052,85943.89,4100.79,58962.55,2429984.43,133149.09,0.00,8303.40,0.00,0.00,1000.05,0.00,1000.05
832.198,100570.60,3100.45,64595.04,2573426.03,140748.43,0.00,7402.70,0.00,100.00,900.04,0.00,1400.10
832.344,87859.36,3500.57,68821.36,2493682.48,134668.50,0.00,7702.93,0.00,0.00,800.03,0.00,1000.05
832.490,95221.97,2500.29,57856.53,2426952.40,128288.41,0.00,5201.33,0.00,0.00,1200.07,0.00,1800.17
832.636,90279.41,3600.61,59968.13,2503446.74,128490.87,0.00,6702.22,0.00,0.00,300.00,0.00,800.03
832.782,94112.23,2400.27,61677.85,2457364.70,121203.98,0.00,7502.78,0.00,0.00,1100.06,0.00,1400.10
832.928,101075.32,2800.37,62583.09,2661463.73,137404.02,0.00,7903.08,0.00,100.00,900.04,0.00,1100.06
833.074,91187.05,2300.25,63186.63,2508809.24,133250.37,0.00,6301.96,0.00,100.00,1000.05,0.00,600.02
833.220,95121.08,4801.08,71841.16,2641634.43,137201.36,0.00,7002.42,100.00,0.00,1300.09,0.00,1700.15
833.366,96735.47,3300.51,67513.03,2456905.33,127680.97,0.00,6702.22,0.00,0.00,900.04,0.00,1500.12
833.512,93406.09,3100.45,62381.93,2517011.58,127174.81,0.00,5801.66,0.00,0.00,1500.11,100.00,1800.17
833.658,94818.41,3100.45,65198.70,2427461.97,137100.03,100.00,7302.63,100.00,0.00,1400.10,100.00,700.03
833.804,95625.56,2400.27,57856.53,2463537.36,130920.96,0.00,6402.02,0.00,200.00,500.01,0.00,500.01
833.950,97038.20,4100.79,63287.23,2562233.26,132541.37,0.00,7002.42,0.00,0.00,1300.09,0.00,900.04
834.096,97946.42,2900.39,74761.13,2495770.56,130009.65,0.00,7002.42,0.00,0.00,1100.06,0.00,1700.15
834.242,101882.92,2800.37,67714.31,2465015.88,135985.50,0.00,7202.56,0.00,0.00,1300.09,0.00,600.02
834.388,93002.58,5301.32,66707.98,2367689.90,131123.51,0.00,6802.28,0.00,200.00,1600.13,0.00,1300.09
834.534,99864.02,5501.42,77782.63,2527185.21,131528.60,0.00,6201.90,0.00,0.00,1400.10,0.00,1500.12
834.680,100772.48,3600.61,69425.26,2509118.22,126365.01,0.00,7702.93,0.00,0.00,1500.11,0.00,900.04
834.826,97744.59,4200.83,76573.93,2497474.67,138417.36,0.00,5801.66,100.00,0.00,2100.22,0.00,1700.15
834.972,90682.79,3200.48,66506.73,2432490.29,131731.16,0.00,6902.35,0.00,0.00,1700.15,0.00,1700.15
835.118,94515.77,4000.75,69827.86,2427645.76,134060.71,0.00,7903.08,0.00,0.00,1600.13,0.00,1100.06
835.264,97845.51,3100.45,74861.84,2443733.06,130009.65,0.00,6602.15,0.00,0.00,2300.27,0.00,2200.25
835.410,101882.92,3900.71,73351.40,2574219.39,129503.36,0.00,6602.15,0.00,100.00,1100.06,0.00,1500.12
835.556,101681.03,7202.43,73653.47,2598392.25,126972.37,0.00,5601.55,600.02,700.02,1900.18,0.00,1700.15
835.702,102791.57,5401.36,71337.81,2609250.84,134465.91,0.00,6802.28,0.00,100.00,2200.25,0.00,1500.12
835.848,105618.90,5301.32,69223.94,2578880.33,141356.61,0.00,9004.00,0.00,0.00,1900.18,0.00,1600.13
835.994,101176.28,4500.95,76876.08,2591426.03,138417.36,100.00,6802.28,0.00,0.00,2300.27,0.00,700.03
836.140,92901.72,7402.56,72143.21,2525857.09,131123.51,100.00,6101.84,0.00,0.00,1800.17,0.00,1900.19
836.286,102589.64,5001.17,77782.63,2662750.06,141660.71,0.00,7702.93,0.00,0.00,1500.11,0.00,1500.12
836.432,96836.38,4400.91,73653.47,2568648.10,141762.08,0.00,5601.55,100.00,200.00,1400.10,0.00,1600.13
836.578,103397.37,3500.57,78487.76,2486273.49,136492.11,0.00,6802.28,0.00,0.00,1400.10,0.00,1600.13
836.724,100267.78,3100.45,72344.56,2582530.53,130212.15,100.00,6502.09,0.00,0.00,1300.09,0.00,1300.09
836.870,97441.85,5401.36,70331.15,2506353.57,140241.63,0.00,6502.09,100.00,0.00,800.03,0.00,1400.10
837.016,90077.71,4000.75,70532.47,2481270.37,132541.37,0.00,7903.08,0.00,0.00,1400.10,0.00,800.03
837.163,102387.73,3800.68,81409.55,2683448.11,144600.85,0.00,8303.40,0.00,0.00,2000.20,0.00,1500.12
837.309,98047.35,4701.03,71237.14,2504215.29,130515.92,0.00,6502.09,0.00,0.00,1000.05,0.00,2400.30
837.455,104609.05,4701.03,72243.87,2551692.24,145817.70,0.00,7502.78,0.00,200.00,1900.18,0.00,900.04
837.601,100772.48,4300.86,72948.65,2622105.72,129098.35,0.00,6602.15,0.00,0.00,2200.25,0.00,1000.05
837.747,99561.22,4300.86,76775.37,2474203.96,129908.38,0.00,8403.48,0.00,0.00,2200.25,0.00,1500.12
837.893,97643.67,5001.17,73452.08,2588360.60,121811.04,0.00,6502.09,0.00,0.00,1100.06,0.00,1300.09
838.039,98148.26,3200.48,78387.03,2415292.05,123429.98,100.00,8203.32,100.00,0.00,1200.07,0.00,1300.09
838.184,88968.48,4901.12,71237.14,2392923.49,140849.77,0.00,7302.63,0.00,100.00,1500.11,0.00,1400.10
838.331,98047.35,5201.27,80502.70,2481370.56,136694.74,0.00,6902.35,0.00,0.00,900.04,0.00,1800.17
838.477,95423.78,4200.83,67110.51,2385848.69,122519.28,0.00,7302.63,0.00,0.00,1500.11,0.00,700.03
838.623,96937.29,4000.75,69525.90,2403823.69,118472.71,0.00,7102.49,0.00,0.00,900.04,0.00,1000.05
838.769,95121.08,3100.45,73150.03,2470369.98,126769.91,0.00,6902.35,0.00,100.00,1400.10,0.00,2900.43
838.915,89876.03,2800.37,69022.64,2575722.91,129604.62,0.00,7102.49,100.00,0.00,1300.09,0.00,1300.09
839.061,98955.63,3900.71,75264.66,2568380.92,128085.93,0.00,6602.15,0.00,300.00,800.03,0.00,1600.13
839.207,97038.20,3100.45,79092.21,2488353.38,135276.35,0.00,7402.70,0.00,100.00,1200.07,0.00,1700.15
839.353,94213.11,1800.15,77278.99,2441168.80,135478.95,0.00,6602.15,0.00,0.00,300.00,0.00,1700.15
839.499,95726.45,4100.79,74459.03,2447993.02,126263.80,0.00,8903.91,0.00,0.00,300.00,0.00,1100.06
839.645,90985.34,3600.61,68418.77,2495720.56,133452.93,0.00,5701.60,0.00,0.00,900.04,0.00,1100.06
839.791,97946.42,2700.34,68519.42,2488035.99,132845.22,0.00,7202.56,100.00,0.00,900.04,0.00,1600.13
839.937,94515.77,3600.61,77984.10,2480334.82,125454.07,0.00,6602.15,200.00,100.00,200.00,0.00,1400.10
840.083,89876.03,2100.21,72243.87,2440935.02,128997.12,0.00,6902.35,0.00,0.00,600.02,0.00,2500.32
840.229,94515.77,3200.48,67311.76,2427938.14,129604.62,0.00,7702.93,0.00,0.00,700.03,0.00,1500.12
840.375,91388.76,3500.57,69525.90,2432498.69,131123.51,0.00,6802.28,0.00,0.00,500.01,0.00,1100.06
840.521,100671.54,2400.27,78689.25,2463311.97,128997.12,0.00,6802.28,100.00,0.00,500.01,0.00,1500.12
840.667,93708.69,2700.34,75163.95,2539647.52,134972.42,0.00,6602.15,100.00,0.00,600.02,0.00,1900.19
840.813,94818.41,3900.71,67714.31,2429391.46,123328.80,0.00,7302.63,0.00,0.00,600.02,0.00,1700.15
840.959,102589.64,3500.57,69123.30,2395554.55,122316.92,0.00,6802.28,0.00,0.00,700.03,0.00,1200.07
841.105,98551.95,4000.75,76775.37,2493565.49,132237.52,0.00,7402.70,0.00,0.00,1000.05,0.00,1300.09
841.251,91287.92,3500.57,75365.37,2435021.15,129604.62,0.00,8903.91,0.00,0.00,800.03,0.00,1200.07
841.397,94515.77,3900.71,75063.25,2456003.38,134871.11,0.00,6902.35,0.00,0.00,1000.05,0.00,1900.19
841.543,99964.96,3900.71,74156.95,2422809.62,127579.74,0.00,7903.08,0.00,0.00,700.03,0.00,1600.13
841.689,94313.99,3700.64,72243.87,2456629.74,126769.91,0.00,5401.44,0.00,0.00,600.02,0.00,1200.07
841.835,91086.19,3200.48,78185.57,2464280.91,125757.69,0.00,7002.42,0.00,0.00,500.01,0.00,1100.06
841.981,92901.72,4701.03,74559.73,2496422.13,129604.62,0.00,8003.16,100.00,0.00,1000.05,0.00,1500.12
842.127,94818.41,3000.42,76171.06,2447851.03,122822.85,200.00,7402.70,0.00,0.00,1100.06,0.00,1800.17
842.273,95928.26,2900.39,73653.47,2467254.35,122418.11,0.00,8603.65,0.00,0.00,600.02,0.00,1800.17
842.419,98652.88,2700.34,74459.03,2558357.67,136390.77,0.00,6402.02,0.00,0.00,900.04,0.00,700.03
842.565,97542.76,4000.75,72747.29,2477486.58,128997.12,100.00,8003.16,0.00,0.00,600.02,0.00,1500.12
842.711,88565.15,3000.42,77480.44,2469576.42,126567.46,0.00,6001.78,0.00,0.00,800.03,100.00,1900.19
842.857,100469.66,3400.54,73049.33,2366161.38,121608.67,0.00,6001.78,0.00,0.00,1000.05,0.00,1700.15
843.003,86952.01,2800.37,70129.84,2402904.94,123531.18,100.00,6502.09,0.00,0.00,800.03,0.00,2300.27
843.149,93809.59,3500.57,74861.84,2515349.47,125555.25,0.00,7102.49,0.00,100.00,300.00,0.00,1800.17
843.296,92901.72,3500.57,74459.03,2442839.31,128490.87,0.00,8103.24,0.00,0.00,600.02,0.00,2600.35
843.442,93607.82,3000.42,74156.95,2552794.78,130212.15,0.00,5801.66,100.00,0.00,900.04,0.00,800.03
843.588,91893.05,3800.68,83828.18,2410514.31,135985.50,0.00,8003.16,0.00,0.00,900.04,0.00,1800.17
843.734,88565.15,2900.39,74056.24,2310999.86,121811.04,0.00,6201.90,0.00,0.00,800.03,0.00,2000.21
843.880,92599.12,3200.48,73653.47,2440651.03,125858.90,0.00,6502.09,0.00,0.00,1000.05,0.00,2200.25
844.026,98854.72,3300.51,79293.70,2638727.60,130617.19,0.00,6502.09,0.00,0.00,800.03,0.00,1800.17
844.172,100267.78,3200.48,77278.99,2533316.07,130313.42,0.00,7903.08,0.00,100.00,900.04,0.00,1500.12
844.318,91287.92,3800.68,73049.33,2402503.96,128997.12,0.00,5401.44,0.00,0.00,700.03,0.00,1900.19
844.464,95625.56,2200.23,75365.37,2480810.80,131731.16,0.00,7202.56,300.00,0.00,600.02,0.00,1800.17
844.610,96331.86,2600.32,74459.03,2349238.72,128490.87,0.00,6402.02,0.00,0.00,700.03,0.00,1300.09
844.756,89775.19,4000.75,77278.99,2545594.59,132946.51,0.00,6902.35,0.00,11406.42,1900.18,200.00,2600.35
844.902,101378.17,177054.80,98856.08,2778978.19,552744.20,0.00,14710.67,100.00,700.02,2992294.01,0.00,88099.15
845.048,243234.55,217695.17,279002.50,2614379.36,224196.83,8003.09,8903.91,0.00,0.00,5156.66,1600.13,3200.53
845.194,92296.51,74659.93,165372.34,2583140.10,1157577.17,11606.49,6402.02,100.00,0.00,9304.41,0.00,2000.21
845.340,91792.19,4200.83,81006.50,2514589.31,148509.22,0.00,7502.78,100.00,0.00,800.03,0.00,2000.21
845.486,171971.48,43689.14,75466.08,2524612.56,128389.64,0.00,6301.96,2100.22,15011.12,1000.05,0.00,2000.21
845.632,96432.76,2900.39,82921.13,2471221.93,1540124.45,0.00,6201.90,100.00,3600.64,600.02,0.00,1200.07
845.778,98350.11,3800.68,91289.07,2537951.81,136174.26,0.00,7102.49,300.00,0.00,600.02,100.00,2500.32
845.924,98249.18,3400.54,77984.10,2486749.66,130414.68,100.00,6502.09,0.00,100.00,600.02,0.00,1700.15
846.070,92094.78,2900.39,77883.36,2508817.63,130920.96,0.00,7102.49,0.00,0.00,900.04,0.00,2100.23
846.216,98451.03,3800.68,86549.80,2553404.55,129402.11,0.00,6602.15,0.00,0.00,1000.05,0.00,2100.23
846.362,98350.11,3900.71,83626.61,2512526.23,123935.96,0.00,6502.09,200.00,100.00,1200.07,0.00,1800.17
846.508,97240.02,4600.99,90482.23,2529432.09,128389.64,0.00,6802.28,0.00,100.00,1100.06,0.00,1300.09
846.654,90783.66,3400.54,76070.34,2328774.47,133452.93,0.00,8503.57,0.00,0.00,1200.07,0.00,1700.15
846.800,97744.59,4801.08,83626.61,2417530.52,126769.91,0.00,6702.22,0.00,0.00,400.01,0.00,1000.05
846.946,91287.92,3400.54,81006.50,2353222.90,125555.25,0.00,6201.90,0.00,0.00,600.02,0.00,2000.21
847.092,91388.76,3000.42,82417.24,2359654.54,115539.88,0.00,9904.84,100.00,0.00,400.01,0.00,1100.06
847.238,87052.83,3000.42,83828.18,2411115.68,125251.63,0.00,7102.49,0.00,200.00,700.03,0.00,1800.17
847.384,86246.33,3600.61,81006.50,2370162.36,120799.28,0.00,5501.49,0.00,0.00,200.00,0.00,2100.23
847.530,88363.51,3500.57,80200.44,2337002.01,119079.57,100.00,6402.02,0.00,0.00,800.03,100.00,1300.09
847.676,88161.84,4701.03,78286.29,2343525.44,119989.97,0.00,5601.55,0.00,0.00,600.02,0.00,1200.07
847.822,100065.90,4100.79,81006.50,2443315.48,118674.98,0.00,7102.49,0.00,0.00,800.03,0.00,2400.30
847.968,89170.16,3400.54,74056.24,2385673.30,122114.55,0.00,7502.78,0.00,0.00,400.01,0.00,1900.19
848.114,94011.35,2300.25,75969.63,2361617.44,123935.96,0.00,6902.35,0.00,0.00,200.00,0.00,2200.25
848.260,91590.47,3500.57,81611.09,2434035.60,122013.38,0.00,6802.28,0.00,0.00,500.01,0.00,1100.06
848.406,94313.99,2300.25,79293.70,2402194.98,124239.59,0.00,8503.57,100.00,0.00,500.01,0.00,2500.32
848.552,91086.19,3200.48,82215.70,2360005.33,123429.98,0.00,6101.84,100.00,0.00,100.00,0.00,1500.12
848.698,91893.05,3600.61,78890.73,2377170.17,123328.80,0.00,6902.35,0.00,0.00,300.00,0.00,2000.21
848.844,87254.45,4300.86,85037.70,2412335.21,120394.63,0.00,6001.78,0.00,0.00,200.00,0.00,2400.30
848.990,93809.59,3500.57,81711.84,2382582.87,123328.80,0.00,7102.49,0.00,0.00,600.02,0.00,1800.17
849.136,94717.52,3600.61,89372.93,2394301.62,123328.80,0.00,6702.22,0.00,0.00,500.01,0.00,2000.21
849.282,100671.54,3700.64,79192.96,2417848.10,125049.21,0.00,6402.02,0.00,0.00,700.03,0.00,2200.25
849.429,88766.82,3200.48,77883.36,2476125.06,134769.79,0.00,7302.63,100.00,0.00,600.02,0.00,1800.17
849.575,96836.38,3200.48,85239.30,2340919.39,119383.05,0.00,6201.90,0.00,0.00,1100.06,0.00,1000.05
849.721,93607.82,3000.42,88364.58,2394001.03,122924.05,0.00,7002.42,0.00,0.00,800.03,0.00,1500.12
849.867,99964.96,4400.91,84029.76,2421782.09,128794.61,0.00,7903.08,0.00,0.00,500.01,0.00,700.03
850.013,94313.99,3000.42,90078.84,2461758.26,123834.77,100.00,7202.56,0.00,0.00,500.01,0.00,1600.13
850.159,99561.22,3800.68,92095.96,2446055.13,128794.61,0.00,8503.57,0.00,0.00,800.03,0.00,3000.47
850.305,100267.78,3600.61,84735.31,2498677.40,120900.45,0.00,9004.00,0.00,0.00,400.01,0.00,1500.12
850.451,97946.42,3400.54,91389.91,2445963.34,127883.45,0.00,7602.85,0.00,0.00,900.04,0.00,1500.12
850.597,101681.03,3300.51,91188.20,2499136.77,124948.00,0.00,9304.27,0.00,0.00,400.01,0.00,1600.13
850.743,98249.18,2800.37,82618.79,2349297.12,124948.00,0.00,6602.15,0.00,0.00,200.00,0.00,2100.23
850.889,101277.22,3900.71,85440.90,2446489.51,125656.47,0.00,7502.78,0.00,0.00,400.01,0.00,2000.21
851.035,93506.96,5201.27,97544.08,2447884.43,129503.36,0.00,8703.73,0.00,0.00,800.03,0.00,2300.27
851.181,90682.79,4100.79,95525.94,2565674.67,132034.99,0.00,9504.45,0.00,0.00,800.03,0.00,1700.15
851.327,94313.99,3800.68,83828.18,2457506.70,123733.57,0.00,9704.64,0.00,0.00,500.01,0.00,2000.21
851.473,91590.47,4600.99,97947.75,2447308.06,132946.51,0.00,10004.94,0.00,0.00,500.01,0.00,1600.13
851.619,92699.97,4300.86,89675.45,2396439.90,129300.86,100.00,8403.48,0.00,0.00,400.01,0.00,1800.17
851.765,101781.98,3500.57,96333.15,2496881.50,122822.85,0.00,5601.55,0.00,0.00,100.00,0.00,1500.12
851.911,90178.55,2900.39,92398.56,2417112.94,134567.20,0.00,7602.85,0.00,0.00,0.00,0.00,1900.19
852.057,94919.31,5001.17,94416.11,2359838.33,123733.57,100.00,7702.93,0.00,0.00,500.01,0.00,2100.23
852.203,95221.97,4701.03,97846.84,2440717.83,139126.76,0.00,7602.85,0.00,0.00,500.01,0.00,1600.13
852.349,102993.51,16913.38,105317.47,2537801.62,132136.25,0.00,7602.85,0.00,0.00,400.01,0.00,2000.21
852.495,104003.19,8003.00,92499.42,2558357.67,131022.24,0.00,9804.74,0.00,0.00,400.01,0.00,2400.30
852.641,95524.67,8703.54,101581.50,2610111.19,134871.11,0.00,9104.09,0.00,0.00,400.01,400.01,2400.30
852.787,101479.12,5001.17,100874.84,2568581.31,138214.69,0.00,8103.24,0.00,0.00,700.03,0.00,2500.32
852.933,98451.03,5701.52,101480.53,2680558.07,151092.42,0.00,9004.00,0.00,0.00,1000.05,0.00,1800.17
853.079,100671.54,4400.91,97342.24,2466419.20,134162.01,200.00,10205.14,0.00,100.00,500.01,0.00,1500.12
853.225,96432.76,4400.91,97039.50,2394518.80,127782.21,0.00,7402.70,0.00,0.00,500.01,200.00,3100.50
853.371,102387.73,5401.36,99057.93,2598726.43,125858.90,0.00,7202.56,0.00,100.00,700.03,0.00,2500.32
853.517,106426.87,6001.68,95525.94,2533850.64,126162.59,0.00,8103.24,0.00,0.00,300.00,0.00,1500.12
853.663,102589.64,5101.22,95828.63,2600864.71,128085.93,0.00,8203.32,0.00,0.00,600.02,0.00,2200.25
853.809,93305.21,4701.03,106731.42,2504833.26,129199.61,0.00,9104.09,100.00,0.00,300.00,0.00,3000.47
853.955,105315.96,4100.79,102591.10,2548743.61,128288.41,0.00,10105.04,0.00,0.00,900.04,0.00,2300.27
854.101,92397.37,151060.27,90280.53,2584401.42,129807.11,0.00,9504.45,0.00,0.00,600.02,0.00,2400.30
854.247,97240.02,5001.17,94517.00,2486131.50,134769.79,0.00,9404.36,0.00,0.00,2500.32,0.00,2100.23
854.393,101983.89,4600.99,94718.76,2553830.53,117966.98,0.00,8003.16,0.00,0.00,1100.06,0.00,2000.21
854.539,99359.35,4200.83,103398.84,2617052.21,125555.25,0.00,7903.08,0.00,500.01,500.01,0.00,2400.30
854.685,106628.86,20820.27,89977.98,2389290.09,125858.90,0.00,8403.48,0.00,100.00,1100.06,0.00,2200.25
854.831,98148.26,4901.12,90381.39,2426159.04,138518.69,0.00,10305.24,0.00,0.00,1000.05,0.00,3600.67
854.977,100772.48,5501.42,91490.78,2605274.86,135580.26,0.00,9304.27,0.00,0.00,600.02,0.00,1200.07
855.123,100772.48,3800.68,99663.53,2439932.67,127984.70,0.00,8703.73,0.00,0.00,1300.09,0.00,1800.17
855.269,97139.11,4901.12,96534.96,2656978.38,138822.73,0.00,6602.15,0.00,0.00,200.00,0.00,1900.19
855.415,99157.51,3600.61,93003.79,2552360.41,131326.06,0.00,6101.84,100.00,0.00,300.00,0.00,2400.30
855.561,102286.75,4801.08,87356.33,2518957.87,130718.47,0.00,9904.84,0.00,0.00,800.03,0.00,2300.27
855.708,91187.05,4300.86,85743.32,2590448.89,124239.59,0.00,7903.08,0.00,0.00,300.00,0.00,1600.13
855.854,107032.86,4300.86,93810.80,2469150.45,141457.97,0.00,10105.04,0.00,0.00,400.01,0.00,1800.17
856.000,96331.86,3600.61,91793.36,2515733.65,139228.10,0.00,11106.08,100.00,0.00,0.00,0.00,1700.15
856.146,101378.17,4300.86,94416.11,2482965.88,145412.08,0.00,7102.49,0.00,0.00,400.01,0.00,1900.19
856.292,99864.02,4500.95,84836.10,2593121.74,127276.03,0.00,8603.65,100.00,0.00,8403.60,0.00,2400.30
856.438,99561.22,4400.91,96534.96,2560253.77,132743.95,0.00,9504.45,0.00,0.00,400.01,0.00,1800.17
856.584,97845.51,4200.83,81812.62,2512793.42,134465.91,0.00,7002.42,0.00,0.00,500.01,0.00,1500.12
856.730,105921.89,4801.08,87356.33,2559343.22,139228.10,0.00,9104.09,0.00,100.00,800.03,0.00,1900.19
856.876,88262.67,3100.45,84029.76,2554983.06,128187.16,0.00,7903.08,0.00,0.00,600.02,0.00,2200.25
857.022,95827.36,4801.08,83828.18,2611439.32,150686.56,0.00,8903.91,0.00,0.00,1100.06,0.00,1900.19
857.168,99258.43,4600.99,85844.12,2495620.37,136796.06,0.00,9004.00,100.00,0.00,800.03,0.00,1300.09
857.314,101781.98,4400.91,89473.77,2463804.74,130414.68,0.00,9604.55,100.00,100.00,900.04,0.00,1900.19
857.460,93103.46,2500.29,91490.78,2487718.61,126972.37,0.00,9904.84,0.00,0.00,900.04,0.00,2200.25
857.606,92699.97,3900.71,81107.25,2486156.70,125960.11,0.00,6602.15,0.00,0.00,600.02,0.00,1300.09
857.752,94011.35,4000.75,78084.83,2463119.78,127276.03,0.00,7702.93,100.00,100.00,500.01,0.00,2100.23
857.898,95221.97,3500.57,90280.53,2466126.81,118371.54,0.00,6902.35,0.00,100.00,1000.05,0.00,1400.10
858.044,100368.72,4100.79,77178.27,2539722.71,130414.68,0.00,7702.93,0.00,0.00,700.03,0.00,1900.19
858.190,92599.12,3900.71,82618.79,2511699.27,129908.38,0.00,8503.57,0.00,0.00,400.01,0.00,1700.15
858.336,85742.29,5801.57,88566.25,2340159.23,136086.82,0.00,8003.16,100.00,0.00,800.03,0.00,1300.09
858.482,105214.96,4300.86,87961.28,2565858.46,134465.91,100.00,8403.48,0.00,100.00,500.01,0.00,1600.13
858.628,98551.95,4500.95,90986.49,2390309.04,127377.29,0.00,7102.49,0.00,0.00,1100.06,0.00,1400.10
858.774,98955.63,4600.99,81711.84,2574787.36,131731.16,0.00,7803.00,0.00,0.00,1000.05,0.00,1900.19
858.920,93103.46,4000.75,80704.23,2614045.37,144296.66,0.00,7302.63,100.00,0.00,700.03,100.00,1300.09
859.066,99964.96,4300.86,75365.37,2533383.06,133250.37,0.00,7803.00,0.00,0.00,1500.11,0.00,2000.21
859.212,97038.20,3500.57,83626.61,2572465.49,135884.19,0.00,7202.56,100.00,100.00,900.04,0.00,1100.06
859.358,99258.43,5701.52,98654.21,2502536.38,145107.88,0.00,10305.24,0.00,0.00,900.04,0.00,1500.12
859.504,99864.02,3900.71,83122.68,2617219.39,146831.86,0.00,7502.78,0.00,100.00,300.00,0.00,2200.25
859.650,94818.41,3600.61,76372.49,2570226.82,136897.39,0.00,7502.78,0.00,200.00,5301.43,0.00,1400.10
859.796,107840.92,2700.34,78689.25,2597932.87,140038.92,0.00,9404.36,0.00,0.00,400.01,0.00,1800.17
859.942,97845.51,4200.83,77480.44,2635411.58,136289.48,0.00,8603.65,0.00,0.00,700.03,0.00,2100.23
860.088,101277.22,4400.91,84332.12,2557697.71,136593.44,0.00,7803.00,0.00,0.00,900.04,0.00,2600.35
860.234,96634.57,5401.36,76876.08,2336166.65,134769.79,100.00,7402.70,0.00,0.00,300.00,0.00,2000.21
860.380,90380.25,4200.83,75163.95,2520068.81,136086.82,0.00,7302.63,100.00,0.00,600.02,0.00,1700.15
860.526,103902.22,10605.26,75566.79,2325600.44,128288.41,0.00,7302.63,100.00,0.00,900.04,0.00,1800.17
860.672,94011.35,7702.78,80099.68,2341077.98,126871.13,0.00,7102.49,0.00,0.00,500.01,0.00,1800.17
860.818,94112.23,7702.78,79696.69,2494041.66,133858.11,0.00,9204.18,0.00,0.00,400.01,0.00,2000.21
860.964,96331.86,7102.36,74358.33,2485780.72,135580.26,100.00,8403.48,0.00,100.00,500.01,0.00,2300.27
861.110,99258.43,4500.95,76674.65,2611881.89,146933.29,0.00,7903.08,100.00,0.00,600.02,100.00,2600.35
861.256,92901.72,5101.22,82820.35,2652918.81,153020.35,0.00,8303.40,0.00,0.00,100.00,0.00,2500.32
861.402,103599.28,3800.68,80401.95,2561230.92,135073.73,0.00,7302.63,0.00,0.00,300.00,0.00,2100.23
861.548,101781.98,3700.64,79998.93,2513144.39,137606.69,0.00,8003.16,100.00,100.00,200.00,0.00,1700.15
861.694,107133.86,4300.86,84836.10,2705173.50,134871.11,0.00,9204.18,0.00,0.00,1000.05,0.00,2300.27
861.841,102791.57,3800.68,79293.70,2760435.22,148048.99,0.00,8203.32,0.00,0.00,500.01,0.00,1600.13
861.987,98451.03,4100.79,86549.80,2648483.65,131629.87,0.00,9404.36,0.00,100.00,1000.05,0.00,2500.32
862.133,104104.15,4600.99,82820.35,2626181.70,153832.23,0.00,8703.73,0.00,0.00,600.02,0.00,1700.15
862.279,101882.92,44291.61,79092.21,2576182.28,136492.11,0.00,8203.32,0.00,0.00,600.02,100.00,1800.17
862.425,95020.20,4300.86,78588.50,2516877.99,136289.48,0.00,9104.09,0.00,0.00,500.01,0.00,1500.12
862.571,102892.54,4200.83,74358.33,2680708.46,138620.02,0.00,6902.35,100.00,100.00,400.01,0.00,2600.35
862.717,99258.43,4600.99,73250.72,2499161.77,128288.41,0.00,9104.09,0.00,0.00,600.02,0.00,1500.12
862.863,97139.11,4300.86,80603.46,2507197.13,136086.82,100.00,6301.96,0.00,0.00,100.00,0.00,1400.10
863.009,98350.11,3600.61,74056.24,2666007.68,128794.61,0.00,8203.32,0.00,0.00,600.02,100.00,700.03
863.155,101176.28,4300.86,73452.08,2534051.23,146324.80,0.00,8103.24,0.00,0.00,200.00,0.00,1900.19
863.301,94616.65,2800.37,71740.50,2562742.83,134668.50,0.00,10105.04,0.00,0.00,200.00,0.00,2000.21
863.447,104710.04,3000.42,67714.31,2410806.69,138924.08,0.00,8003.16,0.00,0.00,400.01,0.00,1600.13
863.593,95121.08,2500.29,74559.73,2473034.43,132338.80,0.00,8103.24,0.00,0.00,500.01,0.00,2100.23
863.739,100671.54,2800.37,77581.17,2621671.35,138417.36,0.00,8103.24,0.00,0.00,100.00,0.00,1900.19
863.885,102589.64,3400.54,73854.86,2550731.50,134263.30,0.00,8303.40,0.00,0.00,400.01,0.00,1200.07
864.031,98854.72,3800.68,85844.12,2453756.30,133452.93,0.00,9904.84,0.00,0.00,200.00,0.00,2300.27
864.177,92195.63,4200.83,74459.03,2550255.53,134668.50,0.00,8603.65,0.00,0.00,400.01,0.00,1600.13
864.323,107436.89,4100.79,83021.91,2498585.41,133554.21,0.00,8803.82,0.00,0.00,600.02,0.00,2100.23
864.469,104205.14,4100.79,74861.84,2527302.20,135073.73,0.00,11106.08,0.00,100.00,900.04,0.00,2000.21
864.615,103195.44,5101.22,70230.49,2510939.12,133149.09,0.00,10205.14,0.00,0.00,700.03,0.00,1800.17
864.761,107739.91,3000.42,78588.50,2552268.42,142066.19,0.00,7202.56,0.00,0.00,600.02,0.00,2100.23
864.907,101882.92,4100.79,75768.21,2536231.31,137910.67,0.00,6201.90,0.00,0.00,600.02,0.00,1600.13
865.053,102791.57,4600.99,71035.80,2540691.66,134465.91,0.00,8703.73,0.00,0.00,500.01,0.00,2400.30
865.199,99864.02,3400.54,72646.60,2628812.95,135377.65,0.00,7002.42,0.00,0.00,200.00,100.00,2200.25
865.345,104508.07,3400.54,76070.34,2531002.40,136390.77,0.00,8703.73,100.00,0.00,100.00,0.00,1300.09
865.491,101983.89,4200.83,74156.95,2490174.27,133351.66,0.00,8103.24,0.00,100.00,500.01,0.00,1600.13
865.637,100267.78,3000.42,79293.70,2567612.36,133858.11,100.00,9104.09,0.00,0.00,500.01,0.00,1300.09
865.783,101983.89,2900.39,77581.17,2385798.49,133756.83,100.00,7903.08,0.00,0.00,400.01,0.00,2100.23
865.929,93708.69,3800.68,74358.33,2496798.10,130009.65,0.00,5901.72,0.00,0.00,100.00,0.00,2400.30
866.075,100267.78,3500.57,71136.46,2654397.32,132338.80,0.00,7002.42,0.00,0.00,200.00,0.00,2400.30
866.221,95524.67,4400.91,74459.03,2511916.46,131731.16,0.00,8603.65,100.00,0.00,900.04,0.00,1300.09
866.367,99056.57,5301.32,77480.44,2520269.20,132237.52,0.00,8403.48,200.00,0.00,1100.06,0.00,1000.05
866.513,100267.78,4801.08,76876.08,2487125.64,140241.63,0.00,5601.55,0.00,0.00,500.01,0.00,2000.21
866.659,103296.39,4200.83,78185.57,2456228.77,136390.77,0.00,7402.70,0.00,0.00,700.03,0.00,1100.06
866.805,99864.02,3600.61,75063.25,2591618.22,134263.30,0.00,7102.49,100.00,0.00,600.02,0.00,2100.23
866.951,98753.79,5701.52,73653.47,2493899.67,128794.61,0.00,7202.56,0.00,0.00,600.02,0.00,1600.13
867.097,98249.18,6201.80,72747.29,2493039.31,129199.61,0.00,8303.40,0.00,0.00,300.00,0.00,2300.27
867.243,99763.09,5701.52,80502.70,2413095.37,135276.35,0.00,7602.85,100.00,0.00,400.01,0.00,1600.13
867.389,96836.38,4901.12,74962.54,2447500.25,132642.65,0.00,8303.40,0.00,0.00,600.02,0.00,1700.15
867.535,102286.75,5201.27,81006.50,2427044.39,138214.69,0.00,8903.91,0.00,0.00,700.03,0.00,1900.19
867.681,101983.89,6401.92,76171.06,2479583.06,127377.29,0.00,6902.35,100.00,0.00,900.04,100.00,1900.19
867.827,106426.87,4200.83,83525.82,2471104.94,131528.60,0.00,8703.73,100.00,0.00,400.01,0.00,1400.10
867.974,100368.72,4801.08,73250.72,2449721.93,134972.42,0.00,8703.73,0.00,0.00,600.02,0.00,1900.19
868.120,98551.95,6401.92,77984.10,2420687.94,126162.59,0.00,8103.24,0.00,0.00,400.01,0.00,1500.12
868.266,97542.76,5601.47,81107.25,2576650.06,124239.59,0.00,6902.35,0.00,100.00,400.01,0.00,2300.27
868.412,106426.87,6501.98,75163.95,2455594.00,134871.11,0.00,9404.36,0.00,0.00,300.00,0.00,1900.19
868.558,102892.54,5701.52,72646.60,2456930.52,135884.19,0.00,9004.00,100.00,0.00,400.01,0.00,2000.21
868.704,101277.22,4500.95,73754.16,2485956.11,133250.37,0.00,7002.42,0.00,0.00,600.02,0.00,1000.05
868.850,103902.22,4200.83,73653.47,2459144.00,125960.11,0.00,7702.93,0.00,0.00,500.01,0.00,1500.12
868.996,91893.05,5401.36,77278.99,2449838.92,127883.45,0.00,6402.02,0.00,0.00,300.00,0.00,1400.10
869.142,96029.15,3700.64,73552.78,2485304.74,134162.01,0.00,8003.16,0.00,0.00,400.01,0.00,800.03
869.288,96634.57,3400.54,72948.65,2480468.41,128794.61,0.00,8303.40,0.00,0.00,200.00,0.00,1900.19
869.434,98551.95,4000.75,68620.06,2425783.06,128895.86,0.00,5201.33,0.00,0.00,700.03,0.00,1900.19
869.580,95827.36,3900.71,71941.84,2386709.04,125150.42,100.00,8303.40,0.00,0.00,600.02,0.00,1500.12
869.726,99056.57,3500.57,69324.59,2441001.81,129098.35,0.00,9504.45,100.00,0.00,600.02,0.00,1900.19
869.872,105517.92,3100.45,77984.10,2517195.37,132034.99,0.00,8503.57,0.00,0.00,300.00,0.00,1400.10
870.018,96331.86,2800.37,72445.23,2430510.80,134567.20,0.00,8103.24,100.00,0.00,400.01,100.00,1000.05
870.164,94616.65,2400.27,73351.40,2426426.23,131427.35,100.00,8303.40,0.00,0.00,500.01,0.00,1900.19
870.310,101075.32,3000.42,70331.15,2477377.99,145919.12,0.00,7302.63,0.00,0.00,300.00,100.00,1500.12
870.456,95121.08,3800.68,74156.95,2463863.14,130414.68,0.00,7702.93,0.00,0.00,500.01,0.00,1500.12
870.602,98955.63,4100.79,74459.03,2430853.18,135580.26,0.00,7002.42,100.00,0.00,600.02,0.00,1400.10
870.748,103094.46,4500.95,83324.26,2373570.17,143384.15,0.00,7602.85,0.00,0.00,300.00,0.00,1100.06
870.894,91893.05,5601.47,77480.44,2475782.48,127782.21,0.00,7702.93,0.00,0.00,600.02,0.00,1600.13
871.040,96331.86,4901.12,79595.94,2559527.01,131731.16,0.00,8203.32,0.00,0.00,500.01,0.00,2000.21
871.186,92498.23,4400.91,75163.95,2471639.51,136390.77,0.00,8103.24,0.00,100.00,400.01,0.00,1600.13
871.332,101983.89,4300.86,71539.15,2549545.56,132743.95,0.00,7202.56,100.00,0.00,700.03,0.00,1800.17
871.478,99157.51,3600.61,67814.94,2385631.50,132136.25,0.00,6301.96,0.00,0.00,200.00,0.00,1300.09
871.624,94919.31,3700.64,71136.46,2392547.51,131123.51,0.00,8003.16,0.00,0.00,400.01,0.00,1400.10
871.770,97038.20,3300.51,67211.13,2429683.84,138518.69,0.00,7803.00,0.00,100.00,500.01,100.00,1300.09
871.916,97643.67,3300.51,71237.14,2463219.98,133351.66,0.00,9204.18,0.00,0.00,400.01,0.00,2300.27
872.062,101277.22,3700.64,78387.03,2485363.14,135782.89,0.00,7402.70,100.00,100.00,400.01,0.00,1400.10
872.208,100368.72,4901.12,75868.92,2502953.96,129503.36,0.00,6001.78,100.00,400.01,700.03,100.00,1300.09
872.354,97744.59,2100.21,74761.13,2520319.39,131933.71,0.00,7402.70,100.00,0.00,200.00,0.00,1200.07
872.500,99359.35,3900.71,70029.18,2396498.49,137201.36,0.00,9004.00,0.00,100.00,200.00,0.00,1600.13
872.646,100974.39,4000.75,71941.84,2405060.01,140849.77,0.00,7502.78,0.00,0.00,200.00,0.00,1700.15
872.792,97441.85,2800.37,79394.44,2581035.21,134060.71,0.00,7402.70,0.00,0.00,300.00,0.00,1700.15
872.938,98451.03,3000.42,67009.86,2435923.30,133250.37,0.00,7402.70,0.00,0.00,700.03,0.00,1300.09
873.084,92800.85,2500.29,73854.86,2500080.72,133452.93,100.00,8403.48,0.00,0.00,300.00,0.00,1500.12
873.230,96331.86,3000.42,73955.56,2485580.33,125757.69,0.00,7002.42,0.00,0.00,500.01,0.00,1400.10
873.376,102791.57,6101.74,77278.99,2486682.87,141255.25,0.00,6101.84,0.00,0.00,300.00,200.00,1500.12
873.522,98350.11,4100.79,72948.65,2528212.56,128997.12,0.00,6902.35,0.00,0.00,600.02,0.00,1800.17
873.668,94313.99,4100.79,80200.44,2582054.35,143891.12,100.00,7602.85,0.00,100.00,500.01,0.00,2400.30
873.814,103094.46,4000.75,74761.13,2570377.21,135681.57,0.00,7702.93,0.00,0.00,600.02,0.00,1200.07
873.960,95322.87,2800.37,79595.94,2541326.42,139126.76,0.00,6402.02,0.00,0.00,600.02,0.00,2000.21
874.106,99964.96,4701.03,74962.54,2540700.06,132845.22,0.00,5901.72,0.00,0.00,300.00,0.00,1900.19
874.253,101983.89,2500.29,71136.46,2561147.52,119888.82,0.00,9504.45,0.00,0.00,0.00,0.00,1600.13
874.399,94313.99,4300.86,72847.96,2506695.95,131427.35,0.00,7302.63,0.00,100.00,600.02,0.00,2000.21
874.545,99964.96,3700.64,76876.08,2511356.89,134060.71,0.00,8503.57,0.00,0.00,200.00,0.00,1900.19
874.691,97643.67,2700.34,75365.37,2439815.68,135073.73,0.00,7502.78,0.00,0.00,500.01,0.00,1300.09
874.837,99763.09,5101.22,73955.56,2505276.03,121305.13,0.00,8103.24,0.00,0.00,400.01,0.00,2000.21
874.983,95625.56,3400.54,78789.98,2324698.29,126061.36,0.00,8803.82,0.00,0.00,200.00,0.00,700.03
875.129,106224.86,4100.79,78991.47,2416778.76,140444.34,0.00,7602.85,0.00,100.00,600.02,0.00,900.04
875.275,99157.51,3500.57,79898.18,2375173.88,135478.95,100.00,9104.09,0.00,100.00,500.01,0.00,1600.13
875.421,107739.91,3400.54,63890.82,2564822.71,128490.87,0.00,6201.90,0.00,0.00,300.00,0.00,1600.13
875.567,94818.41,2900.39,77077.54,2565148.49,132743.95,0.00,7402.70,0.00,0.00,700.03,0.00,1700.15
875.713,92195.63,3300.51,76070.34,2689704.36,137708.02,0.00,7702.93,0.00,0.00,700.03,0.00,1700.15
875.859,97441.85,3800.68,67714.31,2389139.70,139025.42,0.00,6402.02,0.00,0.00,400.01,200.00,1100.06
876.005,94414.88,39372.41,69425.26,2480109.24,136593.44,0.00,6402.02,0.00,0.00,900.04,0.00,1200.07
876.151,94112.23,3400.54,87053.87,2360063.92,147947.55,0.00,6702.22,0.00,0.00,700.03,0.00,2000.21
876.297,97845.51,5201.27,75163.95,2593347.13,128085.93,0.00,9504.45,0.00,0.00,300.00,0.00,1800.17
876.443,99864.02,3400.54,79998.93,2545035.02,128794.61,0.00,8103.24,0.00,0.00,1300.09,0.00,1300.09
876.589,99258.43,3700.64,78588.50,2446539.70,123328.80,0.00,7803.00,0.00,0.00,600.02,0.00,1800.17
876.735,90985.34,4500.95,74156.95,2275367.24,136390.77,0.00,6902.35,200.00,0.00,1100.06,0.00,2100.23
876.881,95827.36,4200.83,75466.08,2359980.33,134162.01,100.00,8603.65,0.00,0.00,300.00,0.00,1700.15
877.027,84734.31,4400.91,79293.70,2399096.15,141559.35,0.00,7803.00,100.00,0.00,400.01,0.00,1600.13
877.173,98350.11,9103.88,73049.33,2370713.53,128490.87,0.00,6802.28,0.00,0.00,1000.05,0.00,2000.21
877.319,92195.63,4300.86,73452.08,2408367.63,124138.37,0.00,6902.35,0.00,100.00,1000.05,0.00,2100.23
877.465,99561.22,2600.32,75566.79,2388011.97,130819.72,0.00,6602.15,0.00,0.00,700.03,0.00,1400.10
877.611,95423.78,5601.47,74459.03,2459720.17,124745.57,100.00,8403.48,100.00,0.00,200.00,0.00,1300.09
877.757,99460.28,2000.19,75768.21,2465024.27,124441.97,0.00,5901.72,0.00,0.00,100.00,0.00,1400.10
877.903,94011.35,2500.29,77883.36,2430970.17,139430.80,200.00,7202.56,0.00,0.00,400.01,200.00,2400.30
878.049,95020.20,3500.57,77984.10,2280111.57,124745.57,0.00,6201.90,300.00,0.00,600.02,0.00,1600.13
878.195,96937.29,3400.54,74962.54,2338764.31,121608.67,100.00,8003.16,0.00,0.00,500.01,0.00,1400.10
878.341,99157.51,3300.51,79192.96,2363805.91,123632.39,0.00,7702.93,0.00,0.00,100.00,0.00,1800.17
878.487,90481.09,4300.86,76171.06,2440584.23,130313.42,0.00,8603.65,0.00,0.00,100.00,0.00,1800.17
878.633,94213.11,3300.51,82417.24,2511415.29,128693.39,0.00,7602.85,0.00,0.00,300.00,0.00,1900.19
878.779,95928.26,2500.29,83324.26,2434611.97,127174.81,0.00,7002.42,0.00,0.00,100.00,0.00,1800.17
878.925,95726.45,3600.61,75969.63,2309112.16,128288.41,0.00,8303.40,0.00,0.00,200.00,0.00,1000.05
879.071,99763.09,2300.25,83828.18,2385305.72,127883.45,0.00,7602.85,0.00,100.00,100.00,0.00,2300.27
879.217,96029.15,1900.17,81611.09,2437568.80,125454.07,0.00,8603.65,0.00,0.00,100.00,100.00,1800.17
879.363,95625.56,3400.54,80200.44,2414707.48,128592.13,0.00,8303.40,0.00,0.00,100.00,0.00,1900.19
879.509,100368.72,2600.32,76372.49,2467020.56,126162.59,0.00,8603.65,0.00,0.00,300.00,0.00,1600.13
879.655,102690.62,4000.75,95223.23,2484962.16,133756.83,0.00,7102.49,0.00,0.00,700.03,0.00,1900.19
879.801,95322.87,4300.86,85037.70,2450423.69,135782.89,0.00,6802.28,0.00,0.00,900.04,0.00,1800.17
879.947,95322.87,3100.45,76775.37,2395905.33,126162.59,200.00,7302.63,0.00,0.00,1200.07,0.00,2000.21
880.093,89170.16,3800.68,80502.70,2371431.89,133655.53,300.00,6802.28,0.00,0.00,400.01,0.00,2700.38
880.239,90985.34,3700.64,86348.16,2428188.73,127782.21,900.04,10205.14,0.00,0.00,900.04,0.00,1300.09
880.386,95121.08,4400.91,87457.15,2412519.00,124846.80,600.02,6201.90,100.00,100.00,1100.06,0.00,2200.25
880.532,99964.96,5201.27,86549.80,2471915.29,132946.51,1300.08,8703.73,0.00,100.00,600.02,0.00,2000.21
880.678,96836.38,3500.57,83727.40,2445863.14,136998.72,900.04,7903.08,0.00,100.00,1500.11,0.00,1400.10
880.824,94515.77,4300.86,91289.07,2442120.95,132845.22,500.01,8203.32,0.00,0.00,1100.06,0.00,1800.17
880.970,96331.86,3900.71,82719.58,2428130.13,131224.80,0.00,6402.02,0.00,0.00,700.03,0.00,1900.19
881.116,92296.51,3400.54,78185.57,2293509.23,134668.50,100.00,7202.56,100.00,0.00,1000.05,300.00,1900.19
881.262,107537.89,3800.68,87356.33,2566175.84,130617.19,0.00,6201.90,0.00,0.00,1300.09,0.00,2000.21
881.408,108447.01,5501.42,91389.91,2641058.07,142370.33,100.00,8703.73,100.00,0.00,1200.07,0.00,2600.35
881.554,101378.17,3100.45,90280.53,2468064.70,119787.65,200.00,9904.84,100.00,200.00,1200.07,0.00,1700.15
881.700,95221.97,4100.79,89272.09,2475916.27,128693.39,0.00,8803.82,100.00,0.00,500.01,0.00,2100.23
881.846,95827.36,2200.23,81711.84,2404492.05,128187.16,200.00,7202.56,0.00,100.00,200.00,0.00,1100.06
881.992,93406.09,5001.17,84936.89,2329083.65,131731.16,0.00,9204.18,0.00,0.00,300.00,0.00,2000.21
882.138,93910.46,7002.29,86650.61,2400232.08,124644.38,0.00,6802.28,0.00,0.00,600.02,0.00,2100.23
882.284,101681.03,4701.03,91591.63,2345655.33,132743.95,0.00,8103.24,100.00,0.00,500.01,0.00,1400.10
882.430,88262.67,3900.71,91894.22,2446999.08,130110.88,0.00,7602.85,0.00,100.00,600.02,0.00,1600.13
882.576,93103.46,3900.71,97544.08,2491919.98,123733.57,0.00,7803.00,0.00,0.00,500.01,0.00,900.04
882.722,98249.18,4300.86,81208.03,2330854.35,114528.76,0.00,8803.82,0.00,0.00,800.03,0.00,2000.21
882.868,88968.48,2800.37,89272.09,2327237.55,120293.47,0.00,7903.08,0.00,0.00,400.01,0.00,1100.06
883.014,89674.34,3600.61,90179.68,2388596.73,127883.45,0.00,7803.00,0.00,0.00,800.03,0.00,1300.09
883.160,91287.92,3600.61,91389.91,2432231.50,121709.85,0.00,8203.32,100.00,0.00,500.01,0.00,1800.17
883.306,102185.81,3000.42,84533.72,2376994.78,120192.28,0.00,7502.78,0.00,0.00,200.00,0.00,1500.12
883.452,96735.47,4000.75,95727.72,2462627.01,118978.41,0.00,8003.16,0.00,0.00,200.00,0.00,1900.19
883.598,95423.78,4100.79,101379.60,2296984.04,126567.46,100.00,10605.55,0.00,0.00,500.01,0.00,1400.10
883.744,91489.62,3200.48,85239.30,2429692.24,120596.96,0.00,7702.93,0.00,0.00,500.01,0.00,2000.21
883.890,89976.86,3900.71,79898.18,2363822.51,122418.11,0.00,8203.32,0.00,0.00,100.00,0.00,2100.23
884.036,104609.05,3700.64,97846.84,2443941.85,129503.36,100.00,7202.56,0.00,0.00,100.00,100.00,1200.07
884.182,96533.67,4200.83,95828.63,2376025.83,124543.19,0.00,7302.63,0.00,0.00,600.02,0.00,2000.21
884.328,100166.84,3200.48,90885.63,2409511.97,127782.21,200.00,7602.85,0.00,0.00,500.01,0.00,1800.17
884.474,96735.47,2800.37,92802.03,2373002.20,123531.18,100.00,7302.63,0.00,0.00,400.01,0.00,2100.23
884.620,96937.29,3600.61,89574.62,2423636.38,132946.51,0.00,8103.24,0.00,0.00,300.00,0.00,2000.21
884.766,97139.11,5601.47,94214.35,2500707.09,125960.11,0.00,8703.73,0.00,0.00,600.02,0.00,1400.10
884.912,101681.03,4000.75,91289.07,2549595.56,128895.86,0.00,7202.56,0.00,0.00,500.01,0.00,1800.17
885.058,95221.97,3500.57,95828.63,2464873.88,127579.74,0.00,8403.48,0.00,0.00,700.03,0.00,2500.32
885.204,98350.11,4100.79,88162.91,2445579.16,129807.11,0.00,8603.65,0.00,0.00,800.03,0.00,2000.21
885.350,98451.03,4300.86,90885.63,2469192.24,131427.35,0.00,7803.00,0.00,100.00,200.00,0.00,1900.19
885.496,100873.43,3600.61,92802.03,2459144.00,123227.62,0.00,6602.15,0.00,0.00,900.04,0.00,2100.23
885.642,92094.78,4100.79,82114.92,2449003.77,122316.92,0.00,7702.93,0.00,0.00,400.01,0.00,2200.25
885.788,95020.20,1800.15,90482.23,2549988.14,125555.25,0.00,8803.82,0.00,0.00,800.03,0.00,2400.30
885.934,94414.88,4400.91,83223.46,2457924.47,132034.99,0.00,8603.65,0.00,0.00,400.01,0.00,1500.12
886.080,98451.03,3800.68,92701.16,2452035.80,131427.35,0.00,6902.35,0.00,100.00,600.02,0.00,2500.32
886.226,97845.51,3300.51,92701.16,2347760.21,124745.57,0.00,8003.16,0.00,0.00,700.03,0.00,1200.07
886.372,94112.23,4500.95,80401.95,2375307.47,125858.90,0.00,7803.00,0.00,0.00,700.03,0.00,1600.13
886.519,94213.11,3200.48,91692.49,2384253.37,124846.80,0.00,8903.91,0.00,100.00,500.01,0.00,1600.13
886.665,96735.47,3900.71,89574.62,2437410.02,116652.22,0.00,8103.24,0.00,300.00,500.01,0.00,1100.06
886.811,86750.38,3100.45,79898.18,2427737.55,122620.46,100.00,8603.65,0.00,100.00,400.01,200.00,1800.17
886.957,101983.89,3800.68,86650.61,2405268.80,124138.37,0.00,7702.93,0.00,0.00,600.02,0.00,1900.19
887.103,87960.19,3100.45,89977.98,2337402.79,131123.51,0.00,7502.78,0.00,0.00,500.01,0.00,1900.19
887.249,102387.73,3600.61,82417.24,2385021.73,124340.76,0.00,8303.40,0.00,100.00,1000.05,0.00,2100.23
887.395,96029.15,5001.17,90179.68,2480643.81,127174.81,0.00,6201.90,0.00,0.00,700.03,0.00,1600.13
887.541,94818.41,3800.68,89877.14,2439723.88,120799.28,0.00,7102.49,0.00,0.00,400.01,0.00,2300.27
887.687,100974.39,3500.57,92802.03,2389031.11,122013.38,0.00,6301.96,0.00,0.00,200.00,0.00,1800.17
887.833,100065.90,3300.51,86953.05,2481161.77,127984.70,0.00,9504.45,0.00,0.00,700.03,0.00,1700.15
887.979,95524.67,4400.91,93306.42,2505560.02,137708.02,0.00,8003.16,0.00,0.00,500.01,0.00,1400.10
888.125,98350.11,3700.64,92600.30,2412852.98,133452.93,0.00,9004.00,0.00,0.00,100.00,0.00,1300.09
888.271,93103.46,4801.08,81913.39,2370788.72,134263.30,0.00,9104.09,0.00,0.00,400.01,0.00,2300.27
888.417,95121.08,3400.54,86751.41,2436792.05,126769.91,0.00,7502.78,0.00,0.00,400.01,0.00,2300.27
888.563,100570.60,3300.51,90885.63,2401827.40,123429.98,0.00,8503.57,0.00,0.00,200.00,0.00,2000.21
888.709,93305.21,3100.45,86045.73,2379250.05,122924.05,0.00,8203.32,0.00,0.00,900.04,0.00,1300.09
888.855,103700.26,3300.51,95324.14,2518932.67,132642.65,0.00,7302.63,0.00,0.00,1000.05,100.00,1800.17
889.001,92800.85,3000.42,93709.91,2395830.13,127276.03,0.00,8803.82,0.00,0.00,1100.06,0.00,1100.06
889.147,95020.20,4701.03,88667.07,2405001.42,131933.71,0.00,7602.85,0.00,0.00,1200.07,0.00,1800.17
889.293,93204.32,3900.71,92095.96,2421113.92,128895.86,0.00,7803.00,0.00,0.00,400.01,0.00,2000.21
889.439,101781.98,7402.56,93810.80,2508057.48,136492.11,0.00,6702.22,0.00,0.00,300.00,0.00,2600.35
889.585,98753.79,4400.91,92095.96,2498944.59,127174.81,0.00,6301.96,0.00,0.00,700.03,0.00,2000.21
889.731,90884.49,4600.99,90583.07,2409411.77,129604.62,0.00,7702.93,0.00,0.00,900.04,0.00,2000.21
889.877,95524.67,4600.99,86650.61,2562759.43,129199.61,100.00,8503.57,100.00,0.00,600.02,0.00,3100.50
890.023,102084.84,3300.51,93205.53,2492287.56,126871.13,200.00,6502.09,0.00,100.00,300.00,0.00,1700.15
890.169,90985.34,4400.91,87658.79,2434879.16,126972.37,0.00,6802.28,0.00,0.00,300.00,0.00,1800.17
890.315,104104.15,6101.74,93407.28,2487159.04,129705.85,0.00,9704.64,100.00,0.00,400.01,100.00,2500.32
890.461,99662.17,4300.86,97241.33,2370229.15,122114.55,0.00,6402.02,0.00,0.00,200.00,0.00,2100.23
890.607,93305.21,3900.71,89171.26,2553178.96,124239.59,0.00,8603.65,0.00,100.00,900.04,0.00,2000.21
890.753,98350.11,4200.83,92600.30,2607772.32,128895.86,0.00,8503.57,0.00,0.00,600.02,0.00,1500.12
890.899,95322.87,6201.80,92499.42,2501692.63,139734.84,100.00,9204.18,0.00,0.00,700.03,0.00,1300.09
891.045,98854.72,4200.83,95324.14,2549060.99,133047.79,0.00,9104.09,0.00,200.00,400.01,0.00,1400.10
891.191,98350.11,5301.32,95425.03,2458567.63,129300.86,0.00,5501.49,0.00,0.00,300.00,0.00,1500.12
891.337,94717.52,2700.34,91289.07,2390584.62,129908.38,0.00,6402.02,100.00,0.00,100.00,0.00,2400.30
891.483,101075.32,6001.68,88667.07,2417305.13,127680.97,0.00,6101.84,0.00,100.00,400.01,0.00,1900.19
891.629,101176.28,4200.83,94012.58,2523175.84,129300.86,0.00,9004.00,100.00,0.00,1400.10,0.00,1600.13
891.775,96432.76,5501.42,85239.30,2414473.49,132541.37,0.00,6101.84,0.00,100.00,600.02,0.00,2200.25
891.921,95625.56,3300.51,96030.42,2587124.47,128592.13,0.00,6902.35,0.00,0.00,700.03,0.00,2500.32
892.067,104407.09,4701.03,91995.08,2422492.05,127579.74,0.00,7202.56,0.00,0.00,0.00,0.00,2200.25
892.213,96533.67,4100.79,90381.39,2501483.84,140241.63,100.00,8403.48,0.00,0.00,200.00,0.00,1800.17
892.359,100671.54,3300.51,97039.50,2441043.61,129098.35,0.00,8603.65,100.00,0.00,400.01,0.00,1300.09
892.505,95121.08,2800.37,92095.96,2334404.15,120394.63,0.00,7402.70,0.00,0.00,500.01,0.00,2500.32
892.651,97139.11,3400.54,88767.91,2356046.15,115742.10,0.00,6602.15,0.00,0.00,0.00,0.00,1400.10
892.798,98551.95,4600.99,87860.43,2457707.28,119686.50,0.00,7803.00,0.00,0.00,300.00,0.00,2400.30
892.944,93607.82,3700.64,86448.98,2381630.52,129402.11,0.00,6702.22,0.00,0.00,100.00,0.00,1500.12
893.090,91893.05,3600.61,104812.54,2477536.58,118674.98,0.00,9204.18,0.00,300.00,300.00,0.00,1600.13
893.236,99359.35,3700.64,89372.93,2535813.53,119079.57,0.00,7903.08,0.00,0.00,100.00,0.00,2100.23
893.382,105618.90,3900.71,92600.30,2475565.29,126061.36,200.00,6301.96,0.00,0.00,600.02,0.00,2200.25
893.528,97240.02,4400.91,90885.63,2611029.94,138316.02,0.00,7402.70,0.00,0.00,600.02,0.00,1900.19
893.674,93305.21,2800.37,88465.41,2342222.32,124441.97,0.00,8403.48,0.00,0.00,500.01,0.00,1400.10
893.820,96533.67,4000.75,94617.89,2538486.58,124644.38,0.00,6402.02,0.00,0.00,300.00,0.00,2500.32
893.966,98148.26,3300.51,79898.18,2517161.97,124441.97,0.00,6902.35,0.00,0.00,1000.05,0.00,2500.32
894.112,93002.58,3900.71,91995.08,2344444.19,121507.49,0.00,8303.40,0.00,0.00,400.01,0.00,1600.13
894.258,90581.94,4500.95,89977.98,2330545.36,120596.96,100.00,6101.84,100.00,0.00,300.00,0.00,1800.17
894.404,88464.32,4000.75,95223.23,2392213.53,123531.18,0.00,7803.00,0.00,0.00,600.02,0.00,2200.25
894.550,102084.84,3900.71,96232.24,2475582.09,128288.41,0.00,7903.08,0.00,0.00,300.00,0.00,1300.09
894.696,97441.85,4300.86,90986.49,2444626.81,127883.45,0.00,7002.42,0.00,0.00,500.01,100.00,1300.09
894.842,97441.85,3600.61,85642.50,2421381.30,123531.18,0.00,8803.82,100.00,100.00,1100.06,0.00,1200.07
894.988,92296.51,4801.08,97039.50,2598275.25,124644.38,0.00,7903.08,0.00,0.00,1000.05,0.00,2700.38
895.134,94919.31,4801.08,90482.23,2377938.73,126162.59,0.00,6502.09,100.00,100.00,1000.05,0.00,1200.07
895.280,91590.47,5401.36,87255.50,2523050.64,126769.91,100.00,6001.78,0.00,100.00,300.00,0.00,1600.13
895.426,92195.63,4701.03,87759.61,2389674.27,128288.41,0.00,6201.90,0.00,0.00,1200.07,0.00,1400.10
895.572,100065.90,3700.64,98149.59,2309153.96,126567.46,100.00,9204.18,0.00,0.00,900.04,100.00,2500.32
895.718,99157.51,3900.71,93003.79,2571412.95,127782.21,100.00,7102.49,0.00,100.00,1100.06,0.00,1400.10
895.864,105012.99,5401.36,91490.78,2594850.64,129098.35,0.00,7502.78,0.00,100.00,900.04,0.00,2100.23
896.010,98047.35,4100.79,96232.24,2488269.78,122013.38,0.00,8103.24,0.00,0.00,400.01,0.00,2700.38
896.156,97845.51,3700.64,93407.28,2582104.35,130313.42,100.00,10405.34,0.00,0.00,400.01,0.00,2200.25
896.302,98249.18,6301.86,90280.53,2512375.84,127073.60,0.00,7402.70,0.00,0.00,500.01,0.00,1600.13
896.448,100772.48,2600.32,92902.91,2405143.41,131629.87,0.00,8003.16,0.00,0.00,600.02,0.00,2700.38
896.594,92397.37,3500.57,92701.16,2449730.33,124745.57,0.00,7702.93,0.00,0.00,200.00,0.00,2600.35
896.740,100570.60,4300.86,95626.83,2465283.26,120799.28,0.00,6402.02,0.00,0.00,300.00,0.00,1800.17
896.886,96533.67,4701.03,89171.26,2580793.03,122822.85,200.00,8203.32,0.00,0.00,800.03,0.00,1800.17
897.032,93506.96,5601.47,88465.41,2505693.61,119888.82,100.00,8303.40,0.00,0.00,500.01,0.00,2300.27
897.178,92397.37,5901.63,85239.30,2503789.31,126769.91,0.00,5501.49,0.00,0.00,200.00,0.00,1800.17
897.324,91489.62,9304.05,91188.20,2490784.04,124340.76,100.00,7302.63,0.00,0.00,800.03,0.00,1800.17
897.470,90279.41,15210.82,93911.68,2439598.49,133655.53,0.00,8903.91,0.00,0.00,400.01,0.00,1600.13
897.616,93204.32,13708.79,103196.90,2486716.27,133756.83,0.00,7102.49,0.00,0.00,1100.06,0.00,2100.23
897.762,85641.49,8403.30,89977.98,2486048.10,132642.65,0.00,9104.09,0.00,0.00,500.01,0.00,2400.30
897.908,94717.52,7502.63,85944.93,2491318.61,126061.36,0.00,9004.00,0.00,0.00,700.03,0.00,3000.47
898.054,95221.97,5101.22,92701.16,2509176.81,124239.59,0.00,8303.40,0.00,0.00,1100.06,0.00,1600.13
898.200,102286.75,6101.74,96333.15,2448961.97,138316.02,0.00,7803.00,0.00,0.00,500.01,0.00,1500.12
898.346,96029.15,6602.04,91289.07,2371239.70,126365.01,0.00,7402.70,0.00,0.00,600.02,0.00,2000.21
898.492,91691.33,4600.99,90784.79,2481487.36,125555.25,0.00,7302.63,0.00,0.00,900.04,0.00,2200.25
898.638,102993.51,6101.74,88364.58,2481996.93,132845.22,0.00,7302.63,0.00,0.00,400.01,0.00,2000.21
898.784,89674.34,5201.27,89675.45,2640314.71,130617.19,0.00,7602.85,100.00,0.00,200.00,0.00,1400.10
898.931,89674.34,4500.95,91087.34,2501859.82,127073.60,0.00,7402.70,0.00,0.00,300.00,0.00,1500.12
899.077,93607.82,17614.51,83928.97,2603261.97,127174.81,0.00,7702.93,0.00,0.00,400.01,0.00,2300.27
899.223,97441.85,2600.32,84836.10,2480961.19,133351.66,0.00,7502.78,0.00,200.00,700.03,0.00,1700.15
899.369,93910.46,4100.79,88062.09,2485371.54,126972.37,100.00,8103.24,0.00,0.00,500.01,0.00,2400.30
899.515,93406.09,4801.08,94819.67,2448419.00,131326.06,0.00,6301.96,0.00,0.00,100.00,0.00,1800.17
899.661,94818.41,4400.91,94214.35,2369243.41,113922.15,0.00,7702.93,100.00,0.00,400.01,0.00,2000.21
899.807,90077.71,3000.42,93609.04,2410957.09,130009.65,0.00,7903.08,0.00,0.00,300.00,0.00,2100.23
899.953,99864.02,4701.03,84936.89,2408467.83,123834.77,0.00,7202.56,100.00,0.00,400.01,0.00,2700.38
900.099,92699.97,4801.08,98452.36,2442588.73,124745.57,0.00,7803.00,0.00,0.00,300.00,0.00,2000.21
900.245,99964.96,3100.45,80704.23,2531962.95,125251.63,0.00,6802.28,0.00,0.00,300.00,0.00,1200.07
900.391,96230.95,4801.08,88667.07,2516852.99,125251.63,0.00,6702.22,0.00,0.00,800.03,0.00,2200.25
900.537,97542.76,4100.79,88465.41,2458809.82,127073.60,0.00,7202.56,0.00,0.00,300.00,0.00,2000.21
900.683,91388.76,4200.83,85541.69,2495102.40,133959.41,0.00,4000.79,0.00,0.00,400.01,0.00,1700.15
900.829,98047.35,4300.86,82921.13,2476784.82,130414.68,0.00,7803.00,0.00,0.00,900.04,0.00,2200.25
900.975,92901.72,4400.91,88969.58,2455368.41,124037.16,0.00,5501.49,0.00,0.00,600.02,200.00,2100.23
901.121,100469.66,3900.71,91490.78,2549871.35,135478.95,0.00,7602.85,0.00,0.00,300.00,0.00,1700.15
901.267,100671.54,3900.71,87860.43,2670351.04,123429.98,0.00,5801.66,0.00,0.00,300.00,0.00,2000.21
901.413,99258.43,5601.47,79696.69,2458509.04,129705.85,100.00,7803.00,0.00,0.00,200.00,0.00,1200.07
901.559,99763.09,6902.23,88868.74,2357140.29,129402.11,0.00,6502.09,0.00,0.00,800.03,0.00,1600.13
901.705,94919.31,7002.29,83928.97,2478188.14,125150.42,100.00,7803.00,0.00,0.00,700.03,0.00,1300.09
901.851,100368.72,3800.68,80502.70,2420621.15,139532.16,0.00,8703.73,0.00,100.00,800.03,0.00,1600.13
901.997,94717.52,4000.75,88667.07,2546279.55,138113.36,0.00,6402.02,0.00,0.00,400.01,0.00,1800.17
902.143,94112.23,5001.17,82719.58,2419986.38,120799.28,0.00,6301.96,0.00,0.00,200.00,0.00,1100.06
902.289,99359.35,5701.52,80301.20,2523033.85,124037.16,0.00,6402.02,0.00,0.00,100.00,0.00,2100.23
902.435,88262.67,5001.17,77984.10,2609643.42,135478.95,0.00,7602.85,0.00,0.00,800.03,100.00,1400.10
902.581,89876.03,4200.83,83525.82,2352020.17,123834.77,0.00,6702.22,0.00,0.00,400.01,0.00,1700.15
902.727,90481.09,4300.86,81611.09,2451158.65,124239.59,0.00,6902.35,0.00,0.00,900.04,0.00,2300.27
902.873,93910.46,2700.34,75163.95,2269695.56,121811.04,0.00,8103.24,0.00,0.00,700.03,100.00,1400.10
903.019,89976.86,4400.91,82719.58,2320530.33,119281.90,0.00,7502.78,0.00,0.00,800.03,0.00,1600.13
903.165,92397.37,5301.32,74459.03,2465993.22,128490.87,0.00,5801.66,0.00,0.00,400.01,0.00,1200.07
903.311,103498.33,4801.08,74559.73,2546496.74,125150.42,0.00,7602.85,0.00,0.00,600.02,0.00,2000.21
903.457,96331.86,5501.42,86852.24,2562233.26,130414.68,0.00,6902.35,0.00,0.00,800.03,0.00,1500.12
903.603,90279.41,6702.10,61778.43,2374104.74,135985.50,0.00,7102.49,0.00,0.00,600.02,0.00,2100.23
903.749,94818.41,10004.68,81611.09,2411023.88,129300.86,0.00,6402.02,0.00,0.00,400.01,0.00,2100.23
903.895,91792.19,10705.36,75264.66,2392180.13,122822.85,0.00,6101.84,0.00,0.00,400.01,100.00,1100.06
904.041,98854.72,11706.41,79192.96,2452628.77,127276.03,100.00,5101.28,0.00,100.00,400.01,0.00,1600.13
904.187,95524.67,14609.98,78387.03,2525614.90,123834.77,0.00,6402.02,200.00,0.00,400.01,0.00,700.03
904.333,93204.32,30643.88,75566.79,2488938.14,118877.26,100.00,6301.96,0.00,0.00,400.01,0.00,900.04
904.479,95020.20,33652.91,76775.37,2558190.49,129604.62,0.00,7702.93,0.00,0.00,700.03,0.00,1600.13
904.625,92699.97,24728.58,72243.87,2317673.68,123227.62,0.00,5901.72,0.00,0.00,600.02,0.00,900.04
904.771,88665.99,12106.85,69123.30,2410121.73,133047.79,0.00,6402.02,0.00,0.00,500.01,0.00,1600.13
904.917,103195.44,6902.23,65299.32,2374488.92,124239.59,0.00,7502.78,0.00,100.00,500.01,0.00,1500.12
905.064,97340.93,8103.07,69123.30,2501291.85,454127.45,0.00,6502.09,0.00,100.00,800.03,0.00,2400.30
905.210,95020.20,8103.07,75063.25,2427428.57,133351.66,0.00,7202.56,300.00,100.00,600.02,0.00,1400.10
905.356,93506.96,3900.71,69525.90,2547565.88,134769.79,0.00,7702.93,0.00,0.00,1000.05,0.00,1300.09
905.502,93708.69,4000.75,71639.83,2705507.68,140342.98,0.00,7102.49,100.00,100.00,600.02,0.00,1900.19
905.648,99056.57,4000.75,69928.52,2570711.39,145513.49,0.00,7502.78,0.00,0.00,700.03,0.00,1500.12
905.794,91792.19,3400.54,74660.43,2364407.28,131528.60,0.00,6802.28,100.00,0.00,400.01,0.00,1300.09
905.940,91792.19,4400.91,63086.05,2369360.40,145107.88,0.00,6802.28,0.00,0.00,400.01,0.00,1200.07
906.086,88867.65,4500.95,69425.26,2461156.89,130718.47,0.00,6402.02,0.00,0.00,400.01,0.00,1200.07
906.232,92094.78,2900.39,72445.23,2580375.45,128389.64,0.00,6502.09,0.00,200.00,1200.07,0.00,1600.13
906.378,95221.97,5301.32,67613.67,2433417.44,137910.67,0.00,5301.39,0.00,0.00,200.00,0.00,800.03
906.524,97441.85,3600.61,64796.25,2457055.72,128592.13,0.00,6902.35,0.00,0.00,100.00,100.00,1100.06
906.670,96937.29,3200.48,66305.49,2396999.66,136694.74,100.00,6201.90,0.00,0.00,900.04,0.00,1200.07
906.816,86145.52,3100.45,66104.24,2393474.66,128490.87,0.00,5901.72,0.00,100.00,800.03,0.00,1100.06
906.962,92901.72,3500.57,68720.70,2373703.76,123632.39,0.00,7002.42,200.00,0.00,1100.06,100.00,1100.06
907.108,91993.90,4500.95,67211.13,2416720.37,130212.15,0.00,5801.66,100.00,300.00,800.03,0.00,1000.05
907.254,90279.41,4100.79,61677.85,2366303.37,129300.86,0.00,7202.56,0.00,0.00,500.01,0.00,1200.07
907.400,93204.32,4300.86,59465.33,2376159.62,123733.57,0.00,6502.09,0.00,0.00,700.03,0.00,1700.15
907.546,91489.62,5201.27,64192.61,2442371.54,131427.35,0.00,6402.02,0.00,0.00,500.01,100.00,1300.09
907.692,93002.58,4400.91,66003.63,2400557.87,130718.47,0.00,4801.14,0.00,100.00,700.03,0.00,1800.17
907.838,95524.67,3600.61,62381.93,2513169.39,137505.35,100.00,8203.32,0.00,0.00,800.03,0.00,1400.10
907.984,94213.11,4000.75,66104.24,2409578.76,141153.86,100.00,7903.08,0.00,100.00,800.03,0.00,1200.07
908.130,96130.05,3000.42,64393.83,2445153.18,139228.10,0.00,7702.93,0.00,0.00,1000.05,0.00,1800.17
908.276,94717.52,3400.54,64595.04,2486858.26,127984.70,0.00,6301.96,0.00,0.00,800.03,0.00,800.03
908.422,91590.47,2900.39,60772.67,2349948.69,129199.61,100.00,7502.78,100.00,400.01,600.02,0.00,1000.05
908.568,97441.85,5101.22,63589.02,2456328.96,135377.65,0.00,7402.70,0.00,0.00,600.02,0.00,1500.12
908.714,94919.31,4500.95,65802.38,2480760.80,136086.82,0.00,7803.00,0.00,0.00,600.02,0.00,1300.09
908.860,94011.35,4901.12,65399.92,2480142.63,150382.18,0.00,6201.90,200.00,0.00,200.00,0.00,1300.09
909.006,94313.99,3100.45,53232.53,2400207.08,143181.39,0.00,7602.85,0.00,0.00,600.02,0.00,800.03
909.152,98148.26,5301.32,59063.11,2425599.27,137910.67,0.00,8003.16,0.00,0.00,300.00,0.00,800.03
909.298,94616.65,3900.71,60672.10,2466176.81,136289.48,0.00,6902.35,0.00,200.00,800.03,0.00,1200.07
909.444,96432.76,4500.95,67613.67,2459561.58,139430.80,0.00,8603.65,0.00,0.00,300.00,0.00,600.02
909.590,88968.48,4300.86,59968.13,2454566.66,131731.16,0.00,7402.70,0.00,100.00,200.00,100.00,600.02
909.736,91792.19,4901.12,63689.61,2437335.02,131528.60,0.00,9204.18,0.00,0.00,400.01,0.00,1600.13
909.882,94213.11,4000.75,61174.96,2326110.01,138316.02,0.00,6001.78,0.00,0.00,700.03,0.00,1500.12
910.028,88464.32,4801.08,59063.11,2378698.69,134668.50,0.00,7702.93,0.00,0.00,300.00,0.00,1500.12
910.174,100873.43,4100.79,59666.45,2485847.52,131224.80,0.00,6001.78,0.00,100.00,900.04,100.00,1000.05
910.320,102387.73,4801.08,74459.03,2543163.92,137404.02,0.00,7903.08,0.00,0.00,900.04,0.00,1300.09
910.466,100368.72,4600.99,57152.74,2514104.94,140545.69,0.00,7402.70,0.00,0.00,800.03,0.00,1500.12
910.612,100065.90,6802.17,65399.92,2431897.32,137201.36,0.00,7202.56,0.00,300.00,1400.10,100.00,900.04
910.758,96937.29,5201.27,68116.85,2397818.22,129199.61,0.00,6702.22,300.00,300.00,800.03,0.00,800.03
910.904,99561.22,5101.22,64092.02,2389264.90,139836.18,0.00,7402.70,0.00,0.00,1000.05,0.00,1100.06
911.050,101479.12,5401.36,71639.83,2446623.10,135580.26,0.00,7202.56,0.00,0.00,900.04,0.00,700.03
911.196,96634.57,4200.83,68519.42,2395997.32,149976.38,0.00,6902.35,0.00,0.00,400.01,0.00,1600.13
911.343,98350.11,3900.71,71237.14,2467997.71,128895.86,0.00,9404.36,0.00,0.00,400.01,0.00,1500.12
911.489,101681.03,3500.57,62683.69,2388905.72,131224.80,0.00,7803.00,200.00,0.00,700.03,0.00,1000.05
911.635,93002.58,3400.54,63186.63,2417505.52,129098.35,0.00,8603.65,0.00,0.00,500.01,0.00,1500.12
911.781,95928.26,3000.42,62281.34,2428597.91,139025.42,0.00,7602.85,0.00,0.00,300.00,0.00,1500.12
911.927,108649.03,4500.95,58560.35,2517821.74,129705.85,0.00,6502.09,0.00,100.00,700.03,0.00,1600.13
912.073,102185.81,5301.32,67513.03,2404466.85,138214.69,0.00,6201.90,100.00,0.00,300.00,0.00,2200.25
912.219,92599.12,4300.86,61476.69,2478330.13,133554.21,100.00,8203.32,200.00,100.00,600.02,0.00,1100.06
912.365,104306.14,5601.47,68318.14,2486841.46,130110.88,0.00,7702.93,100.00,100.00,300.00,0.00,1600.13
912.511,94616.65,5901.63,62180.74,2401167.63,126871.13,0.00,7402.70,0.00,100.00,600.02,0.00,1300.09
912.657,97038.20,5201.27,64695.65,2486833.26,131629.87,0.00,8303.40,0.00,0.00,400.01,200.00,1200.07
912.803,98249.18,4500.95,68519.42,2448018.02,132946.51,0.00,7602.85,0.00,100.00,800.03,0.00,1600.13
912.949,106224.86,3000.42,66305.49,2490316.27,131832.42,0.00,7402.70,0.00,100.00,700.03,0.00,1700.15
913.095,91590.47,3500.57,72042.52,2493339.90,125150.42,0.00,7402.70,0.00,100.00,500.01,0.00,1300.09
913.241,96634.57,4400.91,67211.13,2469117.05,136593.44,0.00,7702.93,0.00,0.00,500.01,0.00,900.04
913.387,109558.24,2700.34,69525.90,2461591.27,133351.66,0.00,6201.90,0.00,0.00,200.00,0.00,1200.07
913.533,108345.99,3000.42,70129.84,2568347.52,135884.19,0.00,8103.24,100.00,0.00,600.02,0.00,2100.23
913.679,107436.89,3500.57,67211.13,2474821.93,140647.06,0.00,6402.02,0.00,0.00,300.00,0.00,1400.10
913.825,94213.11,3900.71,60068.70,2494233.65,120293.47,0.00,6101.84,0.00,0.00,500.01,0.00,1800.17
913.971,110063.38,3400.54,58158.14,2385673.30,130819.72,0.00,7102.49,0.00,200.00,300.00,0.00,1900.19
914.117,100166.84,6902.23,61174.96,2334729.93,136188.15,0.00,7202.56,0.00,500.01,300.00,0.00,1300.09
914.263,95524.67,7802.85,58258.70,2433150.25,128389.64,0.00,7803.00,0.00,0.00,200.00,0.00,1400.10
914.409,108548.02,4701.03,60672.10,2343274.86,131731.16,100.00,6502.09,0.00,100.00,600.02,0.00,1500.12
914.555,95524.67,6702.10,63488.42,2444560.02,125251.63,0.00,6702.22,0.00,100.00,200.00,0.00,900.04
914.701,99056.57,5601.47,63488.42,2386032.48,121406.31,0.00,7903.08,0.00,200.00,400.01,0.00,1600.13
914.847,94616.65,5101.22,69123.30,2547382.09,117259.04,0.00,8203.32,100.00,0.00,600.02,0.00,1300.09
914.993,98854.72,6001.68,63387.83,2361784.43,123733.57,0.00,7502.78,0.00,0.00,600.02,0.00,1200.07
915.139,87859.36,10004.68,59163.67,2326201.81,131933.71,0.00,7903.08,100.00,0.00,300.00,0.00,1800.17
915.285,100974.39,4000.75,61174.96,2386500.25,119888.82,200.00,6902.35,0.00,0.00,800.03,0.00,1000.05
915.431,94717.52,3800.68,66003.63,2417254.94,127377.29,0.00,7302.63,0.00,0.00,300.00,0.00,1700.15
915.577,101378.17,2700.34,58359.24,2337118.80,118472.71,100.00,8503.57,0.00,0.00,300.00,0.00,1000.05
915.723,97946.42,5201.27,57353.82,2365376.22,125150.42,0.00,6402.02,0.00,100.00,400.01,0.00,1500.12
915.869,103498.33,3300.51,64494.44,2444902.59,123632.39,0.00,6402.02,100.00,0.00,300.00,0.00,1400.10
916.015,100166.84,3300.51,59163.67,2536247.91,133959.41,0.00,7102.49,0.00,0.00,900.04,0.00,1500.12
916.161,94112.23,5801.57,64192.61,2385690.09,131832.42,0.00,7202.56,0.00,100.00,400.01,0.00,1700.15
916.307,100065.90,3300.51,64997.48,2388947.51,125555.25,0.00,6502.09,0.00,0.00,600.02,0.00,1100.06
916.453,95524.67,4801.08,55745.32,2418098.69,127579.74,0.00,8203.32,0.00,0.00,100.00,0.00,1200.07
916.599,98551.95,2600.32,65601.16,2292398.29,126668.69,0.00,6702.22,0.00,100.00,600.02,0.00,1400.10
916.745,94616.65,3700.64,64494.44,2409779.35,126972.37,0.00,5201.33,0.00,0.00,100.00,0.00,1400.10
916.891,97542.76,2900.39,71438.48,2433793.41,119484.19,0.00,6301.96,0.00,0.00,300.00,0.00,1600.13
917.037,96836.38,2900.39,62482.51,2358802.59,129908.38,0.00,6301.96,0.00,0.00,200.00,0.00,1200.07
917.183,98350.11,3000.42,66506.73,2327429.74,128592.13,0.00,7202.56,0.00,0.00,600.02,0.00,1400.10
917.329,104407.09,4801.08,68217.49,2425925.05,125049.21,100.00,6101.84,0.00,0.00,300.00,0.00,1100.06
917.476,94112.23,4600.99,73854.86,2372651.42,125555.25,0.00,7002.42,100.00,100.00,100.00,0.00,1400.10
917.622,91086.19,4300.86,62281.34,2289249.47,117461.27,0.00,8103.24,0.00,0.00,700.03,0.00,2000.21
917.768,103397.37,4300.86,67412.40,2499546.15,127377.29,0.00,6101.84,0.00,0.00,300.00,0.00,600.02
917.914,95423.78,6001.68,64796.25,2378189.31,117966.98,0.00,6101.84,100.00,0.00,300.00,0.00,700.03
918.060,100974.39,3700.64,66003.63,2363789.12,116753.37,0.00,5901.72,0.00,0.00,700.03,0.00,2100.23
918.206,104003.19,4100.79,70431.82,2381496.93,121709.85,0.00,7002.42,100.00,0.00,400.01,0.00,1800.17
918.352,100570.60,3700.64,62381.93,2307349.66,130212.15,0.00,7903.08,0.00,0.00,400.01,0.00,1200.07
918.498,102589.64,4000.75,72143.21,2404650.64,124239.59,0.00,6101.84,0.00,0.00,300.00,0.00,1100.06
918.644,97340.93,5201.27,71237.14,2429274.47,127680.97,0.00,6802.28,0.00,100.00,500.01,0.00,2500.32
918.790,94313.99,4801.08,71237.14,2391695.56,123328.80,100.00,7202.56,0.00,0.00,400.01,100.00,1100.06
918.936,100368.72,8303.23,68720.70,2468732.87,117764.68,0.00,6602.15,0.00,0.00,500.01,0.00,1200.07
919.082,105214.96,4200.83,72847.96,2452695.56,118371.54,0.00,7002.42,0.00,0.00,400.01,0.00,1900.19
919.228,94717.52,8003.00,69928.52,2518765.68,130617.19,0.00,7502.78,0.00,0.00,600.02,0.00,1200.07
919.374,98652.88,3400.54,70431.82,2506954.94,128490.87,0.00,8203.32,0.00,0.00,100.00,0.00,1900.19
919.520,109255.17,4300.86,76070.34,2418892.05,130819.72,0.00,7602.85,0.00,0.00,800.03,0.00,1200.07
919.666,99964.96,4600.99,70935.13,2426426.23,126769.91,0.00,7302.63,0.00,0.00,600.02,0.00,900.04
919.812,97643.67,3000.42,69928.52,2478463.73,125352.85,0.00,7002.42,0.00,100.00,700.03,0.00,1500.12
919.958,109053.12,3100.45,68720.70,2500105.72,122418.11,0.00,6502.09,0.00,0.00,400.01,0.00,1500.12
920.104,103296.39,3600.61,70834.46,2393625.05,114023.23,0.00,8003.16,0.00,100.00,500.01,0.00,1700.15
920.250,92901.72,4200.83,67814.94,2463144.78,122519.28,0.00,7302.63,0.00,0.00,700.03,0.00,1500.12
920.396,98350.11,2300.25,68116.85,2468958.45,120900.45,0.00,8003.16,0.00,0.00,500.01,0.00,1000.05
920.542,97038.20,3500.57,69928.52,2396381.50,116551.10,0.00,7102.49,0.00,0.00,500.01,0.00,1200.07
920.688,97845.51,2400.27,69425.26,2397049.66,114427.66,200.00,6301.96,0.00,0.00,500.01,0.00,1900.19
920.834,101983.89,3900.71,69626.55,2490291.27,123025.25,0.00,7002.42,0.00,0.00,900.04,0.00,800.03
920.980,107537.89,3900.71,71136.46,2490433.26,130414.68,0.00,7002.42,0.00,100.00,200.00,0.00,1200.07
921.126,99359.35,4500.95,71035.80,2532422.32,122721.66,0.00,8403.48,0.00,0.00,200.00,0.00,800.03
921.272,103296.39,3900.71,67513.03,2488111.19,125049.21,0.00,6402.02,0.00,0.00,1100.06,0.00,1300.09
921.418,95827.36,4901.12,70129.84,2535780.13,120698.12,0.00,6402.02,0.00,100.00,700.03,0.00,1600.13
921.564,99056.57,2500.29,72344.56,2432682.48,124441.97,0.00,6502.09,100.00,0.00,900.04,0.00,900.04
921.710,101479.12,5001.17,63991.41,2463370.37,128794.61,0.00,6301.96,100.00,100.00,800.03,0.00,1800.17
921.856,99662.17,3800.68,75163.95,2570110.02,125656.47,0.00,6402.02,0.00,0.00,800.03,0.00,1300.09
922.002,102690.62,4000.75,73351.40,2546713.92,123126.41,0.00,7202.56,100.00,100.00,700.03,0.00,1300.09
922.148,97139.11,4400.91,72243.87,2535855.33,119787.65,100.00,7102.49,0.00,0.00,300.00,100.00,2000.21
922.294,97240.02,4801.08,72344.56,2451601.42,131326.06,0.00,8503.57,300.00,0.00,900.04,0.00,1300.09
922.440,99662.17,6101.74,81409.55,2476258.65,124948.00,0.00,6802.28,0.00,0.00,900.04,0.00,1000.05
922.586,100368.72,3000.42,72948.65,2510713.73,120900.45,0.00,8403.48,0.00,0.00,600.02,0.00,1900.19
922.732,94616.65,3500.57,74559.73,2480752.40,125757.69,0.00,8303.40,0.00,0.00,300.00,0.00,1000.05
922.878,98551.95,4600.99,73653.47,2422959.82,118573.84,0.00,7102.49,0.00,0.00,600.02,100.00,1800.17
923.024,93708.69,4400.91,77581.17,2478697.71,117157.88,0.00,6902.35,0.00,0.00,100.00,0.00,1400.10
923.170,98854.72,3500.57,77278.99,2575313.73,126162.59,0.00,7402.70,0.00,100.00,900.04,0.00,2200.25
923.316,104306.14,5501.42,71841.16,2503580.52,124138.37,0.00,6902.35,0.00,0.00,700.03,0.00,2000.21
923.462,98955.63,3000.42,69022.64,2425808.26,122316.92,0.00,6502.09,0.00,0.00,900.04,100.00,1000.05
923.609,96331.86,8803.63,68217.49,2385598.10,120698.12,0.00,6902.35,0.00,0.00,400.01,0.00,1800.17
923.755,94313.99,3700.64,75365.37,2401802.40,118674.98,0.00,6802.28,0.00,0.00,200.00,0.00,1900.19
923.901,96937.29,5201.27,76876.08,2476325.45,130515.92,0.00,6902.35,0.00,0.00,700.03,0.00,1300.09
924.047,98451.03,4300.86,71639.83,2462059.04,119281.90,0.00,7302.63,0.00,0.00,500.01,0.00,1300.09
924.193,92195.63,4600.99,70733.80,2452770.76,122114.55,100.00,5401.44,0.00,0.00,200.00,0.00,2100.23
924.339,93002.58,4901.12,68922.00,2480159.43,119787.65,0.00,6201.90,0.00,0.00,200.00,0.00,1400.10
924.485,98249.18,3900.71,69928.52,2489506.11,121912.20,0.00,7702.93,0.00,0.00,1500.11,0.00,1200.07
924.631,97038.20,3600.61,77480.44,2480293.02,126263.80,0.00,6201.90,0.00,100.00,500.01,0.00,2500.32
924.777,107133.86,2900.39,71539.15,2477628.57,125150.42,0.00,7302.63,0.00,100.00,1200.07,0.00,2000.21
924.923,108851.08,5401.36,82114.92,2549035.99,117157.88,0.00,7702.93,200.00,0.00,600.02,100.00,1400.10
925.069,96029.15,4600.99,78387.03,2515224.08,122418.11,0.00,7002.42,0.00,0.00,400.01,0.00,1800.17
925.215,102993.51,4200.83,77782.63,2319619.97,116551.10,0.00,5701.60,0.00,0.00,300.00,0.00,1900.19
925.361,97038.20,2500.29,75264.66,2515800.45,115438.76,0.00,6101.84,0.00,0.00,600.02,0.00,1400.10
925.507,97946.42,3500.57,75264.66,2478380.33,122924.05,0.00,6902.35,0.00,0.00,800.03,0.00,1400.10
925.653,88262.67,3000.42,77379.71,2406312.94,117056.75,0.00,7803.00,100.00,0.00,800.03,0.00,1500.12
925.799,102791.57,4400.91,76070.34,2421598.30,121203.98,100.00,7002.42,0.00,0.00,700.03,0.00,1600.13
925.945,91993.90,3000.42,73754.16,2445219.98,118371.54,0.00,7502.78,0.00,0.00,400.01,0.00,900.04
926.091,98652.88,3500.57,81308.78,2524478.96,123935.96,100.00,7402.70,0.00,200.00,200.00,0.00,1800.17
926.237,100671.54,3800.68,76976.81,2510872.32,123935.96,0.00,5101.28,0.00,300.00,200.00,0.00,1000.05
926.383,98451.03,7402.56,74056.24,2497892.24,119281.90,0.00,6702.22,0.00,0.00,100.00,0.00,1700.15
926.529,101983.89,3000.42,78689.25,2440717.83,117056.75,0.00,5601.55,0.00,0.00,500.01,0.00,1800.17
926.675,104407.09,3300.51,77581.17,2467981.11,123429.98,0.00,5201.33,0.00,100.00,400.01,0.00,1400.10
926.821,96836.38,4400.91,75768.21,2404291.46,118674.98,500.01,6402.02,0.00,0.00,200.00,0.00,1400.10
926.967,95524.67,2700.34,75566.79,2395871.93,124644.38,0.00,6702.22,0.00,100.00,900.04,0.00,2100.23
927.113,96533.67,3400.54,77984.10,2465667.44,119787.65,0.00,8303.40,0.00,0.00,300.00,0.00,1100.06
927.259,98753.79,3300.51,83626.61,2409378.37,124037.16,0.00,6602.15,0.00,0.00,400.01,0.00,1300.09
927.405,95827.36,3500.57,75768.21,2421414.70,121912.20,0.00,6802.28,0.00,0.00,500.01,0.00,1200.07
927.551,100368.72,2900.39,74459.03,2448243.61,114528.76,0.00,6502.09,0.00,0.00,400.01,0.00,1600.13
927.697,98753.79,3200.48,78487.76,2446823.69,118270.40,0.00,7302.63,0.00,0.00,300.00,0.00,2200.25
927.843,95524.67,3400.54,78991.47,2496739.51,125049.21,0.00,6201.90,0.00,0.00,500.01,0.00,2300.27
927.989,122598.62,4100.79,79092.21,2387794.98,117259.04,0.00,6502.09,0.00,0.00,600.02,0.00,1400.10
928.135,96331.86,3000.42,72646.60,2361533.84,112810.07,0.00,4801.14,0.00,0.00,500.01,0.00,2200.25
928.281,97441.85,3200.48,73955.56,2444777.20,124340.76,0.00,7702.93,0.00,0.00,400.01,0.00,1800.17
928.427,94313.99,3900.71,78185.57,2505125.64,119787.65,0.00,5401.44,0.00,0.00,700.03,0.00,1400.10
928.573,96230.95,4600.99,67714.31,2421347.71,119888.82,0.00,8003.16,0.00,0.00,200.00,0.00,1300.09
928.719,92800.85,3300.51,70733.80,2414323.10,117056.75,0.00,6802.28,0.00,200.00,400.01,0.00,1800.17
928.865,89472.66,3400.54,73653.47,2426593.41,119989.97,0.00,8003.16,0.00,0.00,100.00,0.00,1400.10
929.011,89876.03,9203.96,68922.00,2320129.35,121912.20,0.00,6101.84,0.00,0.00,100.00,0.00,1800.17
929.157,90380.25,3000.42,70029.18,2415467.44,119079.57,0.00,7803.00,0.00,0.00,500.01,0.00,1000.05
929.303,101479.12,4200.83,68922.00,2489230.52,121001.63,100.00,6902.35,0.00,100.00,300.00,100.00,1800.17
929.449,99460.28,2800.37,74358.33,2581052.01,124340.76,0.00,7002.42,0.00,0.00,800.03,0.00,1100.06
929.595,94414.88,3800.68,68720.70,2454984.23,123227.62,0.00,7402.70,0.00,0.00,600.02,0.00,1200.07
929.741,92397.37,1800.15,72243.87,2381680.72,125656.47,0.00,5201.33,100.00,200.00,200.00,0.00,1800.17
929.888,89270.98,3900.71,70431.82,2411483.26,128693.39,0.00,7803.00,100.00,0.00,700.03,0.00,600.02
930.034,99561.22,3100.45,71539.15,2408392.63,123531.18,100.00,5901.72,0.00,100.00,100.00,0.00,900.04
930.180,93809.59,3200.48,74257.64,2399371.73,125049.21,0.00,4901.18,0.00,0.00,500.01,0.00,1300.09
930.326,87355.26,11406.09,70733.80,2501024.47,119787.65,0.00,6902.35,0.00,0.00,300.00,0.00,1600.13
930.472,96432.76,3700.64,68922.00,2421748.69,130414.68,0.00,7102.49,0.00,0.00,200.00,0.00,1600.13
930.618,93204.32,2900.39,78588.50,2522315.68,120192.28,0.00,5701.60,0.00,0.00,1100.06,0.00,1900.19
930.764,100671.54,3800.68,77178.27,2475874.47,118371.54,100.00,7202.56,0.00,0.00,300.00,0.00,1500.12
930.910,91792.19,3800.68,65098.09,2450006.11,133959.41,0.00,6602.15,100.00,0.00,300.00,0.00,1400.10
931.056,95121.08,5201.27,79595.94,2414974.66,125656.47,0.00,7602.85,0.00,100.00,600.02,0.00,2200.25
931.202,101983.89,5001.17,73754.16,2466527.79,124340.76,100.00,5001.23,0.00,100.00,700.03,0.00,2300.27
931.348,101580.07,6501.98,67714.31,2516318.42,125049.21,100.00,7202.56,100.00,0.00,500.01,0.00,1300.09
931.494,102185.81,8003.00,69324.59,2476258.65,123429.98,0.00,7702.93,0.00,100.00,900.04,0.00,1200.07
931.640,97340.93,4000.75,68519.42,2481378.96,117259.04,100.00,6201.90,0.00,0.00,200.00,0.00,1500.12
931.786,88363.51,3400.54,66406.11,2392990.29,121305.13,300.00,5601.55,0.00,0.00,100.00,200.00,1300.09
931.932,97643.67,2600.32,79192.96,2407941.66,122316.92,0.00,6602.15,0.00,0.00,0.00,0.00,1600.13
932.078,90884.49,2600.32,66104.24,2365994.19,124239.59,0.00,6902.35,0.00,100.00,300.00,0.00,1000.05
932.224,98652.88,3700.64,69626.55,2414364.90,124037.16,0.00,6802.28,100.00,0.00,300.00,0.00,1300.09
932.370,97441.85,4200.83,61879.01,2446831.89,118371.54,300.00,7702.93,100.00,0.00,100.00,100.00,1300.09
932.516,94717.52,3400.54,64896.86,2433384.04,116247.73,0.00,6702.22,0.00,0.00,100.00,0.00,1600.13
932.662,89876.03,3400.54,68519.42,2484327.40,124543.19,0.00,7402.70,0.00,0.00,300.00,0.00,1300.09
932.808,94919.31,2300.25,68620.06,2503187.95,126365.01,0.00,7202.56,100.00,0.00,400.01,0.00,1200.07
932.954,97139.11,2500.29,65500.54,2368299.66,115641.02,0.00,6201.90,0.00,0.00,300.00,0.00,1600.13
933.100,89170.16,2400.27,61979.59,2384378.57,133959.41,100.00,6702.22,0.00,0.00,0.00,0.00,1700.15
933.246,97643.67,2100.21,66607.37,2364674.47,129402.11,0.00,5701.60,0.00,100.00,400.01,0.00,1500.12
933.392,86548.77,2500.29,66808.61,2401067.44,119484.19,0.00,7302.63,100.00,0.00,400.01,0.00,700.03
933.538,100873.43,3000.42,60873.24,2385815.29,115944.38,0.00,6802.28,0.00,0.00,200.00,0.00,1200.07
933.684,89170.16,2300.25,68418.77,2480100.84,127174.81,0.00,5701.60,100.00,0.00,400.01,0.00,1300.09
933.830,85843.10,2900.39,68620.06,2432314.90,122114.55,0.00,6201.90,100.00,0.00,600.02,0.00,1100.06
933.976,93002.58,3100.45,59364.77,2401927.79,118371.54,100.00,7002.42,0.00,0.00,600.02,0.00,1600.13
934.122,99258.43,4400.91,66607.37,2416979.35,123227.62,0.00,6902.35,100.00,0.00,400.01,0.00,1000.05
934.268,92397.37,4701.03,69525.90,2356714.31,121507.49,100.00,5001.23,0.00,0.00,100.00,0.00,1200.07
934.414,99460.28,5801.57,66003.63,2472408.06,123227.62,200.00,4901.18,0.00,100.00,300.00,0.00,1800.17
934.560,102185.81,5401.36,63991.41,2380686.77,120596.96,0.00,7402.70,0.00,0.00,200.00,0.00,600.02
934.706,88161.84,6301.86,65701.77,2421356.11,115539.88,0.00,8303.40,0.00,0.00,200.00,0.00,1300.09
934.852,94011.35,8003.00,63488.42,2379083.06,119585.34,0.00,5501.49,0.00,0.00,400.01,0.00,700.03
934.998,88867.65,12607.43,65701.77,2398327.59,126365.01,0.00,6301.96,0.00,200.00,500.01,0.00,1700.15
935.144,92397.37,14309.58,72847.96,2453915.09,128592.13,100.00,7002.42,200.00,100.00,200.00,0.00,2400.30
935.290,94112.23,14710.12,70431.82,2388120.56,123429.98,0.00,6702.22,100.00,0.00,300.00,0.00,600.02
935.436,98551.95,10805.46,67714.31,2435054.55,126567.46,0.00,6201.90,0.00,0.00,600.02,0.00,1500.12
935.582,94717.52,8403.30,66607.37,2390768.41,123025.25,0.00,6702.22,0.00,0.00,100.00,0.00,900.04
935.728,94213.11,5301.32,67311.76,2557614.31,119180.74,0.00,8803.82,0.00,0.00,700.03,0.00,1400.10
935.874,100469.66,7002.29,69123.30,2435973.49,112911.18,0.00,7602.85,0.00,100.00,400.01,0.00,1100.06
936.021,92800.85,4701.03,75868.92,2462384.82,127579.74,200.00,7903.08,0.00,100.00,200.00,0.00,1800.17
936.167,91792.19,3700.64,69727.20,2460973.10,121912.20,0.00,6602.15,0.00,100.00,400.01,0.00,1500.12
936.313,101580.07,3900.71,66406.11,2528170.95,122418.11,100.00,7202.56,100.00,0.00,200.00,0.00,1500.12
936.459,102387.73,4000.75,66607.37,2381254.74,121507.49,200.00,6502.09,0.00,0.00,200.00,0.00,900.04
936.605,102084.84,5301.32,67311.76,2480217.83,125656.47,100.00,7602.85,0.00,0.00,600.02,0.00,2000.21
936.751,96130.05,3300.51,69123.30,2393015.29,114629.87,0.00,7602.85,0.00,100.00,400.01,0.00,1900.19
936.897,97340.93,2900.39,74761.13,2462292.83,120900.45,100.00,7602.85,0.00,200.00,300.00,0.00,1100.06
937.043,98652.88,5001.17,66506.73,2418215.48,118776.13,100.00,6802.28,0.00,0.00,600.02,0.00,1400.10
937.189,96331.86,4600.99,70331.15,2340568.61,110586.32,100.00,7102.49,0.00,100.00,500.01,0.00,2100.23
937.335,99864.02,27034.16,71136.46,2312286.18,113821.04,0.00,7702.93,100.00,0.00,900.04,0.00,2200.25
937.481,101075.32,12807.67,76775.37,2361492.04,127478.51,100.00,7903.08,0.00,0.00,200.00,0.00,1900.19
937.627,96533.67,3700.64,73351.40,2417764.51,121709.85,0.00,8003.16,200.00,0.00,400.01,0.00,2200.25
937.773,99056.57,3700.64,76573.93,2477469.78,119585.34,100.00,6001.78,0.00,0.00,300.00,0.00,2500.32
937.919,96634.57,3900.71,73452.08,2385255.72,115539.88,300.00,6301.96,0.00,0.00,600.02,0.00,1200.07
938.065,94515.77,4600.99,80502.70,2318392.04,127478.51,100.00,7402.70,0.00,0.00,200.00,0.00,1200.07
938.211,99157.51,4100.79,78890.73,2353782.47,123429.98,100.00,6001.78,0.00,0.00,200.00,0.00,1200.07
938.357,96735.47,3100.45,68519.42,2445729.35,113821.04,200.00,6001.78,0.00,0.00,100.00,0.00,1200.07
938.503,93607.82,3500.57,78185.57,2312444.97,113012.27,0.00,7402.70,0.00,0.00,0.00,0.00,1500.12
938.649,95121.08,4100.79,73955.56,2434311.19,121709.85,0.00,7002.42,0.00,0.00,300.00,0.00,1200.07
938.795,100873.43,5101.22,78487.76,2450791.27,120495.80,100.00,6201.90,0.00,0.00,400.01,0.00,1300.09
938.941,101176.28,3500.57,82719.58,2365175.64,110081.00,0.00,7202.56,0.00,0.00,0.00,0.00,1600.13
939.087,98551.95,2000.19,76070.34,2455660.80,115034.30,0.00,8003.16,100.00,0.00,300.00,0.00,1400.10
939.233,103599.28,1900.17,76976.81,2456813.53,117663.56,100.00,6101.84,0.00,100.00,600.02,0.00,1800.17
939.379,94414.88,4000.75,78689.25,2381680.72,117360.16,200.00,7002.42,100.00,0.00,400.01,0.00,1300.09
939.525,102690.62,4000.75,78487.76,2381663.92,115539.88,100.00,7702.93,200.00,0.00,600.02,0.00,2500.32
939.671,100267.78,2600.32,83425.03,2420813.14,113416.65,100.00,8203.32,0.00,0.00,300.00,0.00,1400.10
939.817,97441.85,5401.36,83727.40,2389298.30,114933.19,200.00,6802.28,100.00,0.00,400.01,0.00,1900.19
939.963,100671.54,4000.75,77782.63,2436165.48,116854.49,0.00,6702.22,0.00,200.00,500.01,0.00,2300.27
940.109,102185.81,4100.79,83122.68,2380644.98,119079.57,0.00,3900.75,0.00,0.00,300.00,100.00,1700.15
940.255,101378.17,2900.39,80502.70,2388170.76,113012.27,100.00,7002.42,0.00,0.00,300.00,100.00,2800.41
940.401,98753.79,4000.75,79595.94,2395546.15,119787.65,100.00,8003.16,0.00,0.00,100.00,0.00,1900.19
940.547,100671.54,3100.45,83525.82,2342832.08,115438.76,0.00,8303.40,100.00,0.00,400.01,0.00,1500.12
940.693,101983.89,4300.86,79898.18,2458383.84,117157.88,0.00,7903.08,0.00,0.00,400.01,100.00,1400.10
940.839,97038.20,4400.91,79898.18,2376385.01,116449.98,100.00,7102.49,0.00,0.00,300.00,0.00,1600.13
940.985,105921.89,4200.83,84029.76,2406655.33,120900.45,0.00,7602.85,0.00,0.00,500.01,0.00,2200.25
941.131,103700.26,4901.12,85844.12,2582847.91,115337.65,0.00,7903.08,0.00,0.00,200.00,100.00,1400.10
941.277,108143.96,6602.04,86751.41,2384921.54,116652.22,0.00,7803.00,0.00,0.00,300.00,0.00,1500.12
941.423,98047.35,4200.83,88566.25,2349405.72,126972.37,0.00,5801.66,100.00,0.00,600.02,0.00,1500.12
941.569,111983.16,5301.32,87457.15,2547749.67,126567.46,200.00,6802.28,0.00,0.00,100.00,0.00,2200.25
941.715,103801.26,3900.71,85743.32,2441035.21,124644.38,200.00,7202.56,0.00,100.00,400.01,0.00,2700.38
941.861,99157.51,5201.27,82417.24,2510103.96,117056.75,0.00,6001.78,0.00,100.00,400.01,0.00,1800.17
942.007,99864.02,5201.27,80502.70,2450081.11,118877.26,100.00,8003.16,100.00,200.00,500.01,0.00,1300.09
942.154,105517.92,4901.12,76372.49,2569625.45,116955.62,100.00,9004.00,0.00,0.00,600.02,0.00,2700.38
942.300,101075.32,3600.61,82114.92,2484452.59,121406.31,200.00,7002.42,0.00,300.00,600.02,0.00,2400.30
942.446,106022.88,4100.79,89675.45,2531052.60,117157.88,0.00,7502.78,0.00,0.00,400.01,0.00,2100.23
942.592,106426.87,3800.68,87658.79,2561949.28,115034.30,200.00,8203.32,0.00,0.00,500.01,0.00,1700.15
942.738,101580.07,7902.92,92701.16,2635979.55,119787.65,100.00,7302.63,0.00,0.00,100.00,0.00,1700.15
942.884,105921.89,5701.52,93911.68,2528521.74,124948.00,100.00,7702.93,0.00,0.00,400.01,0.00,2400.30
943.030,113701.13,6301.86,84634.51,2542696.35,122114.55,0.00,8103.24,0.00,0.00,400.01,200.00,2200.25
943.176,112286.33,3300.51,82518.03,2573877.01,123126.41,0.00,6702.22,0.00,0.00,200.00,0.00,1900.19
943.322,100772.48,18616.20,82215.70,2596704.94,122013.38,0.00,9504.45,0.00,0.00,400.01,0.00,1100.06
943.468,112084.21,5401.36,91389.91,2623158.07,111799.23,100.00,9804.74,0.00,100.00,100.00,0.00,2300.27
943.614,107133.86,4300.86,86045.73,2520444.59,135580.26,0.00,7702.93,100.00,0.00,100.00,0.00,2700.38
943.760,96735.47,3800.68,92398.56,2499395.76,119281.90,100.00,6702.22,0.00,0.00,100.00,0.00,2000.21
943.906,107840.92,6401.92,89473.77,2601599.67,124948.00,100.00,7702.93,0.00,0.00,300.00,0.00,2000.21
944.052,108345.99,4701.03,93407.28,2548585.02,123429.98,0.00,7602.85,0.00,0.00,200.00,0.00,1400.10
944.198,111275.84,3200.48,81510.32,2647999.08,120596.96,0.00,7402.70,0.00,0.00,100.00,0.00,1900.19
944.344,106830.86,3900.71,94517.00,2572891.46,145614.91,0.00,8303.40,100.00,0.00,300.00,0.00,2200.25
944.490,111680.02,5401.36,87557.97,2538678.57,135681.57,0.00,8003.16,100.00,0.00,700.03,0.00,2100.23
944.636,105012.99,4200.83,85440.90,2490475.06,123429.98,0.00,7202.56,0.00,0.00,200.00,0.00,1900.19
944.782,109558.24,3300.51,90885.63,2476467.44,122215.74,0.00,8303.40,0.00,0.00,500.01,0.00,2600.35
944.928,111477.92,5901.63,93205.53,2761637.95,128794.61,0.00,10405.34,0.00,0.00,400.01,0.00,1900.19
945.074,99157.51,9904.59,83828.18,2552769.59,118371.54,200.00,8203.32,0.00,0.00,100.00,0.00,1700.15
945.220,112387.36,5701.52,89675.45,2588260.41,127782.21,0.00,8803.82,0.00,100.00,600.02,0.00,1600.13
945.366,110871.68,4701.03,87255.50,2415233.65,138214.69,0.00,7502.78,0.00,0.00,400.01,0.00,1900.19
945.512,102387.73,15911.84,88162.91,2557572.52,130009.65,0.00,8503.57,100.00,0.00,200.00,0.00,2300.27
945.658,103700.26,4500.95,91188.20,2407440.48,124644.38,0.00,7402.70,0.00,0.00,700.03,0.00,2300.27
945.804,101983.89,5601.47,84936.89,2458433.84,121305.13,200.00,7502.78,0.00,0.00,300.00,0.00,2200.25
945.950,107133.86,6602.04,82719.58,2565758.07,128187.16,0.00,8203.32,0.00,0.00,700.03,0.00,1600.13
946.096,101378.17,9203.96,87053.87,2430243.41,121305.13,0.00,8303.40,0.00,0.00,200.00,200.00,1500.12
946.242,99157.51,5301.32,86448.98,2532221.93,124948.00,0.00,10004.94,0.00,0.00,500.01,0.00,2300.27
946.388,102084.84,3600.61,90078.84,2532322.13,118978.41,100.00,8203.32,0.00,0.00,100.00,0.00,1900.19
946.534,110770.63,3900.71,80905.74,2417530.52,123025.25,0.00,9504.45,0.00,0.00,400.01,0.00,1500.12
946.680,99460.28,4100.79,85642.50,2316980.52,126668.69,0.00,6902.35,0.00,0.00,300.00,0.00,1300.09
946.826,99964.96,4200.83,83525.82,2430193.41,116045.49,200.00,8403.48,100.00,0.00,300.00,0.00,1600.13
946.972,98652.88,3200.48,73351.40,2410731.50,123733.57,100.00,8103.24,0.00,0.00,100.00,0.00,2300.27
947.118,98652.88,3200.48,81006.50,2602518.42,123531.18,0.00,6802.28,0.00,0.00,200.00,0.00,1100.06
947.264,99561.22,4400.91,84836.10,2542479.16,118169.27,0.00,8503.57,0.00,0.00,0.00,0.00,2000.21
947.410,103801.26,3900.71,79092.21,2393032.08,111900.31,0.00,7502.78,0.00,0.00,400.01,0.00,2500.32
947.556,97845.51,3900.71,84432.92,2469827.01,130313.42,0.00,10305.24,100.00,100.00,400.01,100.00,2000.21
947.702,104407.09,4000.75,82518.03,2514196.74,119484.19,0.00,7202.56,0.00,0.00,200.00,0.00,1000.05
947.848,103801.26,5001.17,81409.55,2432816.07,118270.40,0.00,6402.02,0.00,0.00,400.01,0.00,1500.12
947.994,96735.47,3000.42,74056.24,2505768.81,123429.98,100.00,7502.78,100.00,100.00,100.00,0.00,1200.07
948.140,99359.35,4200.83,78689.25,2463854.94,122013.38,0.00,7002.42,0.00,0.00,200.00,0.00,1800.17
948.286,102185.81,2500.29,74660.43,2451342.44,122924.05,0.00,7803.00,0.00,0.00,500.01,0.00,1800.17
948.433,99056.57,4000.75,79394.44,2346590.87,127782.21,0.00,8303.40,0.00,0.00,200.00,0.00,1700.15
948.579,99561.22,2400.27,81409.55,2431404.55,130718.47,0.00,9504.45,0.00,0.00,700.03,0.00,1900.19
948.725,97845.51,4000.75,74962.54,2311935.40,124239.59,100.00,7002.42,0.00,0.00,400.01,0.00,1900.19
948.871,99157.51,3800.68,81107.25,2386141.07,124239.59,0.00,7302.63,0.00,0.00,700.03,100.00,1500.12
949.017,99056.57,4100.79,77883.36,2391386.58,115944.38,0.00,6802.28,100.00,0.00,100.00,0.00,2100.23
949.163,105921.89,3000.42,76473.22,2408167.24,123834.77,0.00,9804.74,100.00,0.00,300.00,0.00,1700.15
949.309,101277.22,3500.57,75566.79,2417146.34,123126.41,0.00,6602.15,0.00,0.00,500.01,0.00,2200.25
949.455,97441.85,4000.75,70331.15,2590849.67,130718.47,0.00,8203.32,0.00,0.00,500.01,0.00,1400.10
949.601,102690.62,3500.57,72243.87,2363129.35,124948.00,200.00,9704.64,0.00,0.00,200.00,0.00,2100.23
949.747,97643.67,3800.68,75566.79,2473644.20,124644.38,0.00,7903.08,0.00,0.00,600.02,0.00,1600.13
949.893,104407.09,4200.83,79495.19,2347810.40,137404.02,0.00,7202.56,100.00,0.00,700.03,0.00,1100.06
950.039,107133.86,3400.54,77782.63,2590549.08,129807.11,0.00,8503.57,0.00,100.00,300.00,0.00,1600.13
950.185,106022.88,3500.57,76876.08,2528638.53,129402.11,0.00,8103.24,0.00,0.00,1100.06,200.00,2200.25
950.331,97542.76,3400.54,78588.50,2557455.53,124948.00,0.00,8403.48,0.00,0.00,400.01,0.00,1800.17
950.477,91489.62,3800.68,71639.83,2461115.09,129300.86,100.00,7602.85,0.00,0.00,1100.06,100.00,1500.12
950.623,98551.95,5201.27,69928.52,2462401.42,122822.85,0.00,7602.85,0.00,0.00,1000.05,0.00,1100.06
950.769,102690.62,4100.79,73351.40,2354216.85,129098.35,0.00,6201.90,0.00,0.00,500.01,0.00,700.03
950.915,92094.78,2900.39,75566.79,2463103.18,124441.97,0.00,6301.96,0.00,0.00,400.01,0.00,1500.12
951.061,100570.60,100369.19,74861.84,2542570.96,118877.26,0.00,6502.09,0.00,100.00,400.01,0.00,1400.10
951.207,105416.93,4200.83,68720.70,2570744.78,125555.25,0.00,6502.09,0.00,0.00,500.01,0.00,2000.21
951.353,99662.17,3800.68,73552.78,2553396.15,125555.25,0.00,6101.84,0.00,100.00,500.01,100.00,1700.15
951.499,99157.51,4100.79,72042.52,2572214.90,130009.65,0.00,7002.42,0.00,0.00,400.01,0.00,1400.10
951.645,95221.97,3300.51,68720.70,2568965.68,142066.19,0.00,8003.16,0.00,0.00,100.00,0.00,1000.05
951.791,107537.89,3300.51,79092.21,2684525.65,136694.74,0.00,8803.82,0.00,0.00,700.03,0.00,1200.07
951.937,97946.42,2800.37,73049.33,2552418.81,149164.81,0.00,7102.49,0.00,100.00,700.03,0.00,1300.09
952.083,102892.54,2800.37,70431.82,2545452.60,134465.91,0.00,8903.91,0.00,0.00,700.03,0.00,1900.19
952.229,99157.51,4000.75,71337.81,2501183.26,138316.02,0.00,7502.78,0.00,0.00,300.00,0.00,1100.06
952.375,99561.22,2700.34,81006.50,2604564.90,128490.87,0.00,6201.90,100.00,0.00,500.01,0.00,1700.15
952.521,105719.90,3400.54,82518.03,2596162.17,124846.80,0.00,5701.60,0.00,0.00,200.00,0.00,2500.32
952.667,110770.63,3300.51,73653.47,2685970.57,129199.61,0.00,7702.93,0.00,0.00,800.03,0.00,2000.21
952.813,95322.87,3400.54,74459.03,2532313.73,132541.37,100.00,7002.42,0.00,0.00,600.02,0.00,1300.09
952.959,97139.11,6201.80,75566.79,2594825.64,125960.11,0.00,6602.15,0.00,100.00,2300.27,0.00,1600.13
953.105,97340.93,4500.95,66305.49,2379826.42,133250.37,0.00,8103.24,0.00,100.00,1100.06,0.00,1500.12
953.251,107436.89,3400.54,74459.03,2384771.15,128490.87,0.00,6301.96,0.00,0.00,400.01,0.00,1200.07
953.397,106022.88,2800.37,69525.90,2532698.10,128085.93,0.00,6101.84,0.00,0.00,700.03,0.00,1600.13
953.543,105820.90,3200.48,66104.24,2548025.25,128085.93,0.00,7502.78,0.00,100.00,300.00,0.00,2000.21
953.689,101781.98,2800.37,71438.48,2442045.95,126972.37,0.00,5601.55,0.00,0.00,500.01,0.00,1200.07
953.835,94414.88,2900.39,67513.03,2406580.13,129908.38,0.00,6001.78,0.00,0.00,300.00,0.00,1300.09
953.981,98451.03,3300.51,67110.51,2412944.98,128794.61,0.00,8103.24,0.00,100.00,600.02,0.00,1900.19
954.127,101681.03,2400.27,68821.36,2462426.62,117764.68,100.00,6802.28,0.00,100.00,400.01,0.00,1200.07
954.273,93506.96,4300.86,63086.05,2368917.63,127883.45,0.00,6502.09,0.00,0.00,900.04,0.00,1400.10
954.419,97946.42,2000.19,63589.02,2434210.99,125150.42,0.00,8003.16,0.00,0.00,400.01,0.00,1300.09
954.566,98350.11,3400.54,64293.21,2336601.03,124340.76,0.00,7202.56,0.00,0.00,700.03,100.00,900.04
954.712,95827.36,3300.51,66506.73,2311735.01,117461.27,100.00,6502.09,0.00,100.00,700.03,0.00,1900.19
954.858,99561.22,4300.86,66607.37,2263472.90,119888.82,0.00,5501.49,0.00,0.00,200.00,0.00,1200.07
955.004,93506.96,3700.64,63890.82,2305996.54,127883.45,0.00,7102.49,0.00,0.00,300.00,0.00,1600.13
955.150,102690.62,2500.29,65601.16,2250125.25,118573.84,0.00,6702.22,0.00,0.00,900.04,0.00,1300.09
955.296,98451.03,2800.37,64896.86,2375758.65,124138.37,100.00,6201.90,0.00,0.00,300.00,0.00,1900.19
955.442,97139.11,3400.54,69727.20,2354968.61,127984.70,0.00,6602.15,0.00,0.00,200.00,0.00,1700.15
955.588,96533.67,2900.39,67211.13,2426635.02,111597.06,0.00,6201.90,0.00,0.00,600.02,0.00,1600.13
955.734,93910.46,2900.39,66204.87,2399421.93,119281.90,0.00,6001.78,0.00,0.00,300.00,0.00,1000.05
955.880,90481.09,2600.32,60973.81,2406020.56,115641.02,0.00,7402.70,11106.09,0.00,100.00,0.00,1600.13
956.026,102185.81,2100.21,62985.45,2336534.23,114933.19,100.00,7102.49,0.00,0.00,200.00,100.00,1200.07
956.172,94515.77,2400.27,58660.89,2380477.98,119281.90,0.00,5801.66,0.00,0.00,600.02,0.00,1400.10
956.318,97542.76,2000.19,65601.16,2353941.26,121811.04,0.00,7402.70,0.00,0.00,200.00,0.00,1700.15
956.464,97240.02,2700.34,63689.61,2385222.32,120596.96,0.00,7903.08,0.00,0.00,200.00,0.00,1200.07
956.610,94515.77,2100.21,66104.24,2374146.54,139633.50,100.00,8203.32,0.00,0.00,100.00,0.00,2300.27
956.756,93910.46,3900.71,66607.37,2440776.23,127174.81,0.00,6001.78,0.00,100.00,300.00,0.00,1400.10
956.902,95020.20,4100.79,70834.46,2634676.43,124745.57,0.00,6902.35,0.00,0.00,300.00,0.00,1300.09
957.048,98249.18,2800.37,66305.49,2454942.44,132541.37,0.00,7502.78,0.00,100.00,200.00,0.00,1900.19
957.194,98249.18,2800.37,70129.84,2433701.42,123227.62,0.00,7102.49,0.00,0.00,200.00,0.00,1100.06
957.340,92800.85,2600.32,69525.90,2363538.53,118877.26,0.00,7803.00,0.00,0.00,200.00,0.00,2000.21
957.486,99662.17,3800.68,64695.65,2483843.02,132440.10,100.00,7002.42,0.00,0.00,0.00,0.00,1800.17
957.632,104306.14,2800.37,71539.15,2534268.42,128693.39,0.00,6802.28,0.00,0.00,700.03,0.00,1600.13
957.778,98955.63,1900.17,61879.01,2314641.65,124948.00,0.00,6502.09,0.00,0.00,700.03,0.00,1700.15
957.924,93305.21,3700.64,66305.49,2451952.20,128187.16,0.00,7002.42,0.00,0.00,200.00,100.00,2000.21
958.070,97441.85,2100.21,77782.63,2342397.71,125555.25,0.00,7202.56,0.00,0.00,100.00,0.00,1600.13
958.216,102387.73,2900.39,69928.52,2471338.92,121912.20,0.00,9104.09,0.00,200.00,100.00,0.00,1300.09
958.362,92397.37,3600.61,71136.46,2403255.72,126668.69,0.00,8303.40,0.00,0.00,400.01,0.00,200.00
958.508,101781.98,3700.64,65601.16,2378281.11,124340.76,0.00,5501.49,0.00,0.00,700.03,0.00,1900.19
958.654,98652.88,2900.39,69626.55,2497758.65,123733.57,0.00,7402.70,0.00,0.00,400.01,0.00,1100.06
958.800,97542.76,3100.45,65903.01,2461131.89,119180.74,100.00,7702.93,0.00,0.00,300.00,0.00,1800.17
958.946,94818.41,2600.32,70834.46,2414882.87,126668.69,100.00,7302.63,100.00,100.00,200.00,0.00,900.04
959.092,106628.86,2800.37,67613.67,2433392.44,126567.46,0.00,6702.22,0.00,0.00,400.01,0.00,2700.38
959.238,101580.07,2500.29,65198.70,2323787.94,128895.86,0.00,7702.93,100.00,0.00,400.01,0.00,1500.12
959.384,99157.51,2100.21,76070.34,2485145.95,129807.11,0.00,6502.09,100.00,0.00,300.00,0.00,1900.19
959.530,100368.72,2200.23,67311.76,2375491.26,128389.64,0.00,8103.24,0.00,0.00,400.01,0.00,1700.15
959.676,104508.07,3000.42,68016.21,2467078.96,130414.68,0.00,7402.70,0.00,0.00,200.00,100.00,1800.17
959.822,98652.88,3400.54,70431.82,2341320.36,129705.85,0.00,6802.28,0.00,0.00,500.01,0.00,2300.27
959.968,96432.76,3300.51,71841.16,2344302.20,124948.00,0.00,6702.22,0.00,0.00,600.02,0.00,1800.17
960.114,99258.43,2600.32,70733.80,2393909.04,119888.82,0.00,7903.08,0.00,0.00,300.00,0.00,1800.17
960.260,93002.58,4600.99,68418.77,2328340.09,118169.27,0.00,7502.78,0.00,0.00,1300.09,0.00,1300.09
960.406,100065.90,4701.03,76372.49,2368850.83,122924.05,0.00,8003.16,0.00,0.00,500.01,0.00,1100.06
960.552,90077.71,3400.54,67110.51,2264625.44,118776.13,0.00,7002.42,0.00,0.00,500.01,0.00,1000.05
960.699,99864.02,3400.54,74156.95,2376134.43,121608.67,0.00,7202.56,0.00,0.00,1000.05,0.00,800.03
960.845,90178.55,3100.45,70935.13,2324748.49,114731.00,0.00,6502.09,100.00,0.00,800.03,0.00,2000.21
960.991,97845.51,4000.75,75063.25,2399956.50,114528.76,0.00,8303.40,0.00,0.00,1200.07,0.00,2600.35
961.137,100368.72,3300.51,68217.49,2368617.05,121507.49,0.00,7702.93,0.00,0.00,600.02,0.00,900.04
961.283,97845.51,4600.99,75163.95,2451083.45,119484.19,0.00,8503.57,0.00,0.00,600.02,0.00,900.04
961.429,95423.78,4300.86,73653.47,2269202.79,127073.60,100.00,7102.49,0.00,0.00,600.02,0.00,1600.13
961.575,98350.11,5401.36,72747.29,2388003.76,121608.67,0.00,6902.35,0.00,200.00,600.02,100.00,1800.17
961.721,94919.31,2800.37,69123.30,2402228.37,119787.65,0.00,5501.49,0.00,0.00,1100.06,0.00,1500.12
961.867,105921.89,3100.45,67110.51,2352487.94,120192.28,0.00,7002.42,0.00,0.00,600.02,0.00,2400.30
962.013,92901.72,5701.52,72243.87,2368633.65,123328.80,0.00,7202.56,0.00,0.00,600.02,0.00,2400.30
962.159,104609.05,4300.86,70029.18,2345621.93,128794.61,0.00,7702.93,100.00,0.00,900.04,0.00,2100.23
962.305,97441.85,4801.08,73351.40,2320680.72,121406.31,0.00,8103.24,0.00,0.00,800.03,100.00,1100.06
962.451,95827.36,3900.71,76876.08,2282767.63,124846.80,100.00,7702.93,0.00,200.00,1600.13,0.00,1200.07
962.597,99763.09,3200.48,80301.20,2323336.97,116551.10,0.00,7903.08,0.00,0.00,600.02,0.00,2300.27
962.743,100267.78,5301.32,75868.92,2269035.79,118978.41,0.00,7702.93,0.00,0.00,1200.07,0.00,2100.23
962.889,96331.86,5501.42,77681.91,2333326.81,120596.96,100.00,7302.63,0.00,100.00,1100.06,0.00,2000.21
963.035,112690.53,10204.87,78890.73,2404675.83,103008.91,0.00,7602.85,100.00,0.00,600.02,0.00,1700.15
963.181,97240.02,5301.32,78689.25,2348177.98,119585.34,0.00,6802.28,0.00,0.00,500.01,0.00,1700.15
963.327,95827.36,3500.57,79696.69,2305061.18,126162.59,0.00,8003.16,200.00,0.00,500.01,0.00,900.04
963.473,86649.57,3100.45,74761.13,2261008.84,107150.56,100.00,7002.42,0.00,0.00,800.03,100.00,1900.19
963.619,103397.37,4000.75,79192.96,2313839.90,118270.40,0.00,6802.28,100.00,0.00,400.01,0.00,2500.32
963.765,95322.87,5601.47,80704.23,2288606.30,120698.12,0.00,5601.55,0.00,0.00,400.01,0.00,1600.13
963.911,93809.59,4200.83,77178.27,2352287.36,110384.19,0.00,6702.22,100.00,100.00,1300.09,0.00,2600.35
964.057,96533.67,4801.08,78487.76,2378239.31,120091.13,0.00,6602.15,100.00,100.00,1000.05,0.00,2200.25
964.203,98551.95,4400.91,78185.57,2321549.47,117562.42,0.00,7803.00,0.00,0.00,1800.17,0.00,2100.23
964.349,95928.26,4100.79,85037.70,2288622.90,118776.13,0.00,7002.42,0.00,100.00,1700.15,0.00,1900.19
964.495,105820.90,4801.08,78084.83,2303774.86,119585.34,0.00,6402.02,0.00,0.00,900.04,0.00,1300.09
964.641,100368.72,4400.91,81208.03,2307859.23,123733.57,0.00,7602.85,0.00,100.00,600.02,0.00,2200.25
964.787,98955.63,4500.95,84533.72,2332992.63,118674.98,0.00,7102.49,0.00,0.00,600.02,0.00,1900.19
964.933,97845.51,3600.61,75365.37,2375173.88,115843.23,0.00,9804.74,0.00,0.00,300.00,0.00,2100.23
965.079,97845.51,4200.83,72243.87,2295647.51,118169.27,0.00,8703.73,0.00,100.00,400.01,0.00,1100.06
965.225,95726.45,4200.83,78991.47,2465968.02,113618.85,0.00,6902.35,0.00,100.00,700.03,0.00,1000.05
965.371,101277.22,3800.68,75969.63,2349447.51,117461.27,0.00,8403.48,0.00,0.00,300.00,0.00,2100.23
965.517,105820.90,2400.27,77278.99,2341946.73,120799.28,0.00,9304.27,100.00,0.00,800.03,0.00,1900.19
965.663,104811.03,3800.68,89574.62,2354759.82,114326.54,0.00,7702.93,0.00,0.00,900.04,0.00,2200.25
965.809,96735.47,3700.64,85239.30,2342472.90,113618.85,0.00,9404.36,0.00,0.00,900.04,0.00,1100.06
965.955,102690.62,3400.54,90683.93,2347509.62,129503.36,0.00,7602.85,0.00,0.00,600.02,0.00,1100.06
966.101,98350.11,2600.32,75768.21,2407440.48,117562.42,0.00,7502.78,0.00,100.00,800.03,0.00,1700.15
966.247,107436.89,4500.95,89372.93,2607254.55,130718.47,0.00,8103.24,0.00,0.00,1100.06,0.00,2600.35
966.393,107638.91,4300.86,83223.46,2396080.72,117360.16,0.00,7402.70,0.00,0.00,700.03,0.00,2000.21
966.539,101176.28,3600.61,81208.03,2388062.16,124948.00,0.00,7702.93,0.00,0.00,300.00,0.00,2200.25
966.685,102791.57,2600.32,82316.47,2477052.20,116449.98,0.00,6902.35,0.00,0.00,700.03,0.00,1900.19
966.831,103599.28,4000.75,82014.16,2313798.10,115944.38,0.00,8003.16,0.00,0.00,0.00,0.00,1900.19
966.978,97441.85,4000.75,92600.30,2448694.59,123632.39,0.00,7502.78,0.00,100.00,200.00,0.00,1200.07
967.124,99864.02,3700.64,84533.72,2445879.74,118776.13,0.00,7803.00,0.00,0.00,400.01,0.00,1200.07
967.270,107335.87,3600.61,84332.12,2413370.95,120293.47,0.00,7302.63,0.00,0.00,800.03,100.00,1500.12
967.416,94213.11,3200.48,84231.34,2313154.93,116551.10,0.00,7702.93,0.00,100.00,600.02,0.00,2300.27
967.562,95322.87,3100.45,85541.69,2436591.46,118472.71,0.00,7702.93,0.00,0.00,900.04,0.00,1200.07
967.708,101580.07,3500.57,90179.68,2396105.91,122721.66,100.00,6001.78,0.00,100.00,700.03,0.00,2000.21
967.854,104811.03,3000.42,88667.07,2418925.44,119888.82,0.00,7002.42,0.00,100.00,1000.05,0.00,1500.12
968.000,104205.14,2600.32,80804.98,2432431.89,122519.28,0.00,7302.63,100.00,0.00,800.03,0.00,2100.23
968.146,94112.23,3300.51,88062.09,2514689.51,120799.28,0.00,8103.24,0.00,0.00,400.01,0.00,2100.23
968.292,102286.75,3300.51,95122.35,2495854.16,114225.44,0.00,8503.57,0.00,0.00,800.03,0.00,1700.15
968.438,101983.89,3000.42,81711.84,2534460.41,125858.90,0.00,6502.09,0.00,0.00,500.01,0.00,1400.10
968.584,106527.85,2500.29,90885.63,2466761.58,120495.80,0.00,7002.42,0.00,0.00,500.01,0.00,2500.32
968.730,103195.44,3700.64,90280.53,2502669.98,128997.12,0.00,8103.24,0.00,0.00,500.01,0.00,2300.27
968.876,102185.81,3600.61,89776.30,2490249.47,120698.12,0.00,9004.00,0.00,0.00,600.02,0.00,1100.06
969.022,104104.15,3700.64,91894.22,2535496.15,125960.11,0.00,5301.39,0.00,0.00,500.01,0.00,1300.09
969.168,95020.20,2700.34,101480.53,2519275.25,120091.13,0.00,7302.63,100.00,100.00,500.01,0.00,1900.19
969.314,98451.03,3800.68,87356.33,2399296.54,121811.04,0.00,8203.32,100.00,0.00,500.01,0.00,1700.15
969.460,97542.76,4300.86,88969.58,2457181.11,112405.72,0.00,6602.15,0.00,0.00,800.03,0.00,2100.23
969.606,105618.90,4300.86,82618.79,2426593.41,116045.49,100.00,7502.78,0.00,100.00,1100.06,0.00,1700.15
969.752,97845.51,3300.51,89675.45,2431187.36,119383.05,0.00,9204.18,100.00,0.00,100.00,0.00,2200.25
969.898,100267.78,3800.68,83324.26,2332174.08,117157.88,0.00,6201.90,0.00,0.00,700.03,0.00,1900.19
970.044,99763.09,4000.75,86247.36,2333092.83,112102.48,0.00,7202.56,100.00,0.00,200.00,0.00,2500.32
970.190,95322.87,26633.15,235164.56,2529440.49,473463.83,300.00,17314.78,3700.68,2700.36,200120.62,14410.69,74082.45
970.336,1281090.17,6812829.84,1444999.84,3665102.82,12683624.50,4701.07,3887441.88,61184.29,181004.14,131168390.43,17816.34,113461.20
970.482,1263600.81,1714835.59,12336615.90,4210945.41,14752205.02,12207.18,772250.65,34859.90,273958.14,410355284.17,28140.75,73477.86
970.628,1424753.06,1513391.73,13730431.56,5086687.22,10968228.37,3900.73,2526045.56,48616.43,40179.59,6942293.91,20120.84,146703.51
970.774,1228915.55,675280.44,850745.14,3064842.06,6704493.90,1600.12,637385.12,6702.22,53139.13,1385344.95,10806.01,96175.50
970.920,905279.02,1061036.35,471509.34,2910500.46,3880572.74,2700.35,39677.52,7803.01,5901.72,2236634.23,4701.14,10005.17
971.066,228378.01,92232.23,451457.68,2803167.84,107347.85,0.00,27437.09,500.01,2400.28,192041.43,2100.23,2000.21
971.212,114004.35,46500.96,1124180.01,2567077.79,557910.02,11706.61,16813.94,1700.14,1900.18,3700.70,100.00,2400.30
971.358,157856.33,199342.25,83855.95,2593171.74,380347.30,1200.07,8603.65,0.00,200.00,3800.74,1200.07,25734.17
971.504,484636.14,4000.75,79797.43,2522516.07,363664.73,2600.33,7402.70,5501.50,0.00,1400.10,800.03,2300.27
971.650,120778.07,4300.86,94819.67,2475247.91,124846.80,0.00,31248.10,0.00,0.00,8203.43,1200.07,2500.32
971.796,190786.53,2900.39,155221.49,2584902.60,1396770.05,0.00,7502.78,0.00,0.00,1300.09,0.00,1900.19
971.942,96634.57,5101.22,99259.79,2562851.42,120038.00,100.00,9404.36,0.00,3500.61,700.03,1500.12,2700.38
972.088,102185.81,24929.04,92095.96,2477486.58,120799.28,0.00,8303.40,0.00,2100.22,400.01,0.00,1400.10
972.234,145381.35,3700.64,84936.89,2545101.81,115135.43,0.00,8103.24,0.00,100.00,700.03,100.00,2600.35
972.380,96230.95,4100.79,338178.25,2553671.74,125251.63,0.00,6502.09,0.00,100.00,800.03,0.00,3000.47
972.526,99964.96,4801.08,85037.70,2465066.07,123429.98,0.00,7402.70,0.00,0.00,1000.05,0.00,2800.41
972.672,97744.59,5201.27,93508.16,2495177.59,122721.66,100.00,7602.85,0.00,0.00,1400.10,0.00,1900.19
972.818,99258.43,4300.86,91087.34,2397617.63,125150.42,0.00,9004.00,0.00,0.00,1100.06,0.00,1700.15
972.964,108750.04,6301.86,90683.93,2473694.39,125352.85,0.00,7102.49,0.00,100.00,1400.10,0.00,2600.35
973.111,103296.39,5501.42,92600.30,2474395.95,118776.13,0.00,9504.45,0.00,100.00,1200.07,0.00,1900.19
973.257,107032.86,5001.17,97745.91,2548000.25,124745.57,0.00,7803.00,0.00,0.00,1300.09,0.00,2100.23
973.403,101277.22,4901.12,93407.28,2452311.38,116247.73,0.00,6101.84,0.00,0.00,600.02,0.00,2500.32
973.549,98451.03,18816.55,92600.30,2477494.78,124846.80,0.00,7502.78,0.00,0.00,600.02,0.00,1200.07
973.695,94616.65,8203.15,98553.28,2497666.66,121203.98,0.00,7903.08,0.00,0.00,900.04,0.00,1800.17
973.841,106325.88,4300.86,96635.86,2438103.37,129199.61,0.00,9404.36,0.00,100.00,1600.13,0.00,1500.12
973.987,101580.07,3300.51,102389.17,2454717.05,123126.41,0.00,7602.85,200.00,0.00,1300.09,0.00,2200.25
974.133,106931.86,4100.79,106630.43,2631803.18,125960.11,0.00,8503.57,0.00,0.00,1500.11,0.00,1900.19
974.279,102286.75,6501.98,90179.68,2509427.40,119686.50,0.00,7602.85,0.00,0.00,1000.05,0.00,2100.23
974.425,96029.15,9103.88,100874.84,2557238.34,122620.46,0.00,7903.08,200.00,800.03,1100.06,800.03,2200.25
974.571,103195.44,5101.22,101985.32,2579339.71,126769.91,0.00,8503.57,300.00,500.01,1200.07,0.00,1700.15
974.717,102892.54,5401.36,99259.79,2582087.75,134972.42,0.00,6402.02,100.00,0.00,1500.11,0.00,2200.25
974.863,102589.64,5801.57,96434.04,2491026.23,124644.38,100.00,7803.00,200.00,200.00,800.03,0.00,1700.15
975.009,103801.26,5801.57,102692.07,2536966.27,122418.11,0.00,7002.42,100.00,100.00,900.04,0.00,2000.21
975.155,114206.48,5001.17,98654.21,2558123.69,124644.38,0.00,6201.90,0.00,200.00,800.03,0.00,1600.13
975.301,103801.26,4701.03,110166.10,2598459.04,121203.98,0.00,8303.40,0.00,0.00,700.03,0.00,2200.25
975.447,107840.92,5101.22,97947.75,2649235.41,125960.11,200.00,8903.91,100.00,200.00,900.04,0.00,2100.23
975.593,106830.86,6501.98,97544.08,2561398.10,119281.90,0.00,8203.32,0.00,0.00,1200.07,100.00,1800.17
975.739,105214.96,3500.57,99158.86,2526007.48,122215.74,0.00,8103.24,0.00,0.00,1400.10,0.00,1000.05
975.885,106022.88,4901.12,107438.48,2504841.66,130819.72,0.00,7803.00,0.00,0.00,900.04,0.00,2900.43
976.031,110770.63,4000.75,102793.04,2529148.10,116348.86,0.00,7202.56,0.00,0.00,1400.10,0.00,2400.30
976.177,103397.37,4100.79,102490.14,2543072.13,122114.55,0.00,7202.56,0.00,0.00,600.02,0.00,2200.25
976.323,101075.32,4000.75,105115.51,2568940.49,125960.11,0.00,8303.40,0.00,300.00,1000.05,0.00,2100.23
976.469,105517.92,4600.99,102187.26,2549595.56,118674.98,0.00,8203.32,0.00,0.00,500.01,0.00,2000.21
976.615,98753.79,2600.32,98755.14,2460296.54,127073.60,200.00,8003.16,100.00,0.00,1500.11,0.00,2000.21
976.761,107537.89,3600.61,95929.53,2469543.02,118169.27,0.00,8303.40,0.00,0.00,1000.05,0.00,2300.27
976.907,105012.99,4100.79,107236.46,2493707.48,123935.96,0.00,8603.65,0.00,0.00,900.04,0.00,1900.19
977.053,97240.02,3700.64,104105.65,2491051.42,109575.69,0.00,7903.08,0.00,0.00,800.03,0.00,1500.12
977.199,106325.88,5701.52,107842.53,2566910.80,128389.64,0.00,7602.85,0.00,0.00,800.03,0.00,3100.50
977.345,107234.87,2900.39,108145.58,2519300.25,114124.33,0.00,8003.16,0.00,100.00,1100.06,0.00,2100.23
977.491,103195.44,3500.57,107438.48,2567520.57,125960.11,0.00,7602.85,0.00,100.00,1600.13,0.00,1500.12
977.637,100873.43,4901.12,104408.61,2545920.37,130313.42,0.00,8403.48,0.00,100.00,1000.05,0.00,1800.17
977.783,101075.32,4100.79,110469.22,2504557.67,128389.64,0.00,8703.73,0.00,0.00,1000.05,0.00,2300.27
977.929,95625.56,5001.17,108549.66,2506278.38,122721.66,0.00,8603.65,0.00,0.00,500.01,0.00,1700.15
978.075,106931.86,3400.54,117746.45,2487225.84,131224.80,0.00,9104.09,0.00,0.00,1200.07,0.00,2500.32
978.221,96029.15,5901.63,117342.04,2574411.58,132642.65,0.00,7702.93,0.00,0.00,900.04,0.00,2200.25
978.367,104104.15,5301.32,111580.70,2522507.67,128490.87,0.00,7102.49,100.00,0.00,800.03,0.00,2100.23
978.513,101580.07,4500.95,106832.45,2495636.97,117360.16,0.00,7903.08,0.00,0.00,400.01,0.00,2700.38
978.659,101983.89,5401.36,105620.45,2587491.85,122013.38,0.00,9204.18,0.00,0.00,1600.13,0.00,1500.12
978.805,101681.03,4100.79,110368.18,2573593.03,127680.97,0.00,7402.70,0.00,0.00,1100.06,0.00,2400.30
978.951,104912.00,4000.75,108650.67,2549645.76,139126.76,0.00,9004.00,0.00,100.00,1300.09,0.00,1400.10
979.097,104306.14,4901.12,113905.06,2535529.55,115438.76,0.00,9404.36,0.00,0.00,600.02,0.00,2600.35
979.244,109861.32,5801.57,104206.64,2522507.67,126466.24,0.00,7803.00,0.00,0.00,1000.05,200.00,2200.25
979.390,107032.86,4300.86,104913.53,2545452.60,127174.81,0.00,7502.78,0.00,0.00,1100.06,0.00,3200.53
979.536,98854.72,4300.86,106630.43,2503346.54,119079.57,0.00,8003.16,200.00,0.00,800.03,0.00,2100.23
979.682,91489.62,4600.99,113500.81,2509911.77,123834.77,0.00,7803.00,0.00,0.00,900.04,0.00,1500.12
979.828,102488.69,4200.83,109155.79,2514380.52,118169.27,0.00,6802.28,0.00,100.00,300.00,0.00,1900.19
979.974,101781.98,4701.03,115016.90,2410764.90,119180.74,0.00,8903.91,0.00,0.00,1000.05,0.00,2300.27
980.120,105113.97,3900.71,105014.52,2417263.34,124948.00,0.00,7302.63,0.00,0.00,1300.09,0.00,1900.19
980.266,102589.64,5901.63,109054.75,2516577.20,129908.38,0.00,8803.82,0.00,0.00,1300.09,0.00,2600.35
980.412,101781.98,5301.32,103600.78,2567629.16,127276.03,0.00,9804.74,0.00,0.00,1300.09,0.00,1400.10
980.558,102791.57,4701.03,106731.42,2540031.70,127680.97,0.00,9504.45,0.00,200.00,600.02,0.00,2800.41
980.704,101781.98,4400.91,108448.64,2514781.50,121507.49,0.00,8703.73,100.00,0.00,500.01,0.00,2500.32
980.850,102993.51,3300.51,109863.00,2604949.08,122822.85,0.00,8403.48,0.00,0.00,700.03,100.00,2000.21
980.996,95121.08,4000.75,108549.66,2439932.67,128592.13,0.00,7102.49,0.00,0.00,300.00,0.00,1700.15
981.142,104205.14,3200.48,111277.54,2501408.65,128997.12,0.00,8103.24,0.00,0.00,700.03,0.00,1000.05
981.288,107032.86,3700.64,119869.92,2519951.81,128997.12,0.00,9904.84,0.00,0.00,600.02,0.00,1800.17
981.434,97845.51,4200.83,116634.34,2617110.80,123429.98,200.00,9004.00,0.00,100.00,1200.07,0.00,2400.30
981.580,100570.60,4400.91,102591.10,2503889.51,124138.37,0.00,7702.93,100.00,0.00,1500.11,0.00,3000.47
981.726,98148.26,4901.12,111176.50,2579523.50,124239.59,0.00,9204.18,0.00,0.00,900.04,0.00,1700.15
981.872,100065.90,4701.03,112793.37,2557722.91,123025.25,100.00,9604.55,100.00,0.00,1600.13,0.00,3100.50
982.018,93002.58,3800.68,116128.86,2550522.71,127579.74,0.00,8603.65,0.00,0.00,1000.05,100.00,3000.47
982.164,95322.87,4500.95,112490.16,2467880.91,135377.65,0.00,8103.24,0.00,0.00,2000.20,0.00,2400.30
982.310,101277.22,5001.17,111176.50,2470436.77,125757.69,0.00,8403.48,100.00,0.00,1100.06,0.00,2800.41
982.456,93809.59,4801.08,121589.22,2523309.63,128895.86,0.00,7803.00,0.00,0.00,1000.05,200.00,2000.21
982.602,97240.02,6101.74,116937.64,2515750.45,124340.76,100.00,8203.32,100.00,0.00,1500.11,100.00,1600.13
982.748,102791.57,4701.03,105620.45,2521538.73,131832.42,0.00,7903.08,0.00,100.00,1000.05,0.00,2500.32
982.894,103397.37,4400.91,123409.94,2591242.25,122519.28,0.00,7903.08,0.00,0.00,600.02,0.00,2500.32
983.040,96130.05,4901.12,107943.53,2533800.64,130920.96,0.00,8303.40,100.00,0.00,700.03,0.00,1900.19
983.186,96432.76,5101.22,113399.75,2483041.07,127782.21,0.00,8103.24,0.00,0.00,1100.06,0.00,2800.41
983.332,93406.09,4801.08,120476.70,2502394.39,127883.45,0.00,8603.65,200.00,0.00,700.03,0.00,2700.38
983.478,97946.42,4701.03,116027.79,2563444.39,132440.10,0.00,9104.09,0.00,0.00,700.03,0.00,2600.35
983.624,99359.35,5001.17,118454.24,2620902.79,123632.39,0.00,9704.64,0.00,0.00,900.04,0.00,2400.30
983.770,96735.47,5301.32,122398.40,2600547.32,131528.60,0.00,8703.73,0.00,0.00,600.02,0.00,3200.53
983.916,86548.77,6101.74,113905.06,2539630.72,136796.06,0.00,8503.57,0.00,0.00,1000.05,0.00,2200.25
984.062,98148.26,4600.99,109863.00,2484853.57,132237.52,0.00,8103.24,0.00,0.00,1100.06,0.00,2700.38
984.208,93708.69,6001.68,111782.79,2434102.40,130414.68,0.00,7803.00,0.00,0.00,900.04,0.00,1600.13
984.354,97038.20,4500.95,112995.46,2577560.60,130212.15,0.00,9604.55,100.00,100.00,1100.06,0.00,3000.47
984.500,95121.08,4200.83,112187.01,2533266.07,129807.11,0.00,8403.48,0.00,0.00,400.01,0.00,2200.25
984.646,97139.11,4901.12,112389.10,2486407.28,125352.85,0.00,9404.36,0.00,0.00,600.02,0.00,2500.32
984.792,95726.45,5601.47,121285.78,2628837.95,126567.46,0.00,8403.48,0.00,100.00,1400.10,0.00,2800.41
984.938,97038.20,5201.27,112490.16,2642987.56,127680.97,100.00,9104.09,100.00,0.00,500.01,0.00,2200.25
985.084,93103.46,4100.79,114511.51,2512868.61,136086.82,0.00,8703.73,0.00,100.00,700.03,0.00,1800.17
985.230,95726.45,4600.99,122701.86,2588001.43,136796.06,0.00,7102.49,0.00,0.00,1500.11,0.00,2400.30
985.376,96331.86,4100.79,123005.31,2523802.40,130313.42,100.00,7602.85,0.00,0.00,400.01,0.00,3100.50
985.523,94011.35,3800.68,124016.95,2495728.77,126567.46,0.00,8503.57,0.00,0.00,1100.06,0.00,2000.21
985.669,91187.05,5001.17,108448.64,2601716.66,122215.74,0.00,8003.16,0.00,0.00,700.03,0.00,2000.21
985.815,95827.36,4100.79,119768.80,2587274.86,130414.68,0.00,8403.48,100.00,0.00,600.02,0.00,2500.32
985.961,95928.26,3400.54,115016.90,2609676.82,119585.34,100.00,10004.94,0.00,0.00,1100.06,0.00,1900.19
986.107,91388.76,4300.86,122297.24,2520043.61,132541.37,0.00,9804.74,0.00,0.00,600.02,0.00,2000.21
986.253,94919.31,6101.74,122499.55,2505468.22,139633.50,0.00,8403.48,0.00,0.00,600.02,0.00,1900.19
986.399,97340.93,4600.99,114107.23,2574252.79,136390.77,200.00,10405.34,0.00,0.00,900.04,0.00,1500.12
986.545,97441.85,2700.34,111378.60,2631018.03,134465.91,0.00,8003.16,0.00,0.00,600.02,0.00,2500.32
986.691,93910.46,3800.68,104206.64,2670300.84,132440.10,0.00,8603.65,0.00,0.00,500.01,0.00,2000.21
986.837,96230.95,3300.51,114006.14,2557196.54,133047.79,0.00,8303.40,0.00,0.00,1100.06,0.00,1600.13
986.983,97441.85,2900.39,114915.84,2585412.17,140140.27,100.00,8503.57,0.00,0.00,1400.10,0.00,1400.10
987.129,90682.79,5001.17,107438.48,2523059.04,135478.95,0.00,10505.44,0.00,0.00,8003.26,100.00,2700.38
987.275,88161.84,5001.17,109054.75,2566384.63,139430.80,0.00,8103.24,0.00,0.00,600.02,0.00,1700.15
987.421,100368.72,3400.54,120173.29,2600413.53,137708.02,0.00,9704.64,100.00,0.00,1100.06,0.00,2400.30
987.567,93607.82,2700.34,181837.14,2633264.90,166525.98,100.00,9304.27,100.00,0.00,322102.64,0.00,2200.25
987.713,95020.20,3800.68,113702.93,2544617.44,128490.87,100.00,8203.32,0.00,0.00,900.04,0.00,2400.30
987.859,92599.12,2600.32,97443.17,2554081.11,142471.70,100.00,10605.55,0.00,0.00,700.03,0.00,1900.19
988.005,88766.82,2500.29,119566.53,2542403.96,124340.76,0.00,9904.84,0.00,0.00,600.02,0.00,2100.23
988.151,99359.35,3100.45,114208.29,2512384.24,131326.06,100.00,7602.85,0.00,0.00,800.03,0.00,1600.13
988.297,89674.34,4000.75,110974.43,2610770.96,147947.55,100.00,6902.35,0.00,0.00,500.01,0.00,3000.47
988.443,85339.09,4300.86,114410.45,2448377.20,124543.19,0.00,9104.09,0.00,0.00,200.00,0.00,3200.53
988.589,82214.75,5401.36,119667.65,2603437.36,120799.28,100.00,9604.55,0.00,200.00,500.01,0.00,2500.32
988.735,85137.49,3600.61,108953.75,2575798.10,137505.35,0.00,8103.24,0.00,0.00,400.01,0.00,2400.30
988.881,88464.32,5101.22,120780.09,2578938.73,133452.93,0.00,9504.45,0.00,0.00,900.04,0.00,2000.21
989.027,89775.19,3400.54,113298.66,2558850.45,134162.01,0.00,7402.70,0.00,0.00,700.03,0.00,2900.43
989.173,88464.32,4300.86,117645.35,2536456.70,130617.19,0.00,8403.48,0.00,0.00,100.00,0.00,2500.32
989.319,90077.71,5201.27,129582.52,2557681.11,138518.69,0.00,9004.00,0.00,0.00,800.03,0.00,1400.10
989.465,89270.98,4500.95,118757.57,2537893.42,135580.26,0.00,8603.65,0.00,0.00,500.01,0.00,2300.27
989.611,88565.15,6301.86,128266.76,2462251.03,131326.06,100.00,7502.78,100.00,0.00,900.04,0.00,2600.35
989.757,92094.78,4600.99,120678.96,2538294.39,134364.60,0.00,9004.00,0.00,0.00,500.01,0.00,1700.15
989.903,83424.07,4200.83,124421.60,2632287.56,136492.11,0.00,9204.18,0.00,0.00,500.01,0.00,1400.10
990.049,91792.19,3100.45,123814.60,2584668.81,139430.80,200.00,8303.40,0.00,0.00,500.01,0.00,1400.10
990.195,84532.73,4200.83,116735.43,2488545.56,130414.68,100.00,8203.32,0.00,0.00,500.01,0.00,2500.32
990.341,93204.32,2800.37,139607.86,2597991.27,136492.11,0.00,7903.08,0.00,0.00,900.04,0.00,1700.15
990.487,89472.66,4000.75,123308.78,2527686.38,140951.14,0.00,8303.40,0.00,0.00,500.01,0.00,2800.41
990.633,89371.83,4500.95,121589.22,2515073.69,127883.45,0.00,8703.73,0.00,0.00,1200.07,0.00,2400.30
990.779,90581.94,3600.61,133429.50,2556979.35,131326.06,100.00,8003.16,0.00,200.00,600.02,0.00,1800.17
990.925,88363.51,3700.64,125433.34,2636689.51,132743.95,0.00,11206.19,200.00,0.00,500.01,0.00,1700.15
991.071,89573.50,3500.57,126344.02,2663242.83,133452.93,0.00,10105.04,100.00,200.00,700.03,0.00,2900.43
991.217,84331.14,3400.54,125231.00,2539221.54,142370.33,100.00,7502.78,0.00,0.00,500.01,0.00,1100.06
991.363,89472.66,3100.45,122398.40,2618087.95,138012.01,0.00,9304.27,0.00,0.00,600.02,0.00,2300.27
991.509,85339.09,3000.42,133227.02,2524069.59,140444.34,0.00,8103.24,0.00,0.00,400.01,0.00,2500.32
991.656,91792.19,4300.86,128975.23,2552610.99,132642.65,0.00,9604.55,0.00,100.00,600.02,0.00,2200.25
991.802,92094.78,5001.17,134239.58,2629581.31,135175.03,0.00,7302.63,0.00,0.00,900.04,100.00,1700.15
991.948,86044.70,5101.22,140823.68,2614471.35,137505.35,0.00,9504.45,0.00,100.00,300.00,0.00,1900.19
992.094,90783.66,4200.83,120982.39,2553913.92,135580.26,200.00,8803.82,0.00,200.00,100.00,0.00,1200.07
992.240,90884.49,3700.64,126141.65,2611906.89,132642.65,0.00,9504.45,100.00,0.00,300.00,0.00,1600.13
992.386,84129.57,4000.75,130797.21,2479967.24,140038.92,0.00,7602.85,0.00,0.00,600.02,0.00,1700.15
992.532,82214.75,3700.64,132315.77,2610211.39,141255.25,0.00,8403.48,0.00,0.00,100.00,0.00,1600.13
992.678,86851.19,3200.48,122297.24,2547048.10,125555.25,100.00,8103.24,0.00,0.00,200.00,0.00,1900.19
992.824,87758.55,3700.64,135758.65,2562366.85,133756.83,200.00,7302.63,0.00,0.00,100.00,0.00,2000.21
992.970,92296.51,3000.42,125433.34,2623133.07,128693.39,0.00,9004.00,0.00,300.00,400.01,0.00,2600.35
993.116,89170.16,3400.54,130291.07,2570686.19,139126.76,100.00,7702.93,0.00,0.00,300.00,0.00,1500.12
993.262,83625.63,3200.48,133328.27,2513010.60,125251.63,0.00,7102.49,100.00,0.00,400.01,0.00,2200.25
993.408,87254.45,3600.61,131202.15,2627200.84,142370.33,100.00,7702.93,0.00,0.00,200.00,0.00,2400.30
993.554,86145.52,3000.42,134037.06,2546613.73,139532.16,100.00,8003.16,0.00,0.00,200.00,0.00,2300.27
993.700,88262.67,4701.03,126546.37,2529975.06,138620.02,100.00,8103.24,0.00,0.00,500.01,0.00,1900.19
993.846,89573.50,4400.91,134847.17,2566735.41,132642.65,100.00,10004.94,100.00,0.00,700.03,0.00,1900.19
993.992,89976.86,4500.95,124826.30,2607546.93,128490.87,200.00,8203.32,200.00,0.00,700.03,0.00,1800.17
994.138,87052.83,4000.75,129683.74,2580083.07,131832.42,100.00,6502.09,0.00,0.00,600.02,0.00,2200.25
994.284,86447.94,5101.22,141634.32,2621203.57,136289.48,100.00,7803.00,100.00,0.00,400.01,0.00,1500.12
994.430,83524.85,4801.08,136366.31,2601273.89,129402.11,0.00,8003.16,0.00,100.00,700.03,0.00,1800.17
994.576,90279.41,3100.45,136366.31,2509736.38,129604.62,0.00,9504.45,0.00,0.00,500.01,0.00,1700.15
994.722,87355.26,2900.39,130695.99,2452586.97,1120437.82,0.00,5901.72,200.00,0.00,200.00,0.00,2400.30
994.868,86548.77,3800.68,128469.17,2473644.20,123695.29,100.00,6201.90,0.00,0.00,500.01,0.00,2700.38
995.014,92599.12,3900.71,128570.38,2535404.35,130009.65,100.00,8603.65,0.00,0.00,500.01,100.00,2200.25
995.160,85439.88,22423.50,126951.17,2551558.46,133959.41,100.00,9004.00,0.00,0.00,1200.07,0.00,2000.21
995.306,81610.16,3100.45,136467.62,2692302.01,134060.71,100.00,8203.32,0.00,0.00,400.01,0.00,1800.17
995.452,89775.19,5001.17,127052.36,2608273.50,138518.69,300.00,9104.09,0.00,0.00,400.01,400.01,2500.32
995.598,86750.38,3100.45,136670.18,2570786.58,131629.87,100.00,7302.63,0.00,0.00,700.03,0.00,1700.15
995.744,89876.03,4000.75,132822.00,2503087.56,134871.11,0.00,9404.36,0.00,0.00,600.02,100.00,1300.09
995.890,81610.16,3200.48,136872.76,2498735.80,128288.41,100.00,7202.56,0.00,100.00,500.01,0.00,2000.21
996.036,87456.09,3200.48,128165.54,2508642.24,130718.47,0.00,7102.49,0.00,100.00,600.02,0.00,2000.21
996.182,85238.29,4100.79,135556.09,2585620.96,133047.79,0.00,9804.74,0.00,0.00,300.00,0.00,1700.15
996.328,81811.69,2900.39,130999.67,2488436.97,127782.21,0.00,9604.55,0.00,0.00,700.03,100.00,2400.30
996.474,87254.45,3500.57,142343.68,2530083.65,136492.11,0.00,8603.65,200.00,0.00,600.02,0.00,2400.30
996.620,88766.82,4300.86,140114.44,2485772.32,135580.26,100.00,9704.64,0.00,0.00,300.00,0.00,1600.13
996.766,82617.85,4000.75,134037.06,2474763.53,134465.91,0.00,8303.40,0.00,100.00,500.01,0.00,1900.19
996.912,86548.77,4000.75,135454.82,2569149.28,140444.34,200.00,7602.85,0.00,0.00,100.00,0.00,1500.12
997.058,85339.09,4000.75,141229.02,2585194.98,130313.42,100.00,8603.65,400.01,0.00,500.01,0.00,1700.15
997.204,87657.73,3100.45,147411.83,2647489.71,130212.15,100.00,9204.18,0.00,0.00,800.03,0.00,2100.23
997.350,84633.50,3300.51,135758.65,2698257.48,131528.60,100.00,39878.30,0.00,100.00,100.00,0.00,1400.10
997.496,84532.73,4200.83,129278.87,2577259.82,140140.27,0.00,8503.57,0.00,0.00,300.00,0.00,1400.10
997.642,83625.63,2400.27,124320.45,2473936.58,134871.11,100.00,7402.70,100.00,0.00,300.00,0.00,2900.43
997.789,84633.50,3000.42,132113.28,2519041.27,131326.06,100.00,6402.02,100.00,100.00,200.00,0.00,1400.10
997.935,89170.16,3300.51,127153.54,2508917.83,139430.80,0.00,8303.40,0.00,0.00,1100.06,0.00,2100.23
998.081,87052.83,2900.39,138999.99,2529565.68,128794.61,200.00,8203.32,100.00,0.00,400.01,0.00,2100.23
998.227,90884.49,5001.17,140519.72,2655641.86,132440.10,100.00,7702.93,0.00,100.00,400.01,0.00,1600.13
998.373,94818.41,3900.71,144167.94,2668638.73,131224.80,100.00,7803.00,100.00,100.00,200.00,0.00,2200.25
998.519,83625.63,4901.12,137581.79,2506127.99,141762.08,0.00,8903.91,0.00,0.00,400.01,100.00,1400.10
998.665,87758.55,4200.83,133935.79,2558115.49,129908.38,100.00,9704.64,0.00,100.00,200.00,0.00,2300.27
998.811,86548.77,4300.86,141735.65,2510179.16,132338.80,0.00,8103.24,0.00,0.00,400.01,0.00,2200.25
998.957,83524.85,4000.75,141026.33,2526015.88,139734.84,200.00,8703.73,0.00,0.00,600.02,0.00,3400.60
999.103,94313.99,3900.71,147513.20,2582455.33,128490.87,200.00,6301.96,100.00,0.00,500.01,0.00,1700.15
999.249,82819.40,3500.57,133125.75,2536181.11,128187.16,0.00,7502.78,0.00,0.00,500.01,100.00,2600.35
999.395,89170.16,3200.48,128975.23,2609710.21,126162.59,100.00,8603.65,0.00,0.00,500.01,0.00,1800.17
999.541,86246.33,3500.57,134644.66,2628904.75,140342.98,200.00,7903.08,0.00,0.00,200.00,0.00,1700.15
999.687,83424.07,4200.83,134745.91,2520962.56,138012.01,0.00,8203.32,0.00,0.00,1000.05,0.00,2100.23
999.833,91187.05,3200.48,139405.25,2528296.15,137708.02,0.00,7202.56,0.00,0.00,300.00,100.00,1400.10
999.979,92699.97,4701.03,128671.58,2535136.97,157384.93,100.00,9904.84,0.00,0.00,300.00,0.00,1600.13
1000.125,84835.10,3000.42,134847.17,2420454.16,133149.09,100.00,7502.78,0.00,100.00,900.04,0.00,2100.23
1000.271,89472.66,3900.71,129987.42,2489664.70,132136.25,100.00,8403.48,0.00,0.00,1200.07,0.00,1500.12
1000.417,88565.15,4200.83,137683.07,2680432.87,130617.19,0.00,8303.40,0.00,0.00,1100.06,0.00,1600.13
1000.563,90178.55,4300.86,143255.76,2587558.85,141660.71,200.00,9304.27,0.00,0.00,700.03,100.00,2300.27
1000.709,83726.43,3900.71,131202.15,2583758.26,128187.16,0.00,10004.94,0.00,0.00,500.01,0.00,2200.25
1000.855,94919.31,26933.90,132720.75,2506311.77,141356.61,400.01,8903.91,200.00,100.00,2000.20,0.00,2500.32
1001.001,87657.73,5501.42,143762.52,2556377.99,140849.77,0.00,10205.14,0.00,0.00,900.04,0.00,2100.23
1001.147,91287.92,7902.92,133632.03,2500882.48,139734.84,0.00,7502.78,0.00,0.00,900.04,100.00,2100.23
1001.293,85540.69,10004.68,129987.42,2485738.92,145614.91,400.01,10405.34,0.00,0.00,400.01,0.00,1600.13
1001.439,93910.46,14209.44,127052.36,2544350.06,133351.66,0.00,9104.09,0.00,0.00,900.04,0.00,1300.09
1001.585,87556.92,19818.36,127963.15,2555592.83,128187.16,200.00,9204.18,400.01,0.00,800.03,0.00,3000.47
1001.731,89069.31,28838.86,130392.29,2561197.52,131629.87,0.00,8003.16,0.00,0.00,1100.06,0.00,2200.25
1001.877,93103.46,20619.88,123409.94,2533124.08,135782.89,0.00,6502.09,0.00,0.00,900.04,0.00,1700.15
1002.023,87859.36,17614.51,137581.79,2694131.31,142978.60,0.00,8803.82,0.00,0.00,300.00,0.00,900.04
1002.169,83928.00,12307.08,131607.10,2530242.24,136390.77,0.00,7702.93,0.00,100.00,1300.09,100.00,2100.23
1002.315,89270.98,8003.00,129481.30,2554958.06,134364.60,100.00,7502.78,0.00,0.00,900.04,0.00,1400.10
1002.461,87556.92,7302.49,127963.15,2596554.75,130212.15,100.00,7502.78,200.00,0.00,600.02,0.00,1400.10
1002.607,87859.36,4801.08,132720.75,2446806.89,133655.53,0.00,10105.04,0.00,0.00,900.04,0.00,2200.25
1002.753,89371.83,6101.74,135859.93,2524879.94,129908.38,0.00,7702.93,0.00,0.00,700.03,100.00,1900.19
1002.899,84028.78,5701.52,125231.00,2535855.33,134263.30,100.00,9704.64,0.00,0.00,600.02,0.00,2200.25
1003.045,91792.19,4701.03,127963.15,2585871.54,136289.48,0.00,7903.08,0.00,100.00,400.01,0.00,2000.21
1003.191,94313.99,5401.36,125433.34,2521254.74,136796.06,0.00,7803.00,0.00,0.00,700.03,0.00,2400.30
1003.337,85036.70,4100.79,127355.95,2548534.82,134871.11,200.00,9504.45,0.00,0.00,800.03,0.00,2100.23
1003.483,88464.32,7002.29,116229.95,2482264.31,124441.97,0.00,7903.08,0.00,0.00,500.01,0.00,2200.25
1003.629,89876.03,9504.23,123409.94,2549837.75,126466.24,0.00,7903.08,0.00,0.00,400.01,0.00,2000.21
1003.775,86246.33,9003.79,122904.17,2488102.79,136694.74,100.00,8503.57,0.00,0.00,600.02,0.00,1500.12
1003.921,85540.69,10705.36,129177.65,2608332.09,141153.86,100.00,8203.32,0.00,0.00,400.01,0.00,2400.30
1004.068,88766.82,10004.68,123308.78,2656427.01,139937.55,100.00,10004.94,100.00,100.00,300.00,0.00,2300.27
1004.214,89775.19,12006.74,118656.48,2396297.91,132034.99,0.00,7803.00,0.00,0.00,900.04,0.00,2000.21
1004.360,84331.14,13007.92,114309.37,2410305.52,127984.70,100.00,6602.15,0.00,0.00,500.01,0.00,2300.27
1004.506,90380.25,15411.11,122701.86,2479842.05,136897.39,0.00,8803.82,0.00,0.00,500.01,0.00,1600.13
1004.652,84633.50,18015.17,123005.31,2460488.73,132440.10,100.00,8103.24,100.00,0.00,700.03,0.00,1900.19
1004.798,90380.25,13108.04,120881.23,2564839.32,136593.44,100.00,8603.65,0.00,100.00,1800.17,0.00,2800.41
1004.944,89170.16,13408.41,123005.31,2606995.57,139734.84,800.03,9504.45,100.00,100.00,1200.07,0.00,2000.21
1005.090,90985.34,22223.09,139405.25,2622164.12,135681.57,0.00,9804.74,100.00,0.00,2700.37,0.00,1800.17
1005.236,95121.08,15411.11,123005.31,2547215.10,138113.36,100.00,7803.00,0.00,300.00,1500.11,0.00,2900.43
1005.382,94919.31,52528.80,131100.91,2517888.73,143992.50,0.00,8103.24,0.00,0.00,1500.11,0.00,3300.56
1005.528,84331.14,13708.79,132923.26,2553320.96,138721.39,0.00,8603.65,100.00,100.00,1800.17,0.00,1300.09
1005.674,84835.10,13608.66,125838.09,2683448.11,136593.44,100.00,9204.18,0.00,100.00,1000.05,0.00,3000.47
1005.820,87960.19,12006.74,116634.34,2506403.57,126263.80,0.00,8303.40,200.00,0.00,1900.18,0.00,2000.21
1005.966,86447.94,11906.63,116634.34,2442154.55,126668.69,0.00,7102.49,0.00,0.00,600.02,0.00,1300.09
1006.112,81710.91,62783.91,112793.37,2235223.88,119079.57,100.00,5301.39,0.00,100.00,500.01,0.00,1500.12
1006.258,54237.17,8703.54,76171.06,1311579.03,73459.18,200.00,3900.75,100.00,0.00,400.01,0.00,900.04
1006.404,34254.76,6902.23,43388.08,802246.31,38772.32,300.00,1900.18,0.00,0.00,400.01,0.00,600.02
1006.550,17814.82,3900.71,23024.83,441818.17,22324.00,0.00,1100.06,0.00,0.00,200.00,0.00,400.01
1006.696,11305.97,7302.49,19818.40,302144.95,13008.15,0.00,300.00,0.00,0.00,0.00,0.00,300.00
1006.842,8403.30,2300.25,12407.21,183067.03,8903.82,0.00,600.02,0.00,0.00,200.00,0.00,200.00
1006.988,5401.36,1500.11,9304.06,132118.12,6902.30,0.00,300.00,0.00,0.00,100.00,0.00,200.00
1007.134,3500.57,1300.08,5001.17,90585.35,4701.07,0.00,900.04,0.00,0.00,0.00,0.00,100.00
1007.280,2800.37,1300.08,8003.00,71439.89,3700.66,100.00,100.00,0.00,0.00,100.00,0.00,0.00
1007.426,1300.08,1300.08,5001.17,53735.84,3300.52,0.00,0.00,0.00,0.00,100.00,0.00,0.00
1007.572,1000.05,700.02,4701.04,51826.37,3400.56,0.00,200.00,0.00,0.00,100.00,0.00,0.00
1007.718,2100.21,1000.05,5401.37,37566.44,1900.17,0.00,200.00,0.00,0.00,0.00,0.00,0.00
1007.864,2000.19,700.02,5401.37,26332.66,1900.17,0.00,100.00,0.00,0.00,0.00,0.00,100.00
1008.010,600.02,500.01,3100.45,24728.81,1500.11,0.00,0.00,0.00,100.00,0.00,0.00,0.00
1008.156,700.02,800.03,4300.87,19818.51,900.04,0.00,100.00,0.00,0.00,0.00,0.00,0.00
1008.302,600.02,1200.07,4801.08,16512.85,900.04,0.00,0.00,0.00,0.00,0.00,0.00,0.00
1008.448,400.01,900.04,2900.39,10905.61,1100.06,0.00,0.00,0.00,0.00,100.00,0.00,0.00
1008.594,200.00,900.04,3200.48,9404.17,400.01,0.00,0.00,0.00,0.00,0.00,0.00,0.00
1008.740,400.01,500.01,2700.34,9604.35,200.00,0.00,0.00,0.00,0.00,0.00,0.00,100.00
1008.886,0.00,1600.12,2300.25,8803.65,500.01,0.00,454569.83,0.00,0.00,0.00,0.00,0.00
1009.032,200.00,800.03,3100.45,4400.91,0.00,0.00,100.00,100.00,0.00,100.00,0.00,0.00
1009.178,200.00,1200.07,3200.48,5201.28,400.01,0.00,0.00,0.00,0.00,0.00,0.00,100.00
1009.324,300.00,1100.06,4200.83,3500.58,100.00,0.00,0.00,0.00,0.00,100.00,0.00,0.00
1009.470,400.01,1100.06,2700.34,6301.87,100.00,0.00,0.00,0.00,0.00,0.00,0.00,0.00
1009.616,0.00,1200.07,2800.37,3100.45,100.00,0.00,355942.12,0.00,0.00,300.00,200.00,0.00
1009.762,0.00,1200.07,2700.34,3100.45,100.00,0.00,0.00,0.00,0.00,0.00,0.00,0.00
1009.908,0.00,1700.14,2900.39,1600.12,0.00,0.00,100.00,0.00,0.00,100.00,0.00,0.00
1010.054,100.00,300.00,2900.39,1200.07,400.01,0.00,0.00,0.00,0.00,0.00,0.00,0.00
1010.201,100.00,1000.05,3300.51,1300.08,100.00,0.00,0.00,0.00,0.00,0.00,0.00,0.00
1010.347,0.00,800.03,3100.45,2300.25,200.00,0.00,100.00,0.00,0.00,0.00,0.00,100.00
1010.493,100.00,900.04,3800.68,1400.09,100.00,0.00,0.00,0.00,0.00,0.00,0.00,100.00
1010.639,0.00,1200.07,3400.54,1600.12,100.00,0.00,0.00,0.00,0.00,100.00,0.00,0.00
1010.785,0.00,900.04,3200.48,1200.07,0.00,0.00,0.00,0.00,0.00,100.00,0.00,0.00
1010.931,100.00,600.02,3000.42,800.03,0.00,0.00,0.00,0.00,0.00,0.00,0.00,0.00
1011.077,0.00,800.03,2600.32,1200.07,0.00,0.00,0.00,100.00,0.00,0.00,0.00,0.00
1011.223,0.00,800.03,2700.34,1500.11,100.00,0.00,0.00,0.00,0.00,0.00,0.00,0.00
1011.369,100.00,800.03,3900.71,1400.09,0.00,0.00,0.00,0.00,0.00,100.00,0.00,0.00
1011.515,0.00,1100.06,2700.34,900.04,0.00,0.00,0.00,0.00,0.00,0.00,0.00,0.00
1011.661,0.00,900.04,3200.48,300.00,100.00,0.00,0.00,0.00,0.00,100.00,100.00,0.00
1011.807,100.00,1100.06,3000.42,300.00,100.00,0.00,0.00,0.00,0.00,100.00,0.00,0.00
1011.953,100.00,1400.09,3800.68,1000.05,0.00,0.00,0.00,100.00,0.00,0.00,0.00,0.00
1012.099,0.00,1000.05,2100.21,0.00,0.00,0.00,0.00,0.00,0.00,0.00,0.00,0.00
1012.245,100.00,1300.08,1600.12,700.02,0.00,0.00,0.00,0.00,0.00,0.00,0.00,0.00
1012.391,0.00,1000.05,3000.42,400.01,0.00,0.00,0.00,0.00,0.00,0.00,0.00,0.00
1012.537,100.00,700.02,4000.75,400.01,100.00,0.00,0.00,0.00,0.00,0.00,0.00,0.00
1012.683,100.00,300.00,2900.39,500.01,0.00,0.00,100.00,0.00,0.00,100.00,0.00,0.00
1012.829,0.00,1000.05,3100.45,1100.06,100.00,100.00,0.00,0.00,0.00,0.00,0.00,0.00
1012.975,0.00,800.03,3400.54,200.00,0.00,0.00,0.00,0.00,200.00,0.00,100.00,0.00
1013.121,0.00,1000.05,700.02,500.01,0.00,0.00,0.00,0.00,0.00,0.00,0.00,0.00
1013.267,0.00,1100.06,4000.75,400.01,0.00,0.00,0.00,0.00,0.00,0.00,0.00,0.00
1013.413,100.00,1000.05,4500.95,300.00,0.00,0.00,0.00,0.00,0.00,0.00,0.00,0.00
1013.559,200.00,1000.05,2800.37,500.01,100.00,0.00,0.00,0.00,0.00,0.00,0.00,100.00
1013.705,100.00,700.02,2900.39,400.01,0.00,0.00,0.00,0.00,0.00,0.00,0.00,0.00
1013.851,0.00,1600.12,1800.15,300.00,0.00,100.00,0.00,0.00,0.00,100.00,0.00,0.00
1013.997,0.00,800.03,2100.21,0.00,0.00,0.00,0.00,0.00,0.00,0.00,0.00,0.00
1014.143,0.00,1100.06,2900.39,500.01,0.00,100.00,0.00,0.00,100.00,0.00,0.00,0.00
1014.289,0.00,900.04,3000.42,200.00,0.00,0.00,0.00,0.00,0.00,100.00,200.00,0.00
1014.435,100.00,900.04,2900.39,0.00,0.00,0.00,0.00,0.00,0.00,0.00,0.00,0.00
1014.581,0.00,500.01,2600.32,0.00,0.00,0.00,0.00,0.00,100.00,0.00,0.00,0.00
1014.727,0.00,1000.05,2200.23,0.00,0.00,0.00,0.00,0.00,0.00,0.00,0.00,0.00
1014.873,0.00,1100.06,2800.37,100.00,0.00,100.00,0.00,0.00,0.00,0.00,0.00,0.00
1015.019,100.00,600.02,2500.29,300.00,0.00,0.00,0.00,0.00,0.00,0.00,0.00,0.00
1015.165,100.00,1200.07,2500.29,100.00,0.00,100.00,0.00,0.00,0.00,100.00,0.00,0.00
1015.311,0.00,1200.07,3200.48,0.00,0.00,0.00,0.00,0.00,0.00,0.00,0.00,0.00
1015.457,0.00,1200.07,3400.54,400.01,0.00,0.00,0.00,0.00,0.00,0.00,0.00,0.00
1015.603,100.00,600.02,3100.45,300.00,0.00,0.00,0.00,0.00,0.00,0.00,100.00,0.00
1015.749,0.00,500.01,3800.68,0.00,0.00,300.00,0.00,0.00,0.00,0.00,0.00,0.00
1015.895,200.00,500.01,3000.42,300.00,0.00,0.00,0.00,0.00,0.00,0.00,0.00,0.00
1016.041,0.00,900.04,2200.23,0.00,0.00,0.00,0.00,0.00,0.00,300.00,0.00,0.00
1016.187,0.00,500.01,2500.29,0.00,0.00,0.00,0.00,0.00,0.00,0.00,0.00,0.00
1016.334,0.00,1200.07,2000.19,400.01,0.00,0.00,0.00,0.00,0.00,0.00,0.00,0.00
1016.480,100.00,1400.09,2500.29,0.00,200.00,0.00,0.00,0.00,0.00,0.00,0.00,0.00
1016.626,0.00,600.02,3700.64,0.00,0.00,0.00,0.00,0.00,0.00,0.00,100.00,0.00
1016.772,0.00,700.02,2300.25,100.00,0.00,0.00,0.00,0.00,0.00,0.00,0.00,0.00
1016.918,200.00,1100.06,3000.42,100.00,0.00,0.00,0.00,0.00,0.00,0.00,0.00,0.00
1017.064,0.00,1600.12,3400.54,100.00,0.00,0.00,0.00,0.00,0.00,100.00,0.00,0.00
1017.210,0.00,900.04,3100.45,0.00,0.00,0.00,0.00,0.00,0.00,100.00,0.00,0.00
1017.356,0.00,400.01,3300.51,0.00,0.00,0.00,0.00,0.00,0.00,100.00,0.00,0.00
1017.502,0.00,1400.09,2800.37,100.00,0.00,0.00,0.00,0.00,0.00,0.00,0.00,0.00
1017.648,0.00,800.03,3000.42,300.00,0.00,0.00,100.00,0.00,100.00,0.00,0.00,0.00
1017.794,100.00,1400.09,2900.39,100.00,0.00,0.00,0.00,0.00,0.00,0.00,0.00,0.00
1017.940,0.00,1100.06,3000.42,100.00,0.00,0.00,0.00,0.00,0.00,0.00,0.00,0.00
1018.086,0.00,1200.07,2400.27,200.00,0.00,100.00,0.00,0.00,0.00,0.00,0.00,0.00
1018.232,100.00,600.02,3500.57,100.00,0.00,0.00,0.00,0.00,0.00,0.00,0.00,0.00
1018.378,0.00,1300.08,3100.45,100.00,0.00,0.00,0.00,0.00,0.00,0.00,0.00,0.00
1018.524,0.00,1200.07,1700.14,0.00,0.00,0.00,0.00,0.00,0.00,0.00,0.00,0.00
1018.670,0.00,1000.05,3900.71,100.00,0.00,0.00,0.00,100.00,0.00,0.00,0.00,0.00
1018.816,0.00,900.04,3600.61,100.00,0.00,0.00,0.00,0.00,0.00,0.00,0.00,0.00
1018.962,0.00,1300.08,2200.23,100.00,0.00,0.00,0.00,0.00,0.00,0.00,0.00,0.00
1019.108,0.00,900.04,2700.34,0.00,0.00,0.00,0.00,0.00,0.00,0.00,0.00,0.00
1019.254,0.00,600.02,2300.25,200.00,0.00,0.00,0.00,0.00,0.00,0.00,0.00,0.00
1019.400,0.00,1200.07,2400.27,0.00,0.00,0.00,0.00,0.00,0.00,0.00,0.00,0.00
1019.546,0.00,500.01,3400.54,100.00,0.00,0.00,0.00,0.00,0.00,0.00,0.00,0.00
1019.692,0.00,700.02,3100.45,100.00,0.00,0.00,0.00,0.00,0.00,100.00,0.00,0.00
1019.838,200.00,800.03,3600.61,0.00,0.00,0.00,0.00,0.00,0.00,0.00,0.00,0.00
1019.984,100.00,400.01,3500.57,100.00,0.00,0.00,0.00,0.00,0.00,100.00,0.00,0.00
1020.130,0.00,1100.06,2600.32,200.00,0.00,0.00,100.00,0.00,0.00,0.00,0.00,0.00
1020.276,0.00,1200.07,2900.39,200.00,0.00,0.00,0.00,0.00,0.00,0.00,0.00,0.00
1020.422,0.00,1200.07,2400.27,0.00,0.00,0.00,0.00,0.00,0.00,0.00,0.00,0.00
1020.568,200.00,700.02,3000.42,100.00,100.00,0.00,0.00,0.00,0.00,0.00,0.00,0.00
1020.714,0.00,800.03,3000.42,100.00,0.00,0.00,0.00,0.00,100.00,0.00,0.00,0.00
1020.860,0.00,700.02,2700.34,400.01,0.00,0.00,0.00,0.00,0.00,0.00,0.00,0.00
1021.006,0.00,800.03,3200.48,0.00,0.00,0.00,0.00,0.00,0.00,200.00,0.00,0.00
1021.152,200.00,600.02,3200.48,500.01,0.00,0.00,0.00,0.00,0.00,100.00,0.00,0.00
